{ "type": "FeatureCollection", "features": [{"type":"Feature","id":1,"properties":{"_id":"6994c8da2a624140943f6abe","createdBy":"eBT9qSrxquPVguazo7MwJzzaf2p1","createdAt":"2026-02-17T20:00:26.677Z","updatedBy":"eBT9qSrxquPVguazo7MwJzzaf2p1","updatedAt":"2026-02-17T20:26:32.743Z","name":"BUDAPEST CTR","dataIngestion":true,"type":4,"icaoClass":3,"activity":0,"onDemand":false,"onRequest":false,"byNotam":false,"specialAgreement":false,"requestCompliance":false,"country":"HU","upperLimit":{"value":3500,"unit":1,"referenceDatum":1},"lowerLimit":{"value":0,"unit":1,"referenceDatum":0},"frequencies":[{"value":"118.715","primary":false,"unit":2,"name":"BUDAPEST TWR","_id":"6994ca7e2a624140943f9edf"}],"hoursOfOperation":{"operatingHours":[{"dayOfWeek":0,"startTime":"00:00","endTime":"00:00","byNotam":false,"sunrise":false,"sunset":false,"publicHolidaysExcluded":false},{"dayOfWeek":1,"startTime":"00:00","endTime":"00:00","byNotam":false,"sunrise":false,"sunset":false,"publicHolidaysExcluded":false},{"dayOfWeek":2,"startTime":"00:00","endTime":"00:00","byNotam":false,"sunrise":false,"sunset":false,"publicHolidaysExcluded":false},{"dayOfWeek":3,"startTime":"00:00","endTime":"00:00","byNotam":false,"sunrise":false,"sunset":false,"publicHolidaysExcluded":false},{"dayOfWeek":4,"startTime":"00:00","endTime":"00:00","byNotam":false,"sunrise":false,"sunset":false,"publicHolidaysExcluded":false},{"dayOfWeek":5,"startTime":"00:00","endTime":"00:00","byNotam":false,"sunrise":false,"sunset":false,"publicHolidaysExcluded":false},{"dayOfWeek":6,"startTime":"00:00","endTime":"00:00","byNotam":false,"sunrise":false,"sunset":false,"publicHolidaysExcluded":false}]},"deletable":true},"geometry":{"type":"Polygon","coordinates":[[[19.08972,47.59611],[19.05583,47.51056],[19.06,47.49472],[19.10528,47.43694],[19.11167,47.40278],[19.36056,47.24917],[19.39639,47.27556],[19.56667,47.4],[19.325,47.54167],[19.08972,47.59611]]]}}, {"type":"Feature","id":2,"properties":{"_id":"6994c8d82a624140943f68bd","createdBy":"eBT9qSrxquPVguazo7MwJzzaf2p1","createdAt":"2026-02-17T20:00:24.187Z","updatedBy":"eBT9qSrxquPVguazo7MwJzzaf2p1","updatedAt":"2026-02-17T20:05:27.202Z","name":"BUDAPEST TMA1","dataIngestion":true,"type":7,"icaoClass":2,"activity":0,"onDemand":false,"onRequest":false,"byNotam":false,"specialAgreement":false,"requestCompliance":false,"country":"HU","upperLimit":{"value":195,"unit":6,"referenceDatum":2},"lowerLimit":{"value":9500,"unit":1,"referenceDatum":1},"frequencies":[{"value":"122.980","primary":false,"unit":2,"name":"BUDAPEST APP","_id":"6994c8d82a624140943f68be"}],"hoursOfOperation":{"operatingHours":[{"dayOfWeek":0,"startTime":"00:00","endTime":"00:00","byNotam":false,"sunrise":false,"sunset":false,"publicHolidaysExcluded":false},{"dayOfWeek":1,"startTime":"00:00","endTime":"00:00","byNotam":false,"sunrise":false,"sunset":false,"publicHolidaysExcluded":false},{"dayOfWeek":2,"startTime":"00:00","endTime":"00:00","byNotam":false,"sunrise":false,"sunset":false,"publicHolidaysExcluded":false},{"dayOfWeek":3,"startTime":"00:00","endTime":"00:00","byNotam":false,"sunrise":false,"sunset":false,"publicHolidaysExcluded":false},{"dayOfWeek":4,"startTime":"00:00","endTime":"00:00","byNotam":false,"sunrise":false,"sunset":false,"publicHolidaysExcluded":false},{"dayOfWeek":5,"startTime":"00:00","endTime":"00:00","byNotam":false,"sunrise":false,"sunset":false,"publicHolidaysExcluded":false},{"dayOfWeek":6,"startTime":"00:00","endTime":"00:00","byNotam":false,"sunrise":false,"sunset":false,"publicHolidaysExcluded":false}]},"deletable":true},"geometry":{"type":"Polygon","coordinates":[[[18.29556,47.33639],[18.37,47.03889],[19.00861,46.89361],[18.90583,46.95722],[18.29556,47.33639]]]}}, {"type":"Feature","id":3,"properties":{"_id":"6994c8d82a624140943f68c1","createdBy":"eBT9qSrxquPVguazo7MwJzzaf2p1","createdAt":"2026-02-17T20:00:24.226Z","updatedBy":"eBT9qSrxquPVguazo7MwJzzaf2p1","updatedAt":"2026-02-17T20:05:27.325Z","name":"BUDAPEST TMA2/A","dataIngestion":true,"type":7,"icaoClass":2,"activity":0,"onDemand":false,"onRequest":false,"byNotam":false,"specialAgreement":false,"requestCompliance":false,"country":"HU","upperLimit":{"value":195,"unit":6,"referenceDatum":2},"lowerLimit":{"value":5500,"unit":1,"referenceDatum":1},"frequencies":[{"value":"122.980","primary":false,"unit":2,"name":"BUDAPEST APP","_id":"6994c8d82a624140943f68c2"}],"hoursOfOperation":{"operatingHours":[{"dayOfWeek":0,"startTime":"00:00","endTime":"00:00","byNotam":false,"sunrise":false,"sunset":false,"publicHolidaysExcluded":false},{"dayOfWeek":1,"startTime":"00:00","endTime":"00:00","byNotam":false,"sunrise":false,"sunset":false,"publicHolidaysExcluded":false},{"dayOfWeek":2,"startTime":"00:00","endTime":"00:00","byNotam":false,"sunrise":false,"sunset":false,"publicHolidaysExcluded":false},{"dayOfWeek":3,"startTime":"00:00","endTime":"00:00","byNotam":false,"sunrise":false,"sunset":false,"publicHolidaysExcluded":false},{"dayOfWeek":4,"startTime":"00:00","endTime":"00:00","byNotam":false,"sunrise":false,"sunset":false,"publicHolidaysExcluded":false},{"dayOfWeek":5,"startTime":"00:00","endTime":"00:00","byNotam":false,"sunrise":false,"sunset":false,"publicHolidaysExcluded":false},{"dayOfWeek":6,"startTime":"00:00","endTime":"00:00","byNotam":false,"sunrise":false,"sunset":false,"publicHolidaysExcluded":false}]},"deletable":true},"geometry":{"type":"Polygon","coordinates":[[[18.25833,47.73861],[18.25861,47.48333],[18.27833,47.40583],[18.29556,47.33639],[18.39556,47.27417],[18.49556,47.21222],[18.69556,47.08778],[18.74583,47.05667],[18.9775,47.22833],[18.84139,47.31222],[18.69444,47.4025],[18.65778,47.42528],[18.65778,47.61472],[18.85778,47.76306],[18.93694,47.82194],[19.255,47.81861],[19.53722,47.64306],[19.77444,47.81833],[19.33806,48.08861],[19.32944,48.09028],[19.31639,48.08722],[19.31167,48.08722],[19.30306,48.08861],[19.28361,48.08194],[19.28,48.07611],[19.27583,48.07361],[19.26694,48.07417],[19.25722,48.07222],[19.25389,48.07028],[19.24944,48.06444],[19.24833,48.06167],[19.24778,48.0575],[19.24361,48.05417],[19.23944,48.05361],[19.22889,48.05611],[19.22639,48.05778],[19.22167,48.06222],[19.21694,48.06278],[19.21083,48.06417],[19.20444,48.06306],[19.20056,48.06306],[19.18806,48.06028],[19.18417,48.06139],[19.17917,48.06139],[19.17417,48.06333],[19.16722,48.06528],[19.15972,48.065],[19.15583,48.06556],[19.15028,48.06667],[19.145,48.06861],[19.14361,48.07167],[19.13917,48.0725],[19.13667,48.07361],[19.1325,48.07333],[19.12778,48.07361],[19.12444,48.07111],[19.12139,48.06972],[19.11889,48.06639],[19.11639,48.06611],[19.11139,48.06639],[19.10667,48.06556],[19.09889,48.06722],[19.09472,48.07],[19.0875,48.07278],[19.08333,48.07222],[19.07917,48.06944],[19.07833,48.06722],[19.07083,48.06472],[19.06917,48.065],[19.06694,48.06417],[19.06361,48.0625],[19.06,48.0575],[19.05778,48.0575],[19.05222,48.06167],[19.04806,48.06528],[19.04444,48.06611],[19.04139,48.065],[19.03917,48.065],[19.03778,48.06472],[19.03667,48.06639],[19.03333,48.06417],[19.03333,48.06639],[19.03111,48.06778],[19.03028,48.06694],[19.02944,48.06861],[19.02722,48.07],[19.025,48.07222],[19.02194,48.07222],[19.02028,48.0725],[19.02083,48.07389],[19.0175,48.075],[19.01722,48.07583],[19.01444,48.07583],[19.01722,48.0775],[19.01472,48.07806],[19.01278,48.07611],[19.01056,48.07528],[19.00917,48.07611],[19.00917,48.07444],[19.0125,48.07333],[19.01056,48.07306],[19.00861,48.07361],[19.0075,48.0725],[19.00917,48.07056],[19.0075,48.07],[19.00472,48.06972],[18.99667,48.06806],[18.995,48.06694],[18.99167,48.06444],[18.99194,48.0625],[18.99028,48.06167],[18.9925,48.06083],[18.98972,48.05889],[18.99111,48.05778],[18.98806,48.05722],[18.98694,48.05583],[18.98417,48.055],[18.98222,48.05389],[18.98028,48.05361],[18.97611,48.05639],[18.97389,48.055],[18.97139,48.05583],[18.96972,48.0575],[18.96722,48.05694],[18.96528,48.05694],[18.96028,48.05833],[18.94722,48.05806],[18.93778,48.05861],[18.92778,48.05694],[18.91611,48.05278],[18.90889,48.05111],[18.89306,48.055],[18.89139,48.05417],[18.88944,48.05667],[18.88583,48.05722],[18.88333,48.05167],[18.885,48.05028],[18.88417,48.05056],[18.88278,48.05056],[18.88111,48.04944],[18.87806,48.04917],[18.87528,48.04861],[18.86,48.05],[18.85361,48.04778],[18.85167,48.04972],[18.84556,48.0525],[18.83778,48.04667],[18.82889,48.04139],[18.82194,48.0425],[18.82056,48.03833],[18.82139,48.03694],[18.82444,48.03583],[18.82583,48.03389],[18.82611,48.03056],[18.82389,48.02722],[18.81972,48.02444],[18.81639,48.0225],[18.81528,48.02083],[18.81722,48.015],[18.81694,48.01139],[18.81917,48.00917],[18.82083,48.00611],[18.81917,48.00333],[18.81722,48.00083],[18.8175,47.99861],[18.81556,47.99694],[18.8175,47.99639],[18.81333,47.99194],[18.80556,47.98722],[18.79917,47.985],[18.78583,47.98667],[18.77722,47.98417],[18.77417,47.98389],[18.76972,47.98528],[18.76639,47.98417],[18.76167,47.98056],[18.75667,47.97778],[18.755,47.97611],[18.75639,47.97083],[18.76472,47.96611],[18.77167,47.9625],[18.775,47.95722],[18.77639,47.95556],[18.77583,47.95333],[18.77222,47.95083],[18.77167,47.94833],[18.77278,47.94444],[18.77222,47.94139],[18.77333,47.93639],[18.77278,47.93194],[18.77028,47.92944],[18.76667,47.92667],[18.75972,47.92194],[18.75778,47.92],[18.75806,47.91583],[18.76167,47.91194],[18.7625,47.90944],[18.76111,47.90889],[18.75889,47.9075],[18.75861,47.90556],[18.75972,47.90417],[18.76194,47.90306],[18.76,47.90194],[18.75722,47.89861],[18.75667,47.89667],[18.76028,47.89556],[18.76111,47.89028],[18.76194,47.88917],[18.76444,47.88139],[18.76333,47.87778],[18.76389,47.875],[18.76333,47.87139],[18.7675,47.87194],[18.76917,47.87139],[18.76833,47.86889],[18.77028,47.86833],[18.77472,47.86861],[18.77722,47.86944],[18.77861,47.86917],[18.78083,47.86694],[18.78167,47.86528],[18.78528,47.86583],[18.79222,47.86528],[18.795,47.85917],[18.8025,47.85667],[18.8125,47.85556],[18.81556,47.85389],[18.82194,47.85],[18.82194,47.84583],[18.8225,47.84194],[18.82806,47.83722],[18.8275,47.83444],[18.83111,47.8325],[18.83778,47.82944],[18.84056,47.82861],[18.84861,47.82972],[18.85139,47.82972],[18.85194,47.82861],[18.85333,47.8275],[18.85583,47.82694],[18.85194,47.82278],[18.84889,47.82028],[18.84833,47.81833],[18.83972,47.81694],[18.81694,47.81833],[18.80972,47.82083],[18.79278,47.82306],[18.77278,47.82],[18.76611,47.81694],[18.74194,47.81361],[18.73333,47.80889],[18.73056,47.80222],[18.73028,47.79417],[18.72556,47.78889],[18.71444,47.78333],[18.70833,47.78222],[18.69889,47.77583],[18.67278,47.76556],[18.65917,47.76167],[18.64611,47.75889],[18.6375,47.75917],[18.61806,47.7575],[18.59917,47.76],[18.57389,47.76472],[18.56083,47.76583],[18.55083,47.76417],[18.5375,47.76389],[18.52694,47.75861],[18.50278,47.75333],[18.49,47.75278],[18.48417,47.755],[18.46889,47.76306],[18.45861,47.76472],[18.45056,47.76417],[18.43944,47.76],[18.42889,47.755],[18.38722,47.75],[18.37278,47.74472],[18.36611,47.74361],[18.32861,47.73639],[18.31083,47.73389],[18.29694,47.73139],[18.28778,47.73139],[18.27417,47.73361],[18.26806,47.73667],[18.25833,47.73861]]]}}, {"type":"Feature","id":4,"properties":{"_id":"6994c8d82a624140943f68c6","createdBy":"eBT9qSrxquPVguazo7MwJzzaf2p1","createdAt":"2026-02-17T20:00:24.867Z","updatedBy":"eBT9qSrxquPVguazo7MwJzzaf2p1","updatedAt":"2026-02-17T20:05:27.438Z","name":"BUDAPEST TMA2/B","dataIngestion":true,"type":7,"icaoClass":2,"activity":0,"onDemand":false,"onRequest":false,"byNotam":false,"specialAgreement":false,"requestCompliance":false,"country":"HU","upperLimit":{"value":195,"unit":6,"referenceDatum":2},"lowerLimit":{"value":5500,"unit":1,"referenceDatum":1},"frequencies":[{"value":"122.980","primary":false,"unit":2,"name":"BUDAPEST APP","_id":"6994c8d82a624140943f68c7"}],"hoursOfOperation":{"operatingHours":[{"dayOfWeek":0,"startTime":"00:00","endTime":"00:00","byNotam":false,"sunrise":false,"sunset":false,"publicHolidaysExcluded":false},{"dayOfWeek":1,"startTime":"00:00","endTime":"00:00","byNotam":false,"sunrise":false,"sunset":false,"publicHolidaysExcluded":false},{"dayOfWeek":2,"startTime":"00:00","endTime":"00:00","byNotam":false,"sunrise":false,"sunset":false,"publicHolidaysExcluded":false},{"dayOfWeek":3,"startTime":"00:00","endTime":"00:00","byNotam":false,"sunrise":false,"sunset":false,"publicHolidaysExcluded":false},{"dayOfWeek":4,"startTime":"00:00","endTime":"00:00","byNotam":false,"sunrise":false,"sunset":false,"publicHolidaysExcluded":false},{"dayOfWeek":5,"startTime":"00:00","endTime":"00:00","byNotam":false,"sunrise":false,"sunset":false,"publicHolidaysExcluded":false},{"dayOfWeek":6,"startTime":"00:00","endTime":"00:00","byNotam":false,"sunrise":false,"sunset":false,"publicHolidaysExcluded":false}]},"deletable":true},"geometry":{"type":"Polygon","coordinates":[[[18.9775,47.22833],[18.74583,47.05667],[18.90583,46.95722],[19.00861,46.89361],[19.39694,46.80528],[19.86,46.88],[20.23139,47.15361],[20.23194,47.25806],[20.23278,47.53333],[19.99444,47.68111],[19.77444,47.81833],[19.53722,47.64306],[20.05056,47.32417],[19.49278,46.91139],[19.2475,47.0625],[18.9775,47.22833]]]}}, {"type":"Feature","id":5,"properties":{"_id":"6994c8d82a624140943f68cb","createdBy":"eBT9qSrxquPVguazo7MwJzzaf2p1","createdAt":"2026-02-17T20:00:24.945Z","updatedBy":"eBT9qSrxquPVguazo7MwJzzaf2p1","updatedAt":"2026-02-17T20:05:27.552Z","name":"BUDAPEST TMA3","dataIngestion":true,"type":7,"icaoClass":2,"activity":0,"onDemand":false,"onRequest":false,"byNotam":false,"specialAgreement":false,"requestCompliance":false,"country":"HU","upperLimit":{"value":195,"unit":6,"referenceDatum":2},"lowerLimit":{"value":3500,"unit":1,"referenceDatum":1},"frequencies":[{"value":"122.980","primary":false,"unit":2,"name":"BUDAPEST APP","_id":"6994c8d82a624140943f68cc"}],"hoursOfOperation":{"operatingHours":[{"dayOfWeek":0,"startTime":"00:00","endTime":"00:00","byNotam":false,"sunrise":false,"sunset":false,"publicHolidaysExcluded":false},{"dayOfWeek":1,"startTime":"00:00","endTime":"00:00","byNotam":false,"sunrise":false,"sunset":false,"publicHolidaysExcluded":false},{"dayOfWeek":2,"startTime":"00:00","endTime":"00:00","byNotam":false,"sunrise":false,"sunset":false,"publicHolidaysExcluded":false},{"dayOfWeek":3,"startTime":"00:00","endTime":"00:00","byNotam":false,"sunrise":false,"sunset":false,"publicHolidaysExcluded":false},{"dayOfWeek":4,"startTime":"00:00","endTime":"00:00","byNotam":false,"sunrise":false,"sunset":false,"publicHolidaysExcluded":false},{"dayOfWeek":5,"startTime":"00:00","endTime":"00:00","byNotam":false,"sunrise":false,"sunset":false,"publicHolidaysExcluded":false},{"dayOfWeek":6,"startTime":"00:00","endTime":"00:00","byNotam":false,"sunrise":false,"sunset":false,"publicHolidaysExcluded":false}]},"deletable":true},"geometry":{"type":"Polygon","coordinates":[[[18.93694,47.82194],[18.65778,47.61472],[18.65778,47.42528],[18.69444,47.4025],[18.84139,47.31222],[18.9775,47.22833],[19.11778,47.33222],[19.02083,47.405],[18.99444,47.42361],[19.00806,47.46972],[19.015,47.4925],[18.9975,47.51583],[18.8625,47.59889],[18.98056,47.68639],[19.10278,47.61111],[19.175,47.6],[19.33556,47.5775],[19.39722,47.53917],[19.53722,47.64306],[19.255,47.81861],[18.93694,47.82194]]]}}, {"type":"Feature","id":6,"properties":{"_id":"6994c8d92a624140943f68cf","createdBy":"eBT9qSrxquPVguazo7MwJzzaf2p1","createdAt":"2026-02-17T20:00:25.029Z","updatedBy":"eBT9qSrxquPVguazo7MwJzzaf2p1","updatedAt":"2026-02-17T20:05:27.662Z","name":"BUDAPEST TMA4","dataIngestion":true,"type":7,"icaoClass":2,"activity":0,"onDemand":false,"onRequest":false,"byNotam":false,"specialAgreement":false,"requestCompliance":false,"country":"HU","upperLimit":{"value":195,"unit":6,"referenceDatum":2},"lowerLimit":{"value":2500,"unit":1,"referenceDatum":1},"frequencies":[{"value":"122.980","primary":false,"unit":2,"name":"BUDAPEST APP","_id":"6994c8d92a624140943f68d0"}],"hoursOfOperation":{"operatingHours":[{"dayOfWeek":0,"startTime":"00:00","endTime":"00:00","byNotam":false,"sunrise":false,"sunset":false,"publicHolidaysExcluded":false},{"dayOfWeek":1,"startTime":"00:00","endTime":"00:00","byNotam":false,"sunrise":false,"sunset":false,"publicHolidaysExcluded":false},{"dayOfWeek":2,"startTime":"00:00","endTime":"00:00","byNotam":false,"sunrise":false,"sunset":false,"publicHolidaysExcluded":false},{"dayOfWeek":3,"startTime":"00:00","endTime":"00:00","byNotam":false,"sunrise":false,"sunset":false,"publicHolidaysExcluded":false},{"dayOfWeek":4,"startTime":"00:00","endTime":"00:00","byNotam":false,"sunrise":false,"sunset":false,"publicHolidaysExcluded":false},{"dayOfWeek":5,"startTime":"00:00","endTime":"00:00","byNotam":false,"sunrise":false,"sunset":false,"publicHolidaysExcluded":false},{"dayOfWeek":6,"startTime":"00:00","endTime":"00:00","byNotam":false,"sunrise":false,"sunset":false,"publicHolidaysExcluded":false}]},"deletable":true},"geometry":{"type":"Polygon","coordinates":[[[18.98056,47.68639],[18.8625,47.59889],[18.9975,47.51583],[19.08417,47.6225],[18.98056,47.68639]]]}}, {"type":"Feature","id":7,"properties":{"_id":"6994c8d92a624140943f68d3","createdBy":"eBT9qSrxquPVguazo7MwJzzaf2p1","createdAt":"2026-02-17T20:00:25.043Z","updatedBy":"eBT9qSrxquPVguazo7MwJzzaf2p1","updatedAt":"2026-02-17T20:05:27.765Z","name":"BUDAPEST TMA5","dataIngestion":true,"type":7,"icaoClass":2,"activity":0,"onDemand":false,"onRequest":false,"byNotam":false,"specialAgreement":false,"requestCompliance":false,"country":"HU","upperLimit":{"value":195,"unit":6,"referenceDatum":2},"lowerLimit":{"value":2000,"unit":1,"referenceDatum":1},"frequencies":[{"value":"122.980","primary":false,"unit":2,"name":"BUDAPEST APP","_id":"6994c8d92a624140943f68d4"}],"hoursOfOperation":{"operatingHours":[{"dayOfWeek":0,"startTime":"00:00","endTime":"00:00","byNotam":false,"sunrise":false,"sunset":false,"publicHolidaysExcluded":false},{"dayOfWeek":1,"startTime":"00:00","endTime":"00:00","byNotam":false,"sunrise":false,"sunset":false,"publicHolidaysExcluded":false},{"dayOfWeek":2,"startTime":"00:00","endTime":"00:00","byNotam":false,"sunrise":false,"sunset":false,"publicHolidaysExcluded":false},{"dayOfWeek":3,"startTime":"00:00","endTime":"00:00","byNotam":false,"sunrise":false,"sunset":false,"publicHolidaysExcluded":false},{"dayOfWeek":4,"startTime":"00:00","endTime":"00:00","byNotam":false,"sunrise":false,"sunset":false,"publicHolidaysExcluded":false},{"dayOfWeek":5,"startTime":"00:00","endTime":"00:00","byNotam":false,"sunrise":false,"sunset":false,"publicHolidaysExcluded":false},{"dayOfWeek":6,"startTime":"00:00","endTime":"00:00","byNotam":false,"sunrise":false,"sunset":false,"publicHolidaysExcluded":false}]},"deletable":true},"geometry":{"type":"Polygon","coordinates":[[[19.08417,47.6225],[18.9975,47.51583],[19.015,47.4925],[19.00806,47.46972],[18.99444,47.42361],[19.02083,47.405],[19.11778,47.33222],[19.38861,47.16528],[19.66667,47.37167],[19.33556,47.5775],[19.175,47.6],[19.10278,47.61111],[19.08417,47.6225]]]}}, {"type":"Feature","id":8,"properties":{"_id":"6994c8d92a624140943f68d7","createdBy":"eBT9qSrxquPVguazo7MwJzzaf2p1","createdAt":"2026-02-17T20:00:25.055Z","updatedBy":"eBT9qSrxquPVguazo7MwJzzaf2p1","updatedAt":"2026-02-17T20:05:27.865Z","name":"BUDAPEST TMA6","dataIngestion":true,"type":7,"icaoClass":2,"activity":0,"onDemand":false,"onRequest":false,"byNotam":false,"specialAgreement":false,"requestCompliance":false,"country":"HU","upperLimit":{"value":195,"unit":6,"referenceDatum":2},"lowerLimit":{"value":2500,"unit":1,"referenceDatum":1},"frequencies":[{"value":"122.980","primary":false,"unit":2,"name":"BUDAPEST APP","_id":"6994c8d92a624140943f68d8"}],"hoursOfOperation":{"operatingHours":[{"dayOfWeek":0,"startTime":"00:00","endTime":"00:00","byNotam":false,"sunrise":false,"sunset":false,"publicHolidaysExcluded":false},{"dayOfWeek":1,"startTime":"00:00","endTime":"00:00","byNotam":false,"sunrise":false,"sunset":false,"publicHolidaysExcluded":false},{"dayOfWeek":2,"startTime":"00:00","endTime":"00:00","byNotam":false,"sunrise":false,"sunset":false,"publicHolidaysExcluded":false},{"dayOfWeek":3,"startTime":"00:00","endTime":"00:00","byNotam":false,"sunrise":false,"sunset":false,"publicHolidaysExcluded":false},{"dayOfWeek":4,"startTime":"00:00","endTime":"00:00","byNotam":false,"sunrise":false,"sunset":false,"publicHolidaysExcluded":false},{"dayOfWeek":5,"startTime":"00:00","endTime":"00:00","byNotam":false,"sunrise":false,"sunset":false,"publicHolidaysExcluded":false},{"dayOfWeek":6,"startTime":"00:00","endTime":"00:00","byNotam":false,"sunrise":false,"sunset":false,"publicHolidaysExcluded":false}]},"deletable":true},"geometry":{"type":"Polygon","coordinates":[[[19.53722,47.64306],[19.39722,47.53917],[19.66667,47.37167],[19.38861,47.16528],[19.11778,47.33222],[18.9775,47.22833],[19.2475,47.0625],[19.49278,46.91139],[20.05056,47.32417],[19.53722,47.64306]]]}}, {"type":"Feature","id":9,"properties":{"_id":"6994c8da2a624140943f6ae6","createdBy":"eBT9qSrxquPVguazo7MwJzzaf2p1","createdAt":"2026-02-17T20:00:26.838Z","updatedBy":"eBT9qSrxquPVguazo7MwJzzaf2p1","updatedAt":"2026-02-17T20:26:32.691Z","name":"BÉKÉSCSABA TIZ","dataIngestion":true,"type":23,"icaoClass":6,"activity":0,"onDemand":false,"onRequest":false,"byNotam":false,"specialAgreement":false,"requestCompliance":false,"country":"HU","upperLimit":{"value":4000,"unit":1,"referenceDatum":1},"lowerLimit":{"value":0,"unit":1,"referenceDatum":0},"frequencies":[{"value":"123.260","primary":false,"unit":2,"name":"BÉKÉSCSABA INFO","_id":"6994cc712a624140943faa31"}],"hoursOfOperation":{"operatingHours":[{"dayOfWeek":0,"startTime":"00:00","endTime":"00:00","byNotam":false,"sunrise":false,"sunset":false,"publicHolidaysExcluded":false},{"dayOfWeek":1,"startTime":"00:00","endTime":"00:00","byNotam":false,"sunrise":false,"sunset":false,"publicHolidaysExcluded":false},{"dayOfWeek":2,"startTime":"00:00","endTime":"00:00","byNotam":false,"sunrise":false,"sunset":false,"publicHolidaysExcluded":false},{"dayOfWeek":3,"startTime":"00:00","endTime":"00:00","byNotam":false,"sunrise":false,"sunset":false,"publicHolidaysExcluded":false},{"dayOfWeek":4,"startTime":"00:00","endTime":"00:00","byNotam":false,"sunrise":false,"sunset":false,"publicHolidaysExcluded":false},{"dayOfWeek":5,"startTime":"00:00","endTime":"00:00","byNotam":false,"sunrise":false,"sunset":false,"publicHolidaysExcluded":false},{"dayOfWeek":6,"startTime":"00:00","endTime":"00:00","byNotam":false,"sunrise":false,"sunset":false,"publicHolidaysExcluded":false}]},"deletable":true},"geometry":{"type":"Polygon","coordinates":[[[21.39028,46.89472],[21.09833,46.87583],[20.88583,46.58611],[20.96111,46.42472],[21.21861,46.44139],[21.28083,46.47694],[21.27444,46.47639],[21.27306,46.48333],[21.26917,46.48806],[21.26306,46.49694],[21.26056,46.50194],[21.2625,46.50528],[21.27639,46.535],[21.27417,46.54056],[21.28028,46.545],[21.28972,46.54444],[21.29167,46.54722],[21.29389,46.55222],[21.2975,46.55361],[21.305,46.56056],[21.30361,46.56444],[21.305,46.56611],[21.30778,46.56806],[21.31444,46.575],[21.32056,46.58278],[21.31611,46.58556],[21.31389,46.58417],[21.30861,46.5875],[21.30667,46.58667],[21.30111,46.59083],[21.30306,46.59472],[21.30694,46.59861],[21.30694,46.60194],[21.30861,46.60583],[21.31056,46.60833],[21.31389,46.61528],[21.31444,46.61778],[21.325,46.62806],[21.33,46.63139],[21.335,46.62917],[21.33917,46.63],[21.34778,46.63139],[21.34917,46.63083],[21.40722,46.77028],[21.39028,46.89472]]]}}, {"type":"Feature","id":10,"properties":{"_id":"6994c8d92a624140943f6913","createdBy":"eBT9qSrxquPVguazo7MwJzzaf2p1","createdAt":"2026-02-17T20:00:25.228Z","updatedBy":"eBT9qSrxquPVguazo7MwJzzaf2p1","updatedAt":"2026-02-17T20:05:29.359Z","name":"DEBRECEN RMZ1","dataIngestion":true,"type":6,"icaoClass":6,"activity":0,"onDemand":false,"onRequest":false,"byNotam":false,"specialAgreement":false,"requestCompliance":false,"country":"HU","upperLimit":{"value":2000,"unit":1,"referenceDatum":1},"lowerLimit":{"value":0,"unit":1,"referenceDatum":0},"frequencies":[{"value":"125.910","primary":false,"unit":2,"name":"DEBRECEN INFO","_id":"6994c8d92a624140943f6914"}],"hoursOfOperation":{"operatingHours":[{"dayOfWeek":0,"startTime":"00:00","endTime":"00:00","byNotam":false,"sunrise":false,"sunset":false,"publicHolidaysExcluded":false},{"dayOfWeek":1,"startTime":"00:00","endTime":"00:00","byNotam":false,"sunrise":false,"sunset":false,"publicHolidaysExcluded":false},{"dayOfWeek":2,"startTime":"00:00","endTime":"00:00","byNotam":false,"sunrise":false,"sunset":false,"publicHolidaysExcluded":false},{"dayOfWeek":3,"startTime":"00:00","endTime":"00:00","byNotam":false,"sunrise":false,"sunset":false,"publicHolidaysExcluded":false},{"dayOfWeek":4,"startTime":"00:00","endTime":"00:00","byNotam":false,"sunrise":false,"sunset":false,"publicHolidaysExcluded":false},{"dayOfWeek":5,"startTime":"00:00","endTime":"00:00","byNotam":false,"sunrise":false,"sunset":false,"publicHolidaysExcluded":false},{"dayOfWeek":6,"startTime":"00:00","endTime":"00:00","byNotam":false,"sunrise":false,"sunset":false,"publicHolidaysExcluded":false}]},"deletable":true},"geometry":{"type":"Polygon","coordinates":[[[21.79556,47.65222],[21.38111,47.40917],[21.51056,47.31194],[21.9175,47.56056],[21.79556,47.65222]]]}}, {"type":"Feature","id":11,"properties":{"_id":"6994c8d92a624140943f691b","createdBy":"eBT9qSrxquPVguazo7MwJzzaf2p1","createdAt":"2026-02-17T20:00:25.247Z","updatedBy":"eBT9qSrxquPVguazo7MwJzzaf2p1","updatedAt":"2026-02-17T20:05:29.533Z","name":"DEBRECEN RMZ2","dataIngestion":true,"type":6,"icaoClass":6,"activity":0,"onDemand":false,"onRequest":false,"byNotam":false,"specialAgreement":false,"requestCompliance":false,"country":"HU","upperLimit":{"value":9500,"unit":1,"referenceDatum":1},"lowerLimit":{"value":2000,"unit":1,"referenceDatum":1},"frequencies":[{"value":"125.910","primary":false,"unit":2,"name":"DEBRECEN INFO","_id":"6994c8d92a624140943f691c"}],"hoursOfOperation":{"operatingHours":[{"dayOfWeek":0,"startTime":"00:00","endTime":"00:00","byNotam":false,"sunrise":false,"sunset":false,"publicHolidaysExcluded":false},{"dayOfWeek":1,"startTime":"00:00","endTime":"00:00","byNotam":false,"sunrise":false,"sunset":false,"publicHolidaysExcluded":false},{"dayOfWeek":2,"startTime":"00:00","endTime":"00:00","byNotam":false,"sunrise":false,"sunset":false,"publicHolidaysExcluded":false},{"dayOfWeek":3,"startTime":"00:00","endTime":"00:00","byNotam":false,"sunrise":false,"sunset":false,"publicHolidaysExcluded":false},{"dayOfWeek":4,"startTime":"00:00","endTime":"00:00","byNotam":false,"sunrise":false,"sunset":false,"publicHolidaysExcluded":false},{"dayOfWeek":5,"startTime":"00:00","endTime":"00:00","byNotam":false,"sunrise":false,"sunset":false,"publicHolidaysExcluded":false},{"dayOfWeek":6,"startTime":"00:00","endTime":"00:00","byNotam":false,"sunrise":false,"sunset":false,"publicHolidaysExcluded":false}]},"deletable":true},"geometry":{"type":"Polygon","coordinates":[[[21.83583,47.69083],[21.54528,47.54528],[21.29528,47.40056],[21.43639,47.19833],[21.72472,47.17222],[22.01639,47.51722],[21.83583,47.69083]]]}}, {"type":"Feature","id":12,"properties":{"_id":"6994c8d92a624140943f6923","createdBy":"eBT9qSrxquPVguazo7MwJzzaf2p1","createdAt":"2026-02-17T20:00:25.267Z","updatedBy":"eBT9qSrxquPVguazo7MwJzzaf2p1","updatedAt":"2026-02-17T20:05:29.704Z","name":"DEBRECEN RMZ3","dataIngestion":true,"type":6,"icaoClass":6,"activity":0,"onDemand":false,"onRequest":false,"byNotam":false,"specialAgreement":false,"requestCompliance":false,"country":"HU","upperLimit":{"value":9500,"unit":1,"referenceDatum":1},"lowerLimit":{"value":5000,"unit":1,"referenceDatum":1},"frequencies":[{"value":"125.910","primary":false,"unit":2,"name":"DEBRECEN INFO","_id":"6994c8d92a624140943f6924"}],"hoursOfOperation":{"operatingHours":[{"dayOfWeek":0,"startTime":"00:00","endTime":"00:00","byNotam":false,"sunrise":false,"sunset":false,"publicHolidaysExcluded":false},{"dayOfWeek":1,"startTime":"00:00","endTime":"00:00","byNotam":false,"sunrise":false,"sunset":false,"publicHolidaysExcluded":false},{"dayOfWeek":2,"startTime":"00:00","endTime":"00:00","byNotam":false,"sunrise":false,"sunset":false,"publicHolidaysExcluded":false},{"dayOfWeek":3,"startTime":"00:00","endTime":"00:00","byNotam":false,"sunrise":false,"sunset":false,"publicHolidaysExcluded":false},{"dayOfWeek":4,"startTime":"00:00","endTime":"00:00","byNotam":false,"sunrise":false,"sunset":false,"publicHolidaysExcluded":false},{"dayOfWeek":5,"startTime":"00:00","endTime":"00:00","byNotam":false,"sunrise":false,"sunset":false,"publicHolidaysExcluded":false},{"dayOfWeek":6,"startTime":"00:00","endTime":"00:00","byNotam":false,"sunrise":false,"sunset":false,"publicHolidaysExcluded":false}]},"deletable":true},"geometry":{"type":"Polygon","coordinates":[[[21.62278,47.78833],[21.56083,47.76639],[21.54528,47.54528],[21.83583,47.69083],[21.62278,47.78833]]]}}, {"type":"Feature","id":13,"properties":{"_id":"6994c8da2a624140943f6ac2","createdBy":"eBT9qSrxquPVguazo7MwJzzaf2p1","createdAt":"2026-02-17T20:00:26.688Z","updatedBy":"eBT9qSrxquPVguazo7MwJzzaf2p1","updatedAt":"2026-02-17T20:05:43.355Z","name":"DEBRECEN TIZ1","dataIngestion":true,"type":23,"icaoClass":6,"activity":0,"onDemand":false,"onRequest":false,"byNotam":false,"specialAgreement":false,"requestCompliance":false,"country":"HU","upperLimit":{"value":2000,"unit":1,"referenceDatum":1},"lowerLimit":{"value":0,"unit":1,"referenceDatum":0},"frequencies":[{"value":"125.910","primary":false,"unit":2,"name":"DEBRECEN INFO","_id":"6994c8da2a624140943f6ac3"}],"hoursOfOperation":{"operatingHours":[{"dayOfWeek":0,"startTime":"00:00","endTime":"00:00","byNotam":false,"sunrise":false,"sunset":false,"publicHolidaysExcluded":false},{"dayOfWeek":1,"startTime":"00:00","endTime":"00:00","byNotam":false,"sunrise":false,"sunset":false,"publicHolidaysExcluded":false},{"dayOfWeek":2,"startTime":"00:00","endTime":"00:00","byNotam":false,"sunrise":false,"sunset":false,"publicHolidaysExcluded":false},{"dayOfWeek":3,"startTime":"00:00","endTime":"00:00","byNotam":false,"sunrise":false,"sunset":false,"publicHolidaysExcluded":false},{"dayOfWeek":4,"startTime":"00:00","endTime":"00:00","byNotam":false,"sunrise":false,"sunset":false,"publicHolidaysExcluded":false},{"dayOfWeek":5,"startTime":"00:00","endTime":"00:00","byNotam":false,"sunrise":false,"sunset":false,"publicHolidaysExcluded":false},{"dayOfWeek":6,"startTime":"00:00","endTime":"00:00","byNotam":false,"sunrise":false,"sunset":false,"publicHolidaysExcluded":false}]},"deletable":true},"geometry":{"type":"Polygon","coordinates":[[[21.79556,47.65222],[21.38111,47.40917],[21.51056,47.31194],[21.9175,47.56056],[21.79556,47.65222]]]}}, {"type":"Feature","id":14,"properties":{"_id":"6994c8da2a624140943f6ac6","createdBy":"eBT9qSrxquPVguazo7MwJzzaf2p1","createdAt":"2026-02-17T20:00:26.698Z","updatedBy":"eBT9qSrxquPVguazo7MwJzzaf2p1","updatedAt":"2026-02-17T20:05:43.451Z","name":"DEBRECEN TIZ2","dataIngestion":true,"type":23,"icaoClass":6,"activity":0,"onDemand":false,"onRequest":false,"byNotam":false,"specialAgreement":false,"requestCompliance":false,"country":"HU","upperLimit":{"value":9500,"unit":1,"referenceDatum":1},"lowerLimit":{"value":2000,"unit":1,"referenceDatum":1},"frequencies":[{"value":"125.910","primary":false,"unit":2,"name":"DEBRECEN INFO","_id":"6994c8da2a624140943f6ac7"}],"hoursOfOperation":{"operatingHours":[{"dayOfWeek":0,"startTime":"00:00","endTime":"00:00","byNotam":false,"sunrise":false,"sunset":false,"publicHolidaysExcluded":false},{"dayOfWeek":1,"startTime":"00:00","endTime":"00:00","byNotam":false,"sunrise":false,"sunset":false,"publicHolidaysExcluded":false},{"dayOfWeek":2,"startTime":"00:00","endTime":"00:00","byNotam":false,"sunrise":false,"sunset":false,"publicHolidaysExcluded":false},{"dayOfWeek":3,"startTime":"00:00","endTime":"00:00","byNotam":false,"sunrise":false,"sunset":false,"publicHolidaysExcluded":false},{"dayOfWeek":4,"startTime":"00:00","endTime":"00:00","byNotam":false,"sunrise":false,"sunset":false,"publicHolidaysExcluded":false},{"dayOfWeek":5,"startTime":"00:00","endTime":"00:00","byNotam":false,"sunrise":false,"sunset":false,"publicHolidaysExcluded":false},{"dayOfWeek":6,"startTime":"00:00","endTime":"00:00","byNotam":false,"sunrise":false,"sunset":false,"publicHolidaysExcluded":false}]},"deletable":true},"geometry":{"type":"Polygon","coordinates":[[[21.83583,47.69083],[21.54528,47.54528],[21.29528,47.40056],[21.43639,47.19833],[21.72472,47.17222],[22.01639,47.51722],[21.83583,47.69083]]]}}, {"type":"Feature","id":15,"properties":{"_id":"6994c8da2a624140943f6aca","createdBy":"eBT9qSrxquPVguazo7MwJzzaf2p1","createdAt":"2026-02-17T20:00:26.710Z","updatedBy":"eBT9qSrxquPVguazo7MwJzzaf2p1","updatedAt":"2026-02-17T20:05:43.560Z","name":"DEBRECEN TIZ3","dataIngestion":true,"type":23,"icaoClass":6,"activity":0,"onDemand":false,"onRequest":false,"byNotam":false,"specialAgreement":false,"requestCompliance":false,"country":"HU","upperLimit":{"value":9500,"unit":1,"referenceDatum":1},"lowerLimit":{"value":5000,"unit":1,"referenceDatum":1},"frequencies":[{"value":"125.910","primary":false,"unit":2,"name":"DEBRECEN INFO","_id":"6994c8da2a624140943f6acb"}],"hoursOfOperation":{"operatingHours":[{"dayOfWeek":0,"startTime":"00:00","endTime":"00:00","byNotam":false,"sunrise":false,"sunset":false,"publicHolidaysExcluded":false},{"dayOfWeek":1,"startTime":"00:00","endTime":"00:00","byNotam":false,"sunrise":false,"sunset":false,"publicHolidaysExcluded":false},{"dayOfWeek":2,"startTime":"00:00","endTime":"00:00","byNotam":false,"sunrise":false,"sunset":false,"publicHolidaysExcluded":false},{"dayOfWeek":3,"startTime":"00:00","endTime":"00:00","byNotam":false,"sunrise":false,"sunset":false,"publicHolidaysExcluded":false},{"dayOfWeek":4,"startTime":"00:00","endTime":"00:00","byNotam":false,"sunrise":false,"sunset":false,"publicHolidaysExcluded":false},{"dayOfWeek":5,"startTime":"00:00","endTime":"00:00","byNotam":false,"sunrise":false,"sunset":false,"publicHolidaysExcluded":false},{"dayOfWeek":6,"startTime":"00:00","endTime":"00:00","byNotam":false,"sunrise":false,"sunset":false,"publicHolidaysExcluded":false}]},"deletable":true},"geometry":{"type":"Polygon","coordinates":[[[21.62278,47.78833],[21.56083,47.76639],[21.54528,47.54528],[21.83583,47.69083],[21.62278,47.78833]]]}}, {"type":"Feature","id":16,"properties":{"_id":"6994c8d92a624140943f6917","createdBy":"eBT9qSrxquPVguazo7MwJzzaf2p1","createdAt":"2026-02-17T20:00:25.237Z","updatedBy":"eBT9qSrxquPVguazo7MwJzzaf2p1","updatedAt":"2026-02-17T20:05:29.452Z","name":"DEBRECEN TMZ1","dataIngestion":true,"type":5,"icaoClass":6,"activity":0,"onDemand":false,"onRequest":false,"byNotam":false,"specialAgreement":false,"requestCompliance":false,"country":"HU","upperLimit":{"value":2000,"unit":1,"referenceDatum":1},"lowerLimit":{"value":0,"unit":1,"referenceDatum":0},"frequencies":[{"value":"125.910","primary":false,"unit":2,"name":"DEBRECEN INFO","_id":"6994c8d92a624140943f6918"}],"hoursOfOperation":{"operatingHours":[{"dayOfWeek":0,"startTime":"00:00","endTime":"00:00","byNotam":false,"sunrise":false,"sunset":false,"publicHolidaysExcluded":false},{"dayOfWeek":1,"startTime":"00:00","endTime":"00:00","byNotam":false,"sunrise":false,"sunset":false,"publicHolidaysExcluded":false},{"dayOfWeek":2,"startTime":"00:00","endTime":"00:00","byNotam":false,"sunrise":false,"sunset":false,"publicHolidaysExcluded":false},{"dayOfWeek":3,"startTime":"00:00","endTime":"00:00","byNotam":false,"sunrise":false,"sunset":false,"publicHolidaysExcluded":false},{"dayOfWeek":4,"startTime":"00:00","endTime":"00:00","byNotam":false,"sunrise":false,"sunset":false,"publicHolidaysExcluded":false},{"dayOfWeek":5,"startTime":"00:00","endTime":"00:00","byNotam":false,"sunrise":false,"sunset":false,"publicHolidaysExcluded":false},{"dayOfWeek":6,"startTime":"00:00","endTime":"00:00","byNotam":false,"sunrise":false,"sunset":false,"publicHolidaysExcluded":false}]},"deletable":true},"geometry":{"type":"Polygon","coordinates":[[[21.79556,47.65222],[21.38111,47.40917],[21.51056,47.31194],[21.9175,47.56056],[21.79556,47.65222]]]}}, {"type":"Feature","id":17,"properties":{"_id":"6994c8d92a624140943f691f","createdBy":"eBT9qSrxquPVguazo7MwJzzaf2p1","createdAt":"2026-02-17T20:00:25.257Z","updatedBy":"eBT9qSrxquPVguazo7MwJzzaf2p1","updatedAt":"2026-02-17T20:05:29.622Z","name":"DEBRECEN TMZ2","dataIngestion":true,"type":5,"icaoClass":6,"activity":0,"onDemand":false,"onRequest":false,"byNotam":false,"specialAgreement":false,"requestCompliance":false,"country":"HU","upperLimit":{"value":9500,"unit":1,"referenceDatum":1},"lowerLimit":{"value":2000,"unit":1,"referenceDatum":1},"frequencies":[{"value":"125.910","primary":false,"unit":2,"name":"DEBRECEN INFO","_id":"6994c8d92a624140943f6920"}],"hoursOfOperation":{"operatingHours":[{"dayOfWeek":0,"startTime":"00:00","endTime":"00:00","byNotam":false,"sunrise":false,"sunset":false,"publicHolidaysExcluded":false},{"dayOfWeek":1,"startTime":"00:00","endTime":"00:00","byNotam":false,"sunrise":false,"sunset":false,"publicHolidaysExcluded":false},{"dayOfWeek":2,"startTime":"00:00","endTime":"00:00","byNotam":false,"sunrise":false,"sunset":false,"publicHolidaysExcluded":false},{"dayOfWeek":3,"startTime":"00:00","endTime":"00:00","byNotam":false,"sunrise":false,"sunset":false,"publicHolidaysExcluded":false},{"dayOfWeek":4,"startTime":"00:00","endTime":"00:00","byNotam":false,"sunrise":false,"sunset":false,"publicHolidaysExcluded":false},{"dayOfWeek":5,"startTime":"00:00","endTime":"00:00","byNotam":false,"sunrise":false,"sunset":false,"publicHolidaysExcluded":false},{"dayOfWeek":6,"startTime":"00:00","endTime":"00:00","byNotam":false,"sunrise":false,"sunset":false,"publicHolidaysExcluded":false}]},"deletable":true},"geometry":{"type":"Polygon","coordinates":[[[21.83583,47.69083],[21.54528,47.54528],[21.29528,47.40056],[21.43639,47.19833],[21.72472,47.17222],[22.01639,47.51722],[21.83583,47.69083]]]}}, {"type":"Feature","id":18,"properties":{"_id":"6994c8d92a624140943f6927","createdBy":"eBT9qSrxquPVguazo7MwJzzaf2p1","createdAt":"2026-02-17T20:00:25.277Z","updatedBy":"eBT9qSrxquPVguazo7MwJzzaf2p1","updatedAt":"2026-02-17T20:05:29.801Z","name":"DEBRECEN TMZ3","dataIngestion":true,"type":5,"icaoClass":6,"activity":0,"onDemand":false,"onRequest":false,"byNotam":false,"specialAgreement":false,"requestCompliance":false,"country":"HU","upperLimit":{"value":9500,"unit":1,"referenceDatum":1},"lowerLimit":{"value":5000,"unit":1,"referenceDatum":1},"frequencies":[{"value":"125.910","primary":false,"unit":2,"name":"DEBRECEN INFO","_id":"6994c8d92a624140943f6928"}],"hoursOfOperation":{"operatingHours":[{"dayOfWeek":0,"startTime":"00:00","endTime":"00:00","byNotam":false,"sunrise":false,"sunset":false,"publicHolidaysExcluded":false},{"dayOfWeek":1,"startTime":"00:00","endTime":"00:00","byNotam":false,"sunrise":false,"sunset":false,"publicHolidaysExcluded":false},{"dayOfWeek":2,"startTime":"00:00","endTime":"00:00","byNotam":false,"sunrise":false,"sunset":false,"publicHolidaysExcluded":false},{"dayOfWeek":3,"startTime":"00:00","endTime":"00:00","byNotam":false,"sunrise":false,"sunset":false,"publicHolidaysExcluded":false},{"dayOfWeek":4,"startTime":"00:00","endTime":"00:00","byNotam":false,"sunrise":false,"sunset":false,"publicHolidaysExcluded":false},{"dayOfWeek":5,"startTime":"00:00","endTime":"00:00","byNotam":false,"sunrise":false,"sunset":false,"publicHolidaysExcluded":false},{"dayOfWeek":6,"startTime":"00:00","endTime":"00:00","byNotam":false,"sunrise":false,"sunset":false,"publicHolidaysExcluded":false}]},"deletable":true},"geometry":{"type":"Polygon","coordinates":[[[21.62278,47.78833],[21.56083,47.76639],[21.54528,47.54528],[21.83583,47.69083],[21.62278,47.78833]]]}}, {"type":"Feature","id":19,"properties":{"_id":"6994c8d92a624140943f6907","createdBy":"eBT9qSrxquPVguazo7MwJzzaf2p1","createdAt":"2026-02-17T20:00:25.191Z","updatedBy":"eBT9qSrxquPVguazo7MwJzzaf2p1","updatedAt":"2026-02-17T20:05:29.091Z","name":"KECSKEMET MCTR","dataIngestion":true,"type":36,"icaoClass":8,"activity":0,"onDemand":false,"onRequest":false,"byNotam":false,"specialAgreement":false,"requestCompliance":false,"country":"HU","upperLimit":{"value":4000,"unit":1,"referenceDatum":1},"lowerLimit":{"value":0,"unit":1,"referenceDatum":0},"frequencies":[{"value":"135.750","primary":false,"unit":2,"name":"KECSKEMET TWR","_id":"6994c8d92a624140943f6908"}],"hoursOfOperation":{"operatingHours":[{"dayOfWeek":0,"startTime":"00:00","endTime":"00:00","byNotam":false,"sunrise":false,"sunset":false,"publicHolidaysExcluded":false},{"dayOfWeek":1,"startTime":"00:00","endTime":"00:00","byNotam":false,"sunrise":false,"sunset":false,"publicHolidaysExcluded":false},{"dayOfWeek":2,"startTime":"00:00","endTime":"00:00","byNotam":false,"sunrise":false,"sunset":false,"publicHolidaysExcluded":false},{"dayOfWeek":3,"startTime":"00:00","endTime":"00:00","byNotam":false,"sunrise":false,"sunset":false,"publicHolidaysExcluded":false},{"dayOfWeek":4,"startTime":"00:00","endTime":"00:00","byNotam":false,"sunrise":false,"sunset":false,"publicHolidaysExcluded":false},{"dayOfWeek":5,"startTime":"00:00","endTime":"00:00","byNotam":false,"sunrise":false,"sunset":false,"publicHolidaysExcluded":false},{"dayOfWeek":6,"startTime":"00:00","endTime":"00:00","byNotam":false,"sunrise":false,"sunset":false,"publicHolidaysExcluded":false}]},"deletable":true},"geometry":{"type":"Polygon","coordinates":[[[19.49833,47.06167],[19.49833,46.89139],[19.61639,46.89139],[19.62667,46.8875],[19.6325,46.87806],[19.63556,46.87417],[19.63889,46.87056],[19.64222,46.86667],[19.65,46.86],[19.65417,46.85667],[19.66333,46.85056],[19.66806,46.84778],[19.67333,46.845],[19.67861,46.84278],[19.68389,46.84028],[19.695,46.83639],[19.70694,46.83306],[19.71306,46.83167],[19.71917,46.83056],[19.73167,46.82889],[19.73778,46.82833],[19.74417,46.82806],[19.75694,46.82806],[19.76306,46.82833],[19.76944,46.82889],[19.78194,46.83056],[19.98167,46.75806],[20.12472,46.93306],[19.86889,47.05111],[19.69833,47.05583],[19.59833,47.05889],[19.49833,47.06167]]]}}, {"type":"Feature","id":20,"properties":{"_id":"6994c8d92a624140943f68db","createdBy":"eBT9qSrxquPVguazo7MwJzzaf2p1","createdAt":"2026-02-17T20:00:25.066Z","updatedBy":"eBT9qSrxquPVguazo7MwJzzaf2p1","updatedAt":"2026-02-17T20:05:27.968Z","name":"KECSKEMET MTMA1/A","dataIngestion":true,"type":7,"icaoClass":8,"activity":0,"onDemand":false,"onRequest":false,"byNotam":false,"specialAgreement":false,"requestCompliance":false,"country":"HU","upperLimit":{"value":7500,"unit":1,"referenceDatum":1},"lowerLimit":{"value":2000,"unit":1,"referenceDatum":1},"frequencies":[{"value":"120.250","primary":false,"unit":2,"name":"KECSKEMET APP","_id":"6994c8d92a624140943f68dc"}],"hoursOfOperation":{"operatingHours":[{"dayOfWeek":0,"startTime":"00:00","endTime":"00:00","byNotam":false,"sunrise":false,"sunset":false,"publicHolidaysExcluded":false},{"dayOfWeek":1,"startTime":"00:00","endTime":"00:00","byNotam":false,"sunrise":false,"sunset":false,"publicHolidaysExcluded":false},{"dayOfWeek":2,"startTime":"00:00","endTime":"00:00","byNotam":false,"sunrise":false,"sunset":false,"publicHolidaysExcluded":false},{"dayOfWeek":3,"startTime":"00:00","endTime":"00:00","byNotam":false,"sunrise":false,"sunset":false,"publicHolidaysExcluded":false},{"dayOfWeek":4,"startTime":"00:00","endTime":"00:00","byNotam":false,"sunrise":false,"sunset":false,"publicHolidaysExcluded":false},{"dayOfWeek":5,"startTime":"00:00","endTime":"00:00","byNotam":false,"sunrise":false,"sunset":false,"publicHolidaysExcluded":false},{"dayOfWeek":6,"startTime":"00:00","endTime":"00:00","byNotam":false,"sunrise":false,"sunset":false,"publicHolidaysExcluded":false}]},"deletable":true},"geometry":{"type":"Polygon","coordinates":[[[20.01722,47.04639],[19.86889,47.05111],[19.49833,47.06167],[19.275,47.0675],[19.49833,46.82722],[20.24139,46.60611],[20.47,46.86167],[20.12444,46.93306],[20.02583,46.97861],[20.01722,47.04639]]]}}, {"type":"Feature","id":21,"properties":{"_id":"6994c8d92a624140943f68df","createdBy":"eBT9qSrxquPVguazo7MwJzzaf2p1","createdAt":"2026-02-17T20:00:25.076Z","updatedBy":"eBT9qSrxquPVguazo7MwJzzaf2p1","updatedAt":"2026-02-17T20:05:28.098Z","name":"KECSKEMET MTMA1/B","dataIngestion":true,"type":7,"icaoClass":8,"activity":0,"onDemand":false,"onRequest":false,"byNotam":false,"specialAgreement":false,"requestCompliance":false,"country":"HU","upperLimit":{"value":125,"unit":6,"referenceDatum":2},"lowerLimit":{"value":7500,"unit":1,"referenceDatum":1},"frequencies":[{"value":"120.250","primary":false,"unit":2,"name":"KECSKEMET APP","_id":"6994c8d92a624140943f68e0"}],"hoursOfOperation":{"operatingHours":[{"dayOfWeek":0,"startTime":"00:00","endTime":"00:00","byNotam":false,"sunrise":false,"sunset":false,"publicHolidaysExcluded":false},{"dayOfWeek":1,"startTime":"00:00","endTime":"00:00","byNotam":false,"sunrise":false,"sunset":false,"publicHolidaysExcluded":false},{"dayOfWeek":2,"startTime":"00:00","endTime":"00:00","byNotam":false,"sunrise":false,"sunset":false,"publicHolidaysExcluded":false},{"dayOfWeek":3,"startTime":"00:00","endTime":"00:00","byNotam":false,"sunrise":false,"sunset":false,"publicHolidaysExcluded":false},{"dayOfWeek":4,"startTime":"00:00","endTime":"00:00","byNotam":false,"sunrise":false,"sunset":false,"publicHolidaysExcluded":false},{"dayOfWeek":5,"startTime":"00:00","endTime":"00:00","byNotam":false,"sunrise":false,"sunset":false,"publicHolidaysExcluded":false},{"dayOfWeek":6,"startTime":"00:00","endTime":"00:00","byNotam":false,"sunrise":false,"sunset":false,"publicHolidaysExcluded":false}]},"deletable":true},"geometry":{"type":"Polygon","coordinates":[[[20.01722,47.04639],[19.86889,47.05111],[19.49833,47.06167],[19.275,47.0675],[19.49833,46.82722],[20.24139,46.60611],[20.47,46.86167],[20.12444,46.93306],[20.02583,46.97861],[20.01722,47.04639]]]}}, {"type":"Feature","id":22,"properties":{"_id":"6994c8d92a624140943f68e3","createdBy":"eBT9qSrxquPVguazo7MwJzzaf2p1","createdAt":"2026-02-17T20:00:25.089Z","updatedBy":"eBT9qSrxquPVguazo7MwJzzaf2p1","updatedAt":"2026-02-17T20:05:28.182Z","name":"KECSKEMET MTMA2/A","dataIngestion":true,"type":7,"icaoClass":8,"activity":0,"onDemand":false,"onRequest":false,"byNotam":false,"specialAgreement":false,"requestCompliance":false,"country":"HU","upperLimit":{"value":7500,"unit":1,"referenceDatum":1},"lowerLimit":{"value":4000,"unit":1,"referenceDatum":1},"frequencies":[{"value":"120.250","primary":false,"unit":2,"name":"KECSKEMET APP","_id":"6994c8d92a624140943f68e4"}],"hoursOfOperation":{"operatingHours":[{"dayOfWeek":0,"startTime":"00:00","endTime":"00:00","byNotam":false,"sunrise":false,"sunset":false,"publicHolidaysExcluded":false},{"dayOfWeek":1,"startTime":"00:00","endTime":"00:00","byNotam":false,"sunrise":false,"sunset":false,"publicHolidaysExcluded":false},{"dayOfWeek":2,"startTime":"00:00","endTime":"00:00","byNotam":false,"sunrise":false,"sunset":false,"publicHolidaysExcluded":false},{"dayOfWeek":3,"startTime":"00:00","endTime":"00:00","byNotam":false,"sunrise":false,"sunset":false,"publicHolidaysExcluded":false},{"dayOfWeek":4,"startTime":"00:00","endTime":"00:00","byNotam":false,"sunrise":false,"sunset":false,"publicHolidaysExcluded":false},{"dayOfWeek":5,"startTime":"00:00","endTime":"00:00","byNotam":false,"sunrise":false,"sunset":false,"publicHolidaysExcluded":false},{"dayOfWeek":6,"startTime":"00:00","endTime":"00:00","byNotam":false,"sunrise":false,"sunset":false,"publicHolidaysExcluded":false}]},"deletable":true},"geometry":{"type":"Polygon","coordinates":[[[19.49833,46.82722],[19.37028,46.66583],[20.39306,46.53417],[20.62778,46.82861],[20.47,46.86167],[20.24139,46.60611],[19.49833,46.82722]]]}}, {"type":"Feature","id":23,"properties":{"_id":"6994c8d92a624140943f68e7","createdBy":"eBT9qSrxquPVguazo7MwJzzaf2p1","createdAt":"2026-02-17T20:00:25.100Z","updatedBy":"eBT9qSrxquPVguazo7MwJzzaf2p1","updatedAt":"2026-02-17T20:05:28.289Z","name":"KECSKEMET MTMA2/B","dataIngestion":true,"type":7,"icaoClass":8,"activity":0,"onDemand":false,"onRequest":false,"byNotam":false,"specialAgreement":false,"requestCompliance":false,"country":"HU","upperLimit":{"value":125,"unit":6,"referenceDatum":2},"lowerLimit":{"value":7500,"unit":1,"referenceDatum":1},"frequencies":[{"value":"120.250","primary":false,"unit":2,"name":"KECSKEMET APP","_id":"6994c8d92a624140943f68e8"}],"hoursOfOperation":{"operatingHours":[{"dayOfWeek":0,"startTime":"00:00","endTime":"00:00","byNotam":false,"sunrise":false,"sunset":false,"publicHolidaysExcluded":false},{"dayOfWeek":1,"startTime":"00:00","endTime":"00:00","byNotam":false,"sunrise":false,"sunset":false,"publicHolidaysExcluded":false},{"dayOfWeek":2,"startTime":"00:00","endTime":"00:00","byNotam":false,"sunrise":false,"sunset":false,"publicHolidaysExcluded":false},{"dayOfWeek":3,"startTime":"00:00","endTime":"00:00","byNotam":false,"sunrise":false,"sunset":false,"publicHolidaysExcluded":false},{"dayOfWeek":4,"startTime":"00:00","endTime":"00:00","byNotam":false,"sunrise":false,"sunset":false,"publicHolidaysExcluded":false},{"dayOfWeek":5,"startTime":"00:00","endTime":"00:00","byNotam":false,"sunrise":false,"sunset":false,"publicHolidaysExcluded":false},{"dayOfWeek":6,"startTime":"00:00","endTime":"00:00","byNotam":false,"sunrise":false,"sunset":false,"publicHolidaysExcluded":false}]},"deletable":true},"geometry":{"type":"Polygon","coordinates":[[[19.49833,46.82722],[19.37028,46.66583],[20.39306,46.53417],[20.62778,46.82861],[20.47,46.86167],[20.24139,46.60611],[19.49833,46.82722]]]}}, {"type":"Feature","id":24,"properties":{"_id":"6994c8d92a624140943f68eb","createdBy":"eBT9qSrxquPVguazo7MwJzzaf2p1","createdAt":"2026-02-17T20:00:25.111Z","updatedBy":"eBT9qSrxquPVguazo7MwJzzaf2p1","updatedAt":"2026-02-17T20:05:28.385Z","name":"KECSKEMET MTMA3/A","dataIngestion":true,"type":7,"icaoClass":8,"activity":0,"onDemand":false,"onRequest":false,"byNotam":false,"specialAgreement":false,"requestCompliance":false,"country":"HU","upperLimit":{"value":7500,"unit":1,"referenceDatum":1},"lowerLimit":{"value":4000,"unit":1,"referenceDatum":1},"frequencies":[{"value":"120.250","primary":false,"unit":2,"name":"KECSKEMET APP","_id":"6994c8d92a624140943f68ec"}],"hoursOfOperation":{"operatingHours":[{"dayOfWeek":0,"startTime":"00:00","endTime":"00:00","byNotam":false,"sunrise":false,"sunset":false,"publicHolidaysExcluded":false},{"dayOfWeek":1,"startTime":"00:00","endTime":"00:00","byNotam":false,"sunrise":false,"sunset":false,"publicHolidaysExcluded":false},{"dayOfWeek":2,"startTime":"00:00","endTime":"00:00","byNotam":false,"sunrise":false,"sunset":false,"publicHolidaysExcluded":false},{"dayOfWeek":3,"startTime":"00:00","endTime":"00:00","byNotam":false,"sunrise":false,"sunset":false,"publicHolidaysExcluded":false},{"dayOfWeek":4,"startTime":"00:00","endTime":"00:00","byNotam":false,"sunrise":false,"sunset":false,"publicHolidaysExcluded":false},{"dayOfWeek":5,"startTime":"00:00","endTime":"00:00","byNotam":false,"sunrise":false,"sunset":false,"publicHolidaysExcluded":false},{"dayOfWeek":6,"startTime":"00:00","endTime":"00:00","byNotam":false,"sunrise":false,"sunset":false,"publicHolidaysExcluded":false}]},"deletable":true},"geometry":{"type":"Polygon","coordinates":[[[19.275,47.0675],[19.19861,47.01778],[19.00861,46.89361],[19.37028,46.66583],[19.49833,46.82722],[19.275,47.0675]]]}}, {"type":"Feature","id":25,"properties":{"_id":"6994c8d92a624140943f68ef","createdBy":"eBT9qSrxquPVguazo7MwJzzaf2p1","createdAt":"2026-02-17T20:00:25.122Z","updatedBy":"eBT9qSrxquPVguazo7MwJzzaf2p1","updatedAt":"2026-02-17T20:05:28.486Z","name":"KECSKEMET MTMA3/B","dataIngestion":true,"type":7,"icaoClass":8,"activity":0,"onDemand":false,"onRequest":false,"byNotam":false,"specialAgreement":false,"requestCompliance":false,"country":"HU","upperLimit":{"value":125,"unit":6,"referenceDatum":2},"lowerLimit":{"value":7500,"unit":1,"referenceDatum":1},"frequencies":[{"value":"120.250","primary":false,"unit":2,"name":"KECSKEMET APP","_id":"6994c8d92a624140943f68f0"}],"hoursOfOperation":{"operatingHours":[{"dayOfWeek":0,"startTime":"00:00","endTime":"00:00","byNotam":false,"sunrise":false,"sunset":false,"publicHolidaysExcluded":false},{"dayOfWeek":1,"startTime":"00:00","endTime":"00:00","byNotam":false,"sunrise":false,"sunset":false,"publicHolidaysExcluded":false},{"dayOfWeek":2,"startTime":"00:00","endTime":"00:00","byNotam":false,"sunrise":false,"sunset":false,"publicHolidaysExcluded":false},{"dayOfWeek":3,"startTime":"00:00","endTime":"00:00","byNotam":false,"sunrise":false,"sunset":false,"publicHolidaysExcluded":false},{"dayOfWeek":4,"startTime":"00:00","endTime":"00:00","byNotam":false,"sunrise":false,"sunset":false,"publicHolidaysExcluded":false},{"dayOfWeek":5,"startTime":"00:00","endTime":"00:00","byNotam":false,"sunrise":false,"sunset":false,"publicHolidaysExcluded":false},{"dayOfWeek":6,"startTime":"00:00","endTime":"00:00","byNotam":false,"sunrise":false,"sunset":false,"publicHolidaysExcluded":false}]},"deletable":true},"geometry":{"type":"Polygon","coordinates":[[[19.275,47.0675],[19.19861,47.01778],[19.00861,46.89361],[19.37028,46.66583],[19.49833,46.82722],[19.275,47.0675]]]}}, {"type":"Feature","id":26,"properties":{"_id":"6994c8d92a624140943f68f3","createdBy":"eBT9qSrxquPVguazo7MwJzzaf2p1","createdAt":"2026-02-17T20:00:25.132Z","updatedBy":"eBT9qSrxquPVguazo7MwJzzaf2p1","updatedAt":"2026-02-17T20:05:28.581Z","name":"KECSKEMET MTMA4/A","dataIngestion":true,"type":7,"icaoClass":8,"activity":0,"onDemand":false,"onRequest":false,"byNotam":false,"specialAgreement":false,"requestCompliance":false,"country":"HU","upperLimit":{"value":7500,"unit":1,"referenceDatum":1},"lowerLimit":{"value":2000,"unit":1,"referenceDatum":1},"frequencies":[{"value":"120.250","primary":false,"unit":2,"name":"KECSKEMET APP","_id":"6994c8d92a624140943f68f4"}],"hoursOfOperation":{"operatingHours":[{"dayOfWeek":0,"startTime":"00:00","endTime":"00:00","byNotam":false,"sunrise":false,"sunset":false,"publicHolidaysExcluded":false},{"dayOfWeek":1,"startTime":"00:00","endTime":"00:00","byNotam":false,"sunrise":false,"sunset":false,"publicHolidaysExcluded":false},{"dayOfWeek":2,"startTime":"00:00","endTime":"00:00","byNotam":false,"sunrise":false,"sunset":false,"publicHolidaysExcluded":false},{"dayOfWeek":3,"startTime":"00:00","endTime":"00:00","byNotam":false,"sunrise":false,"sunset":false,"publicHolidaysExcluded":false},{"dayOfWeek":4,"startTime":"00:00","endTime":"00:00","byNotam":false,"sunrise":false,"sunset":false,"publicHolidaysExcluded":false},{"dayOfWeek":5,"startTime":"00:00","endTime":"00:00","byNotam":false,"sunrise":false,"sunset":false,"publicHolidaysExcluded":false},{"dayOfWeek":6,"startTime":"00:00","endTime":"00:00","byNotam":false,"sunrise":false,"sunset":false,"publicHolidaysExcluded":false}]},"deletable":true},"geometry":{"type":"Polygon","coordinates":[[[19.76361,47.15806],[19.275,47.0675],[19.49833,47.06167],[19.86889,47.05111],[20.01722,47.04639],[19.76361,47.15806]]]}}, {"type":"Feature","id":27,"properties":{"_id":"6994c8d92a624140943f68f7","createdBy":"eBT9qSrxquPVguazo7MwJzzaf2p1","createdAt":"2026-02-17T20:00:25.142Z","updatedBy":"eBT9qSrxquPVguazo7MwJzzaf2p1","updatedAt":"2026-02-17T20:05:28.670Z","name":"KECSKEMET MTMA4/B","dataIngestion":true,"type":7,"icaoClass":8,"activity":0,"onDemand":false,"onRequest":false,"byNotam":false,"specialAgreement":false,"requestCompliance":false,"country":"HU","upperLimit":{"value":125,"unit":6,"referenceDatum":2},"lowerLimit":{"value":7500,"unit":1,"referenceDatum":1},"frequencies":[{"value":"120.250","primary":false,"unit":2,"name":"KECSKEMET APP","_id":"6994c8d92a624140943f68f8"}],"hoursOfOperation":{"operatingHours":[{"dayOfWeek":0,"startTime":"00:00","endTime":"00:00","byNotam":false,"sunrise":false,"sunset":false,"publicHolidaysExcluded":false},{"dayOfWeek":1,"startTime":"00:00","endTime":"00:00","byNotam":false,"sunrise":false,"sunset":false,"publicHolidaysExcluded":false},{"dayOfWeek":2,"startTime":"00:00","endTime":"00:00","byNotam":false,"sunrise":false,"sunset":false,"publicHolidaysExcluded":false},{"dayOfWeek":3,"startTime":"00:00","endTime":"00:00","byNotam":false,"sunrise":false,"sunset":false,"publicHolidaysExcluded":false},{"dayOfWeek":4,"startTime":"00:00","endTime":"00:00","byNotam":false,"sunrise":false,"sunset":false,"publicHolidaysExcluded":false},{"dayOfWeek":5,"startTime":"00:00","endTime":"00:00","byNotam":false,"sunrise":false,"sunset":false,"publicHolidaysExcluded":false},{"dayOfWeek":6,"startTime":"00:00","endTime":"00:00","byNotam":false,"sunrise":false,"sunset":false,"publicHolidaysExcluded":false}]},"deletable":true},"geometry":{"type":"Polygon","coordinates":[[[19.76361,47.15806],[19.275,47.0675],[19.49833,47.06167],[19.86889,47.05111],[20.01722,47.04639],[19.76361,47.15806]]]}}, {"type":"Feature","id":28,"properties":{"_id":"6994c8d92a624140943f6943","createdBy":"eBT9qSrxquPVguazo7MwJzzaf2p1","createdAt":"2026-02-17T20:00:25.363Z","updatedBy":"eBT9qSrxquPVguazo7MwJzzaf2p1","updatedAt":"2026-02-17T20:05:30.476Z","name":"KOSICE TMA 2","dataIngestion":true,"type":7,"icaoClass":2,"activity":0,"onDemand":false,"onRequest":false,"byNotam":false,"specialAgreement":false,"requestCompliance":false,"country":"HU","upperLimit":{"value":9500,"unit":1,"referenceDatum":1},"lowerLimit":{"value":1000,"unit":1,"referenceDatum":0},"frequencies":[{"value":"129.350","primary":false,"unit":2,"name":"KOSICE APP","_id":"6994c8d92a624140943f6944"}],"hoursOfOperation":{"operatingHours":[{"dayOfWeek":0,"startTime":"00:00","endTime":"00:00","byNotam":false,"sunrise":false,"sunset":false,"publicHolidaysExcluded":false},{"dayOfWeek":1,"startTime":"00:00","endTime":"00:00","byNotam":false,"sunrise":false,"sunset":false,"publicHolidaysExcluded":false},{"dayOfWeek":2,"startTime":"00:00","endTime":"00:00","byNotam":false,"sunrise":false,"sunset":false,"publicHolidaysExcluded":false},{"dayOfWeek":3,"startTime":"00:00","endTime":"00:00","byNotam":false,"sunrise":false,"sunset":false,"publicHolidaysExcluded":false},{"dayOfWeek":4,"startTime":"00:00","endTime":"00:00","byNotam":false,"sunrise":false,"sunset":false,"publicHolidaysExcluded":false},{"dayOfWeek":5,"startTime":"00:00","endTime":"00:00","byNotam":false,"sunrise":false,"sunset":false,"publicHolidaysExcluded":false},{"dayOfWeek":6,"startTime":"00:00","endTime":"00:00","byNotam":false,"sunrise":false,"sunset":false,"publicHolidaysExcluded":false}]},"deletable":true},"geometry":{"type":"Polygon","coordinates":[[[20.41639,48.39611],[21.0975,48.18611],[21.23139,48.20389],[21.33139,48.2175],[21.83139,48.28417],[21.81694,48.33333],[21.8175,48.33278],[21.81833,48.33583],[21.81833,48.33694],[21.81278,48.33806],[21.80889,48.33917],[21.80583,48.33806],[21.80333,48.34],[21.80028,48.34083],[21.79417,48.34056],[21.78972,48.34083],[21.78417,48.33944],[21.77778,48.34],[21.77389,48.33944],[21.76139,48.34056],[21.75306,48.34611],[21.7475,48.34694],[21.74361,48.34889],[21.74111,48.34833],[21.72917,48.34889],[21.72306,48.35028],[21.72,48.35361],[21.71167,48.3575],[21.71417,48.36611],[21.71111,48.36722],[21.70528,48.36583],[21.70389,48.3725],[21.70528,48.37667],[21.70194,48.38083],[21.69778,48.38306],[21.69194,48.38472],[21.68361,48.38833],[21.68167,48.39083],[21.66861,48.38889],[21.66667,48.39028],[21.66611,48.39139],[21.66694,48.39694],[21.66639,48.40056],[21.66444,48.40167],[21.665,48.40278],[21.66556,48.40583],[21.66417,48.40833],[21.66333,48.41778],[21.65861,48.42],[21.65194,48.4325],[21.65028,48.4325],[21.65194,48.43444],[21.65139,48.43611],[21.65028,48.43639],[21.64861,48.43833],[21.64806,48.43778],[21.63972,48.44722],[21.63639,48.44833],[21.63556,48.44833],[21.63417,48.44806],[21.63361,48.44722],[21.6325,48.4475],[21.63361,48.44833],[21.63278,48.44833],[21.6325,48.44917],[21.63111,48.44917],[21.63222,48.45],[21.63056,48.45056],[21.63056,48.45194],[21.62972,48.45361],[21.63,48.455],[21.62861,48.45556],[21.62833,48.45611],[21.62944,48.45694],[21.63028,48.45722],[21.63139,48.45889],[21.62694,48.46139],[21.62,48.46972],[21.62056,48.47139],[21.62333,48.47222],[21.62417,48.47306],[21.62361,48.47306],[21.62056,48.49278],[21.61917,48.49417],[21.61444,48.49778],[21.61389,48.50917],[21.61111,48.51],[21.60778,48.50889],[21.60417,48.50722],[21.60194,48.50917],[21.59778,48.51111],[21.59222,48.51306],[21.59083,48.51278],[21.58639,48.51139],[21.58278,48.50833],[21.57944,48.50444],[21.57722,48.505],[21.57222,48.50444],[21.56306,48.50722],[21.56111,48.51139],[21.55194,48.50833],[21.54083,48.51167],[21.54028,48.51389],[21.5375,48.51528],[21.53194,48.51722],[21.52861,48.52056],[21.525,48.5225],[21.52556,48.52444],[21.52056,48.53333],[21.51861,48.53667],[21.51528,48.53972],[21.51833,48.54667],[21.51417,48.55028],[21.51167,48.55111],[21.50833,48.55194],[21.50806,48.55361],[21.50694,48.55556],[21.50056,48.55472],[21.49944,48.55972],[21.49722,48.56028],[21.49056,48.55917],[21.48556,48.55972],[21.48194,48.56333],[21.47889,48.565],[21.47556,48.56417],[21.46889,48.56889],[21.46528,48.57167],[21.46139,48.57333],[21.46056,48.57389],[21.45778,48.57667],[21.45333,48.57444],[21.45,48.57583],[21.44778,48.57861],[21.44472,48.58083],[21.44167,48.58417],[21.43944,48.585],[21.42944,48.58333],[21.42694,48.58194],[21.4225,48.57861],[21.42111,48.57472],[21.42167,48.56333],[21.41583,48.55889],[21.40722,48.55944],[21.40472,48.56278],[21.39833,48.56333],[21.38361,48.56],[21.37917,48.55806],[21.37583,48.55889],[21.36972,48.55889],[21.36278,48.56056],[21.34028,48.55972],[21.33833,48.55889],[21.33111,48.55944],[21.32556,48.55806],[21.32583,48.56167],[21.32306,48.56222],[21.31917,48.56111],[21.31556,48.55694],[21.31611,48.555],[21.32,48.55611],[21.32667,48.55583],[21.32444,48.55194],[21.31778,48.55278],[21.31333,48.55083],[21.31389,48.54889],[21.31806,48.54944],[21.32139,48.54778],[21.31889,48.54417],[21.31611,48.54333],[21.31833,48.53972],[21.31333,48.53944],[21.31028,48.54056],[21.30944,48.53833],[21.31194,48.53694],[21.31444,48.53472],[21.315,48.53333],[21.31583,48.53306],[21.31167,48.53056],[21.30917,48.52944],[21.30611,48.52917],[21.30139,48.52528],[21.30333,48.52472],[21.30639,48.52611],[21.30833,48.52639],[21.3075,48.52361],[21.3025,48.52194],[21.29722,48.52306],[21.29667,48.52139],[21.28611,48.52389],[21.26917,48.52528],[21.26167,48.52833],[21.25194,48.53194],[21.24556,48.53583],[21.23278,48.53889],[21.23361,48.53556],[21.22083,48.53722],[21.21722,48.53306],[21.21639,48.53139],[21.20833,48.53111],[21.20528,48.52722],[21.19694,48.52472],[21.19417,48.525],[21.19111,48.5225],[21.18694,48.52278],[21.18528,48.52056],[21.18167,48.51972],[21.17861,48.51806],[21.16917,48.52167],[21.16306,48.52167],[21.15972,48.51944],[21.15556,48.51639],[21.15278,48.51667],[21.15028,48.51389],[21.14806,48.51194],[21.14222,48.50806],[21.135,48.49889],[21.13306,48.49472],[21.12389,48.49194],[21.11722,48.49083],[21.10111,48.49444],[21.09472,48.49972],[21.09528,48.50222],[21.09778,48.51028],[21.08944,48.51778],[21.08139,48.51861],[21.06972,48.52333],[21.06611,48.52583],[21.0525,48.525],[21.04444,48.52556],[21.03833,48.52722],[21.03389,48.52694],[21.02639,48.53139],[21.02028,48.53028],[21.015,48.53222],[21.00389,48.52722],[20.99222,48.52694],[20.98889,48.525],[20.98917,48.52167],[20.98417,48.51861],[20.97611,48.52444],[20.95833,48.52083],[20.95583,48.53389],[20.94222,48.53528],[20.94167,48.54278],[20.93722,48.54],[20.93417,48.54167],[20.93028,48.54722],[20.92917,48.55333],[20.92361,48.55694],[20.92222,48.55917],[20.92,48.55944],[20.87694,48.55056],[20.87056,48.55306],[20.86583,48.55361],[20.86389,48.55528],[20.86111,48.55722],[20.85917,48.55944],[20.855,48.56583],[20.84972,48.56694],[20.84556,48.56556],[20.84694,48.56806],[20.84222,48.57611],[20.83528,48.57639],[20.83944,48.58],[20.83611,48.58278],[20.81778,48.57833],[20.81556,48.5775],[20.79583,48.575],[20.73361,48.57],[20.72778,48.56611],[20.72694,48.56417],[20.72528,48.56972],[20.7225,48.56944],[20.7175,48.57028],[20.71306,48.57028],[20.70833,48.56944],[20.70583,48.56833],[20.695,48.56556],[20.68778,48.56306],[20.67944,48.55944],[20.67472,48.56167],[20.67083,48.56194],[20.66556,48.56],[20.65361,48.56139],[20.64917,48.5575],[20.64333,48.55194],[20.64361,48.55389],[20.63944,48.555],[20.63361,48.55083],[20.62972,48.55028],[20.62361,48.55056],[20.61889,48.5475],[20.61583,48.54333],[20.61194,48.54361],[20.60667,48.54194],[20.60194,48.54222],[20.59639,48.54056],[20.59472,48.54056],[20.58639,48.53556],[20.57667,48.53806],[20.56278,48.54139],[20.55722,48.54306],[20.54472,48.54194],[20.54139,48.53861],[20.53306,48.52833],[20.525,48.53028],[20.52083,48.53583],[20.515,48.53583],[20.50639,48.53417],[20.50833,48.53222],[20.50528,48.53306],[20.50306,48.52889],[20.50444,48.52583],[20.50222,48.52306],[20.50278,48.52111],[20.5025,48.51972],[20.50528,48.51778],[20.50861,48.51444],[20.51028,48.51222],[20.50722,48.50944],[20.50722,48.49],[20.50528,48.48861],[20.49139,48.48389],[20.48972,48.47917],[20.48278,48.47194],[20.47306,48.46583],[20.46694,48.46139],[20.47,48.45472],[20.46861,48.45278],[20.46611,48.4525],[20.46083,48.44972],[20.45528,48.44917],[20.44972,48.44611],[20.44639,48.445],[20.43194,48.42861],[20.42722,48.425],[20.42,48.42167],[20.41639,48.41611],[20.41417,48.41194],[20.41694,48.40917],[20.41667,48.40056],[20.41611,48.39583],[20.41639,48.39611]]]}}, {"type":"Feature","id":29,"properties":{"_id":"6994c8d92a624140943f6947","createdBy":"eBT9qSrxquPVguazo7MwJzzaf2p1","createdAt":"2026-02-17T20:00:25.392Z","updatedBy":"eBT9qSrxquPVguazo7MwJzzaf2p1","updatedAt":"2026-02-17T20:05:30.606Z","name":"LESMO AREA","dataIngestion":true,"type":26,"icaoClass":2,"activity":0,"onDemand":false,"onRequest":false,"byNotam":false,"specialAgreement":false,"requestCompliance":false,"country":"HU","upperLimit":{"value":245,"unit":6,"referenceDatum":2},"lowerLimit":{"value":5500,"unit":1,"referenceDatum":1},"hoursOfOperation":{"operatingHours":[{"dayOfWeek":0,"startTime":"00:00","endTime":"00:00","byNotam":false,"sunrise":false,"sunset":false,"publicHolidaysExcluded":false},{"dayOfWeek":1,"startTime":"00:00","endTime":"00:00","byNotam":false,"sunrise":false,"sunset":false,"publicHolidaysExcluded":false},{"dayOfWeek":2,"startTime":"00:00","endTime":"00:00","byNotam":false,"sunrise":false,"sunset":false,"publicHolidaysExcluded":false},{"dayOfWeek":3,"startTime":"00:00","endTime":"00:00","byNotam":false,"sunrise":false,"sunset":false,"publicHolidaysExcluded":false},{"dayOfWeek":4,"startTime":"00:00","endTime":"00:00","byNotam":false,"sunrise":false,"sunset":false,"publicHolidaysExcluded":false},{"dayOfWeek":5,"startTime":"00:00","endTime":"00:00","byNotam":false,"sunrise":false,"sunset":false,"publicHolidaysExcluded":false},{"dayOfWeek":6,"startTime":"00:00","endTime":"00:00","byNotam":false,"sunrise":false,"sunset":false,"publicHolidaysExcluded":false}]},"deletable":true},"geometry":{"type":"Polygon","coordinates":[[[17.61417,47.81833],[17.60861,47.82167],[17.60306,47.8225],[17.59556,47.82111],[17.58667,47.82028],[17.57528,47.81444],[17.57139,47.81361],[17.5675,47.815],[17.56056,47.82083],[17.55028,47.83083],[17.54861,47.83528],[17.54583,47.84056],[17.54333,47.84333],[17.54333,47.85028],[17.54167,47.85361],[17.53528,47.85667],[17.52694,47.865],[17.52278,47.86722],[17.51333,47.86639],[17.49889,47.86722],[17.48778,47.87278],[17.475,47.87889],[17.46389,47.88083],[17.45583,47.88389],[17.45083,47.88861],[17.44667,47.8975],[17.44222,47.90139],[17.43639,47.91],[17.43306,47.91972],[17.42556,47.92556],[17.42139,47.93028],[17.41583,47.93222],[17.41056,47.93556],[17.40444,47.94583],[17.40028,47.94972],[17.39167,47.9525],[17.37861,47.95722],[17.3625,47.97194],[17.34861,47.98056],[17.34361,47.98611],[17.33556,47.9925],[17.33028,47.99417],[17.30306,47.99583],[17.29444,47.99528],[17.28722,47.99417],[17.26444,47.99722],[17.25083,48.00139],[17.24778,48.00472],[17.24667,48.01556],[17.24472,48.02028],[17.24028,48.02056],[17.23333,48.01806],[17.22056,48.01639],[17.20694,48.01889],[17.19944,48.01944],[17.19389,48.01833],[17.1625,48.00806],[17.16083,48.00667],[17.15639,48.00389],[17.13417,47.99389],[17.12444,47.98722],[17.11306,47.98],[17.09639,47.96861],[17.10417,47.96583],[17.11028,47.96389],[17.11389,47.95861],[17.10778,47.94944],[17.10056,47.94194],[17.09083,47.93417],[17.10222,47.91056],[17.09611,47.90611],[17.09556,47.90417],[17.085,47.87417],[17.07778,47.8775],[17.0625,47.87361],[17.04944,47.87],[17.0375,47.86778],[17.0175,47.86833],[17.01417,47.86444],[17.05139,47.83778],[17.04972,47.83111],[17.06083,47.8225],[17.07444,47.80806],[17.05333,47.7975],[17.05806,47.78611],[17.06361,47.7775],[17.06556,47.76667],[17.06944,47.75722],[17.07056,47.73167],[17.07444,47.72278],[17.04028,47.70417],[16.9125,47.68778],[16.875,47.68833],[16.86861,47.72111],[16.85528,47.71083],[16.83889,47.70444],[16.83194,47.68806],[16.74889,47.68139],[16.72083,47.73528],[16.66667,47.74139],[16.65694,47.74139],[16.645,47.74556],[16.63833,47.74944],[16.63722,47.75583],[16.63417,47.75889],[16.62694,47.75694],[16.62,47.7575],[16.61222,47.76],[16.60194,47.75806],[16.58889,47.75694],[16.58278,47.755],[16.54778,47.75139],[16.5475,47.74917],[16.54667,47.7475],[16.54639,47.74528],[16.54472,47.74111],[16.5375,47.73972],[16.53639,47.73639],[16.55222,47.7225],[16.54444,47.71694],[16.54194,47.71278],[16.5375,47.71167],[16.53417,47.71056],[16.5275,47.71028],[16.52056,47.71222],[16.51417,47.7075],[16.51083,47.70694],[16.50667,47.70417],[16.50528,47.70389],[16.50167,47.70389],[16.49972,47.70472],[16.4975,47.70306],[16.49667,47.70167],[16.49306,47.69833],[16.48611,47.69722],[16.48444,47.69583],[16.48583,47.6925],[16.48306,47.69083],[16.48083,47.69028],[16.47722,47.69056],[16.47528,47.68917],[16.47444,47.68111],[16.47194,47.68222],[16.46944,47.68111],[16.46611,47.68083],[16.46194,47.6825],[16.45389,47.69667],[16.45056,47.69611],[16.44722,47.69611],[16.44583,47.68972],[16.44222,47.67694],[16.435,47.67028],[16.42806,47.66861],[16.42306,47.66639],[16.42222,47.66389],[16.42778,47.66056],[16.43306,47.65972],[16.44722,47.65639],[16.455,47.65333],[16.46,47.65306],[16.46833,47.65167],[16.48194,47.64833],[16.48556,47.64417],[16.48972,47.64139],[16.4975,47.63944],[16.50889,47.64083],[16.51389,47.64444],[16.51444,47.64611],[16.52333,47.64111],[16.52639,47.64194],[16.53528,47.63861],[16.53833,47.63778],[16.54056,47.63639],[16.55167,47.63222],[16.56194,47.625],[16.57222,47.62],[16.59778,47.61861],[16.60111,47.61972],[16.61194,47.6225],[16.62361,47.62639],[16.63528,47.6275],[16.64139,47.62583],[16.65944,47.60611],[16.67139,47.60611],[16.66611,47.59667],[16.66806,47.59861],[16.765,47.59889],[16.865,47.59889],[17.065,47.59944],[17.165,47.59944],[17.265,47.59972],[17.48833,47.59972],[17.5,47.74694],[17.61417,47.81833]]]}}, {"type":"Feature","id":30,"properties":{"_id":"6994c8da2a624140943f6af2","createdBy":"eBT9qSrxquPVguazo7MwJzzaf2p1","createdAt":"2026-02-17T20:00:26.875Z","updatedBy":"eBT9qSrxquPVguazo7MwJzzaf2p1","updatedAt":"2026-02-17T20:05:44.534Z","name":"LHB01 ÓCSA","dataIngestion":true,"type":29,"icaoClass":8,"activity":0,"onDemand":false,"onRequest":false,"byNotam":false,"specialAgreement":false,"requestCompliance":false,"country":"HU","upperLimit":{"value":1000,"unit":1,"referenceDatum":0},"lowerLimit":{"value":0,"unit":1,"referenceDatum":0},"hoursOfOperation":{"operatingHours":[{"dayOfWeek":0,"startTime":"00:00","endTime":"00:00","byNotam":false,"sunrise":false,"sunset":false,"publicHolidaysExcluded":false},{"dayOfWeek":1,"startTime":"00:00","endTime":"00:00","byNotam":false,"sunrise":false,"sunset":false,"publicHolidaysExcluded":false},{"dayOfWeek":2,"startTime":"00:00","endTime":"00:00","byNotam":false,"sunrise":false,"sunset":false,"publicHolidaysExcluded":false},{"dayOfWeek":3,"startTime":"00:00","endTime":"00:00","byNotam":false,"sunrise":false,"sunset":false,"publicHolidaysExcluded":false},{"dayOfWeek":4,"startTime":"00:00","endTime":"00:00","byNotam":false,"sunrise":false,"sunset":false,"publicHolidaysExcluded":false},{"dayOfWeek":5,"startTime":"00:00","endTime":"00:00","byNotam":false,"sunrise":false,"sunset":false,"publicHolidaysExcluded":false},{"dayOfWeek":6,"startTime":"00:00","endTime":"00:00","byNotam":false,"sunrise":false,"sunset":false,"publicHolidaysExcluded":false}]},"deletable":true},"geometry":{"type":"Polygon","coordinates":[[[19.16861,47.31194],[19.27389,47.21389],[19.31944,47.2475],[19.2275,47.29444],[19.16861,47.31194]]]}}, {"type":"Feature","id":31,"properties":{"_id":"6994c8da2a624140943f6af5","createdBy":"eBT9qSrxquPVguazo7MwJzzaf2p1","createdAt":"2026-02-17T20:00:26.887Z","updatedBy":"eBT9qSrxquPVguazo7MwJzzaf2p1","updatedAt":"2026-02-17T20:05:44.645Z","name":"LHB02 TÓSZEG","dataIngestion":true,"type":29,"icaoClass":8,"activity":0,"onDemand":false,"onRequest":false,"byNotam":false,"specialAgreement":false,"requestCompliance":false,"country":"HU","upperLimit":{"value":1000,"unit":1,"referenceDatum":0},"lowerLimit":{"value":0,"unit":1,"referenceDatum":0},"hoursOfOperation":{"operatingHours":[{"dayOfWeek":0,"startTime":"00:00","endTime":"00:00","byNotam":false,"sunrise":false,"sunset":false,"publicHolidaysExcluded":false},{"dayOfWeek":1,"startTime":"00:00","endTime":"00:00","byNotam":false,"sunrise":false,"sunset":false,"publicHolidaysExcluded":false},{"dayOfWeek":2,"startTime":"00:00","endTime":"00:00","byNotam":false,"sunrise":false,"sunset":false,"publicHolidaysExcluded":false},{"dayOfWeek":3,"startTime":"00:00","endTime":"00:00","byNotam":false,"sunrise":false,"sunset":false,"publicHolidaysExcluded":false},{"dayOfWeek":4,"startTime":"00:00","endTime":"00:00","byNotam":false,"sunrise":false,"sunset":false,"publicHolidaysExcluded":false},{"dayOfWeek":5,"startTime":"00:00","endTime":"00:00","byNotam":false,"sunrise":false,"sunset":false,"publicHolidaysExcluded":false},{"dayOfWeek":6,"startTime":"00:00","endTime":"00:00","byNotam":false,"sunrise":false,"sunset":false,"publicHolidaysExcluded":false}]},"deletable":true},"geometry":{"type":"Polygon","coordinates":[[[20.02583,47.13833],[19.86889,47.05111],[20.05111,46.96722],[20.15556,47.03167],[20.07444,47.04472],[20.12028,47.10694],[20.02583,47.13833]]]}}, {"type":"Feature","id":32,"properties":{"_id":"6994c8da2a624140943f6af8","createdBy":"eBT9qSrxquPVguazo7MwJzzaf2p1","createdAt":"2026-02-17T20:00:26.903Z","updatedBy":"eBT9qSrxquPVguazo7MwJzzaf2p1","updatedAt":"2026-02-17T20:46:31.766Z","name":"LHB03 AGGTELEK","dataIngestion":true,"type":29,"icaoClass":8,"activity":0,"onDemand":false,"onRequest":false,"byNotam":false,"specialAgreement":false,"requestCompliance":false,"country":"HU","upperLimit":{"value":1000,"unit":1,"referenceDatum":0},"lowerLimit":{"value":0,"unit":1,"referenceDatum":0},"hoursOfOperation":{"operatingHours":[{"dayOfWeek":0,"startTime":"00:00","endTime":"00:00","byNotam":false,"sunrise":false,"sunset":false,"publicHolidaysExcluded":false},{"dayOfWeek":1,"startTime":"00:00","endTime":"00:00","byNotam":false,"sunrise":false,"sunset":false,"publicHolidaysExcluded":false},{"dayOfWeek":2,"startTime":"00:00","endTime":"00:00","byNotam":false,"sunrise":false,"sunset":false,"publicHolidaysExcluded":false},{"dayOfWeek":3,"startTime":"00:00","endTime":"00:00","byNotam":false,"sunrise":false,"sunset":false,"publicHolidaysExcluded":false},{"dayOfWeek":4,"startTime":"00:00","endTime":"00:00","byNotam":false,"sunrise":false,"sunset":false,"publicHolidaysExcluded":false},{"dayOfWeek":5,"startTime":"00:00","endTime":"00:00","byNotam":false,"sunrise":false,"sunset":false,"publicHolidaysExcluded":false},{"dayOfWeek":6,"startTime":"00:00","endTime":"00:00","byNotam":false,"sunrise":false,"sunset":false,"publicHolidaysExcluded":false}]},"deletable":true},"geometry":{"type":"Polygon","coordinates":[[[20.83778,48.57417],[20.83556,48.57639],[20.83722,48.57861],[20.83944,48.58028],[20.83861,48.58167],[20.83611,48.58278],[20.8275,48.58083],[20.81444,48.5775],[20.79917,48.57444],[20.79583,48.57528],[20.73389,48.57],[20.73472,48.56667],[20.73222,48.56639],[20.72806,48.56639],[20.72806,48.56444],[20.72694,48.56444],[20.72556,48.56972],[20.72111,48.56944],[20.71778,48.57028],[20.71306,48.57028],[20.70972,48.56833],[20.70833,48.56944],[20.68167,48.56111],[20.67972,48.55972],[20.67833,48.56056],[20.67444,48.56194],[20.67167,48.5625],[20.66861,48.56167],[20.66583,48.56],[20.65389,48.56139],[20.64944,48.5575],[20.6475,48.55417],[20.64389,48.5525],[20.64417,48.55333],[20.64389,48.55417],[20.64056,48.55556],[20.63917,48.55472],[20.63833,48.55306],[20.63556,48.55139],[20.63333,48.55083],[20.63194,48.55111],[20.63,48.55056],[20.62778,48.55083],[20.62333,48.55083],[20.61917,48.5475],[20.61833,48.54528],[20.61583,48.54333],[20.61056,48.54361],[20.60667,48.54222],[20.60389,48.54306],[20.60222,48.54222],[20.59944,48.5425],[20.59694,48.54083],[20.59528,48.54083],[20.59389,48.53972],[20.59194,48.53917],[20.5875,48.53889],[20.58667,48.53583],[20.55833,48.54306],[20.555,48.54194],[20.55028,48.5425],[20.54639,48.54417],[20.54167,48.53861],[20.5375,48.52778],[20.53306,48.52861],[20.52917,48.53056],[20.525,48.53028],[20.52278,48.53306],[20.52111,48.53611],[20.51917,48.5375],[20.515,48.53583],[20.51167,48.53556],[20.50667,48.53444],[20.50806,48.5325],[20.50722,48.53167],[20.50556,48.53306],[20.50389,48.53167],[20.50306,48.52889],[20.50444,48.52583],[20.50417,48.52472],[20.5025,48.52333],[20.505,48.52222],[20.50306,48.52111],[20.50278,48.51972],[20.50917,48.51556],[20.50861,48.51444],[20.51028,48.51222],[20.51028,48.51139],[20.50722,48.50917],[20.50472,48.49028],[20.50722,48.49],[20.50778,48.48944],[20.50639,48.48861],[20.49917,48.48833],[20.49556,48.4875],[20.49306,48.48583],[20.49194,48.48417],[20.49139,48.4825],[20.48972,48.47889],[20.48889,48.47583],[20.48028,48.47],[20.47361,48.46611],[20.46722,48.46139],[20.47,48.45472],[20.47,48.4525],[20.46833,48.45278],[20.46639,48.4525],[20.46306,48.45056],[20.46083,48.45],[20.45833,48.45],[20.45167,48.44833],[20.44972,48.44611],[20.44611,48.44472],[20.44472,48.44278],[20.44333,48.43861],[20.43528,48.43194],[20.73056,48.41278],[20.83778,48.57417]]]}}, {"type":"Feature","id":33,"properties":{"_id":"6994c8da2a624140943f6afb","createdBy":"eBT9qSrxquPVguazo7MwJzzaf2p1","createdAt":"2026-02-17T20:00:26.914Z","updatedBy":"eBT9qSrxquPVguazo7MwJzzaf2p1","updatedAt":"2026-02-17T20:05:44.864Z","name":"LHB04 ZEMPLÉNI-HG.","dataIngestion":true,"type":29,"icaoClass":8,"activity":0,"onDemand":false,"onRequest":false,"byNotam":false,"specialAgreement":false,"requestCompliance":false,"country":"HU","upperLimit":{"value":1000,"unit":1,"referenceDatum":0},"lowerLimit":{"value":0,"unit":1,"referenceDatum":0},"hoursOfOperation":{"operatingHours":[{"dayOfWeek":0,"startTime":"00:00","endTime":"00:00","byNotam":false,"sunrise":false,"sunset":false,"publicHolidaysExcluded":false},{"dayOfWeek":1,"startTime":"00:00","endTime":"00:00","byNotam":false,"sunrise":false,"sunset":false,"publicHolidaysExcluded":false},{"dayOfWeek":2,"startTime":"00:00","endTime":"00:00","byNotam":false,"sunrise":false,"sunset":false,"publicHolidaysExcluded":false},{"dayOfWeek":3,"startTime":"00:00","endTime":"00:00","byNotam":false,"sunrise":false,"sunset":false,"publicHolidaysExcluded":false},{"dayOfWeek":4,"startTime":"00:00","endTime":"00:00","byNotam":false,"sunrise":false,"sunset":false,"publicHolidaysExcluded":false},{"dayOfWeek":5,"startTime":"00:00","endTime":"00:00","byNotam":false,"sunrise":false,"sunset":false,"publicHolidaysExcluded":false},{"dayOfWeek":6,"startTime":"00:00","endTime":"00:00","byNotam":false,"sunrise":false,"sunset":false,"publicHolidaysExcluded":false}]},"deletable":true},"geometry":{"type":"Polygon","coordinates":[[[21.41417,48.54192],[21.40308,48.54169],[21.39755,48.5414],[21.38655,48.54048],[21.37565,48.5391],[21.36491,48.53727],[21.35436,48.53499],[21.34405,48.53228],[21.33402,48.52915],[21.3243,48.5256],[21.31495,48.52166],[21.30598,48.51734],[21.29745,48.51265],[21.29336,48.51017],[21.28553,48.50497],[21.27821,48.49945],[21.27144,48.49364],[21.26826,48.49063],[21.26234,48.48442],[21.25702,48.47797],[21.25232,48.47132],[21.24827,48.46449],[21.24487,48.4575],[21.24214,48.45038],[21.24009,48.44316],[21.23872,48.43587],[21.2383,48.43221],[21.23798,48.42487],[21.23835,48.41753],[21.23942,48.41021],[21.24117,48.40296],[21.24361,48.3958],[21.24672,48.38875],[21.25049,48.38184],[21.2549,48.37511],[21.25994,48.36857],[21.26559,48.36226],[21.26863,48.35919],[21.27515,48.35325],[21.28221,48.3476],[21.28979,48.34226],[21.29785,48.33724],[21.30638,48.33256],[21.31532,48.32826],[21.32466,48.32433],[21.33434,48.3208],[21.34434,48.31767],[21.35462,48.31498],[21.36512,48.31271],[21.37582,48.31089],[21.38123,48.31015],[21.39214,48.309],[21.40313,48.30831],[21.41417,48.30808],[21.42521,48.30831],[21.4362,48.309],[21.44711,48.31015],[21.45789,48.31174],[21.4685,48.31379],[21.47889,48.31627],[21.48903,48.31918],[21.49888,48.32251],[21.50368,48.32433],[21.51302,48.32826],[21.52196,48.33256],[21.52628,48.33486],[21.53458,48.33971],[21.54241,48.34489],[21.54613,48.3476],[21.55319,48.35325],[21.55971,48.35919],[21.56275,48.36226],[21.5684,48.36857],[21.57344,48.37511],[21.57785,48.38184],[21.57982,48.38528],[21.58326,48.39226],[21.58603,48.39937],[21.58813,48.40658],[21.58892,48.41021],[21.58999,48.41753],[21.59036,48.42487],[21.59029,48.42854],[21.58962,48.43587],[21.58902,48.43952],[21.58732,48.44678],[21.58492,48.45395],[21.58186,48.46101],[21.58008,48.46449],[21.57602,48.47132],[21.57132,48.47797],[21.56874,48.48122],[21.566,48.48442],[21.56008,48.49063],[21.55359,48.49658],[21.55013,48.49945],[21.54281,48.50497],[21.53498,48.51017],[21.52668,48.51503],[21.51793,48.51955],[21.50876,48.52368],[21.50404,48.5256],[21.49432,48.52915],[21.48429,48.53228],[21.47917,48.53369],[21.46874,48.53619],[21.46344,48.53727],[21.45269,48.5391],[21.4418,48.54048],[21.4363,48.541],[21.42526,48.54169],[21.41417,48.54192]]]}}, {"type":"Feature","id":34,"properties":{"_id":"6994c8da2a624140943f6afe","createdBy":"eBT9qSrxquPVguazo7MwJzzaf2p1","createdAt":"2026-02-17T20:00:26.933Z","updatedBy":"eBT9qSrxquPVguazo7MwJzzaf2p1","updatedAt":"2026-02-17T20:05:44.980Z","name":"LHB05 HEVESI FÜVES PUSZTÁK I","dataIngestion":true,"type":29,"icaoClass":8,"activity":0,"onDemand":false,"onRequest":false,"byNotam":false,"specialAgreement":false,"requestCompliance":false,"country":"HU","upperLimit":{"value":1500,"unit":1,"referenceDatum":0},"lowerLimit":{"value":0,"unit":1,"referenceDatum":0},"hoursOfOperation":{"operatingHours":[{"dayOfWeek":0,"startTime":"00:00","endTime":"00:00","byNotam":false,"sunrise":false,"sunset":false,"publicHolidaysExcluded":false},{"dayOfWeek":1,"startTime":"00:00","endTime":"00:00","byNotam":false,"sunrise":false,"sunset":false,"publicHolidaysExcluded":false},{"dayOfWeek":2,"startTime":"00:00","endTime":"00:00","byNotam":false,"sunrise":false,"sunset":false,"publicHolidaysExcluded":false},{"dayOfWeek":3,"startTime":"00:00","endTime":"00:00","byNotam":false,"sunrise":false,"sunset":false,"publicHolidaysExcluded":false},{"dayOfWeek":4,"startTime":"00:00","endTime":"00:00","byNotam":false,"sunrise":false,"sunset":false,"publicHolidaysExcluded":false},{"dayOfWeek":5,"startTime":"00:00","endTime":"00:00","byNotam":false,"sunrise":false,"sunset":false,"publicHolidaysExcluded":false},{"dayOfWeek":6,"startTime":"00:00","endTime":"00:00","byNotam":false,"sunrise":false,"sunset":false,"publicHolidaysExcluded":false}]},"deletable":true},"geometry":{"type":"Polygon","coordinates":[[[20.82444,47.69889],[20.72278,47.69861],[20.59528,47.59194],[20.72833,47.55694],[20.82444,47.69889]]]}}, {"type":"Feature","id":35,"properties":{"_id":"6994c8da2a624140943f6b01","createdBy":"eBT9qSrxquPVguazo7MwJzzaf2p1","createdAt":"2026-02-17T20:00:26.947Z","updatedBy":"eBT9qSrxquPVguazo7MwJzzaf2p1","updatedAt":"2026-02-17T20:05:45.087Z","name":"LHB06A HEVESI FÜVES PUSZTÁK II (01 MAR-31 JUL)","dataIngestion":true,"type":29,"icaoClass":8,"activity":0,"onDemand":false,"onRequest":false,"byNotam":false,"specialAgreement":false,"requestCompliance":false,"country":"HU","upperLimit":{"value":1500,"unit":1,"referenceDatum":0},"lowerLimit":{"value":0,"unit":1,"referenceDatum":0},"hoursOfOperation":{"operatingHours":[{"dayOfWeek":0,"startTime":"00:00","endTime":"00:00","byNotam":false,"sunrise":false,"sunset":false,"publicHolidaysExcluded":false},{"dayOfWeek":1,"startTime":"00:00","endTime":"00:00","byNotam":false,"sunrise":false,"sunset":false,"publicHolidaysExcluded":false},{"dayOfWeek":2,"startTime":"00:00","endTime":"00:00","byNotam":false,"sunrise":false,"sunset":false,"publicHolidaysExcluded":false},{"dayOfWeek":3,"startTime":"00:00","endTime":"00:00","byNotam":false,"sunrise":false,"sunset":false,"publicHolidaysExcluded":false},{"dayOfWeek":4,"startTime":"00:00","endTime":"00:00","byNotam":false,"sunrise":false,"sunset":false,"publicHolidaysExcluded":false},{"dayOfWeek":5,"startTime":"00:00","endTime":"00:00","byNotam":false,"sunrise":false,"sunset":false,"publicHolidaysExcluded":false},{"dayOfWeek":6,"startTime":"00:00","endTime":"00:00","byNotam":false,"sunrise":false,"sunset":false,"publicHolidaysExcluded":false}]},"deletable":true},"geometry":{"type":"Polygon","coordinates":[[[21.01139,47.80722],[20.79361,47.88833],[20.55389,47.75111],[20.25778,47.74167],[20.22889,47.45639],[20.42611,47.44667],[20.58889,47.47806],[20.98639,47.69944],[21.01139,47.80722]]]}}, {"type":"Feature","id":36,"properties":{"_id":"6994c8da2a624140943f6b04","createdBy":"eBT9qSrxquPVguazo7MwJzzaf2p1","createdAt":"2026-02-17T20:00:26.957Z","updatedBy":"eBT9qSrxquPVguazo7MwJzzaf2p1","updatedAt":"2026-02-17T20:05:45.208Z","name":"LHB06B HEVESI FÜVES PUSZTÁK II (01 AUG-01 MAR)","dataIngestion":true,"type":29,"icaoClass":8,"activity":0,"onDemand":false,"onRequest":false,"byNotam":false,"specialAgreement":false,"requestCompliance":false,"country":"HU","upperLimit":{"value":1000,"unit":1,"referenceDatum":0},"lowerLimit":{"value":0,"unit":1,"referenceDatum":0},"hoursOfOperation":{"operatingHours":[{"dayOfWeek":0,"startTime":"00:00","endTime":"00:00","byNotam":false,"sunrise":false,"sunset":false,"publicHolidaysExcluded":false},{"dayOfWeek":1,"startTime":"00:00","endTime":"00:00","byNotam":false,"sunrise":false,"sunset":false,"publicHolidaysExcluded":false},{"dayOfWeek":2,"startTime":"00:00","endTime":"00:00","byNotam":false,"sunrise":false,"sunset":false,"publicHolidaysExcluded":false},{"dayOfWeek":3,"startTime":"00:00","endTime":"00:00","byNotam":false,"sunrise":false,"sunset":false,"publicHolidaysExcluded":false},{"dayOfWeek":4,"startTime":"00:00","endTime":"00:00","byNotam":false,"sunrise":false,"sunset":false,"publicHolidaysExcluded":false},{"dayOfWeek":5,"startTime":"00:00","endTime":"00:00","byNotam":false,"sunrise":false,"sunset":false,"publicHolidaysExcluded":false},{"dayOfWeek":6,"startTime":"00:00","endTime":"00:00","byNotam":false,"sunrise":false,"sunset":false,"publicHolidaysExcluded":false}]},"deletable":true},"geometry":{"type":"Polygon","coordinates":[[[21.01139,47.80722],[20.79361,47.88833],[20.55389,47.75111],[20.25778,47.74167],[20.22889,47.45639],[20.42611,47.44667],[20.58889,47.47806],[20.98639,47.69944],[21.01139,47.80722]]]}}, {"type":"Feature","id":37,"properties":{"_id":"6994c8da2a624140943f6b07","createdBy":"eBT9qSrxquPVguazo7MwJzzaf2p1","createdAt":"2026-02-17T20:00:26.975Z","updatedBy":"eBT9qSrxquPVguazo7MwJzzaf2p1","updatedAt":"2026-02-17T20:05:45.314Z","name":"LHB07 HORTOBÁGY","dataIngestion":true,"type":29,"icaoClass":8,"activity":0,"onDemand":false,"onRequest":false,"byNotam":false,"specialAgreement":false,"requestCompliance":false,"country":"HU","upperLimit":{"value":1000,"unit":1,"referenceDatum":0},"lowerLimit":{"value":0,"unit":1,"referenceDatum":0},"hoursOfOperation":{"operatingHours":[{"dayOfWeek":0,"startTime":"00:00","endTime":"00:00","byNotam":false,"sunrise":false,"sunset":false,"publicHolidaysExcluded":false},{"dayOfWeek":1,"startTime":"00:00","endTime":"00:00","byNotam":false,"sunrise":false,"sunset":false,"publicHolidaysExcluded":false},{"dayOfWeek":2,"startTime":"00:00","endTime":"00:00","byNotam":false,"sunrise":false,"sunset":false,"publicHolidaysExcluded":false},{"dayOfWeek":3,"startTime":"00:00","endTime":"00:00","byNotam":false,"sunrise":false,"sunset":false,"publicHolidaysExcluded":false},{"dayOfWeek":4,"startTime":"00:00","endTime":"00:00","byNotam":false,"sunrise":false,"sunset":false,"publicHolidaysExcluded":false},{"dayOfWeek":5,"startTime":"00:00","endTime":"00:00","byNotam":false,"sunrise":false,"sunset":false,"publicHolidaysExcluded":false},{"dayOfWeek":6,"startTime":"00:00","endTime":"00:00","byNotam":false,"sunrise":false,"sunset":false,"publicHolidaysExcluded":false}]},"deletable":true},"geometry":{"type":"Polygon","coordinates":[[[21.13083,47.78833],[20.73389,47.41667],[21.11556,47.31083],[21.42778,47.7],[21.13083,47.78833]]]}}, {"type":"Feature","id":38,"properties":{"_id":"6994c8da2a624140943f6b0a","createdBy":"eBT9qSrxquPVguazo7MwJzzaf2p1","createdAt":"2026-02-17T20:00:26.985Z","updatedBy":"eBT9qSrxquPVguazo7MwJzzaf2p1","updatedAt":"2026-02-17T20:05:45.414Z","name":"LHB08 BIHARI-SÍK I","dataIngestion":true,"type":29,"icaoClass":8,"activity":0,"onDemand":false,"onRequest":false,"byNotam":false,"specialAgreement":false,"requestCompliance":false,"country":"HU","upperLimit":{"value":1000,"unit":1,"referenceDatum":0},"lowerLimit":{"value":0,"unit":1,"referenceDatum":0},"hoursOfOperation":{"operatingHours":[{"dayOfWeek":0,"startTime":"00:00","endTime":"00:00","byNotam":false,"sunrise":false,"sunset":false,"publicHolidaysExcluded":false},{"dayOfWeek":1,"startTime":"00:00","endTime":"00:00","byNotam":false,"sunrise":false,"sunset":false,"publicHolidaysExcluded":false},{"dayOfWeek":2,"startTime":"00:00","endTime":"00:00","byNotam":false,"sunrise":false,"sunset":false,"publicHolidaysExcluded":false},{"dayOfWeek":3,"startTime":"00:00","endTime":"00:00","byNotam":false,"sunrise":false,"sunset":false,"publicHolidaysExcluded":false},{"dayOfWeek":4,"startTime":"00:00","endTime":"00:00","byNotam":false,"sunrise":false,"sunset":false,"publicHolidaysExcluded":false},{"dayOfWeek":5,"startTime":"00:00","endTime":"00:00","byNotam":false,"sunrise":false,"sunset":false,"publicHolidaysExcluded":false},{"dayOfWeek":6,"startTime":"00:00","endTime":"00:00","byNotam":false,"sunrise":false,"sunset":false,"publicHolidaysExcluded":false}]},"deletable":true},"geometry":{"type":"Polygon","coordinates":[[[21.43639,47.19833],[21.67278,47.17694],[21.51444,47.3075],[21.35972,47.30861],[21.43639,47.19833]]]}}, {"type":"Feature","id":39,"properties":{"_id":"6994c8da2a624140943f6b0d","createdBy":"eBT9qSrxquPVguazo7MwJzzaf2p1","createdAt":"2026-02-17T20:00:26.993Z","updatedBy":"eBT9qSrxquPVguazo7MwJzzaf2p1","updatedAt":"2026-02-17T20:05:45.516Z","name":"LHB09 BIHARI-SÍK II","dataIngestion":true,"type":29,"icaoClass":8,"activity":0,"onDemand":false,"onRequest":false,"byNotam":false,"specialAgreement":false,"requestCompliance":false,"country":"HU","upperLimit":{"value":0,"unit":1,"referenceDatum":0},"lowerLimit":{"value":0,"unit":1,"referenceDatum":0},"hoursOfOperation":{"operatingHours":[{"dayOfWeek":0,"startTime":"00:00","endTime":"00:00","byNotam":false,"sunrise":false,"sunset":false,"publicHolidaysExcluded":false},{"dayOfWeek":1,"startTime":"00:00","endTime":"00:00","byNotam":false,"sunrise":false,"sunset":false,"publicHolidaysExcluded":false},{"dayOfWeek":2,"startTime":"00:00","endTime":"00:00","byNotam":false,"sunrise":false,"sunset":false,"publicHolidaysExcluded":false},{"dayOfWeek":3,"startTime":"00:00","endTime":"00:00","byNotam":false,"sunrise":false,"sunset":false,"publicHolidaysExcluded":false},{"dayOfWeek":4,"startTime":"00:00","endTime":"00:00","byNotam":false,"sunrise":false,"sunset":false,"publicHolidaysExcluded":false},{"dayOfWeek":5,"startTime":"00:00","endTime":"00:00","byNotam":false,"sunrise":false,"sunset":false,"publicHolidaysExcluded":false},{"dayOfWeek":6,"startTime":"00:00","endTime":"00:00","byNotam":false,"sunrise":false,"sunset":false,"publicHolidaysExcluded":false}]},"deletable":true},"geometry":{"type":"Polygon","coordinates":[[[21.23472,47.02194],[21.52639,47.01194],[21.63583,47.06944],[21.62222,47.0925],[21.67278,47.17694],[21.43639,47.19833],[21.35972,47.30861],[21.22833,47.30944],[21.23472,47.02194]]]}}, {"type":"Feature","id":40,"properties":{"_id":"6994c8db2a624140943f6b10","createdBy":"eBT9qSrxquPVguazo7MwJzzaf2p1","createdAt":"2026-02-17T20:00:27.015Z","updatedBy":"eBT9qSrxquPVguazo7MwJzzaf2p1","updatedAt":"2026-02-17T20:05:45.621Z","name":"LHB10 ALSÓ-TISZA-VÖLGY","dataIngestion":true,"type":29,"icaoClass":8,"activity":0,"onDemand":false,"onRequest":false,"byNotam":false,"specialAgreement":false,"requestCompliance":false,"country":"HU","upperLimit":{"value":1500,"unit":1,"referenceDatum":0},"lowerLimit":{"value":0,"unit":1,"referenceDatum":0},"hoursOfOperation":{"operatingHours":[{"dayOfWeek":0,"startTime":"00:00","endTime":"00:00","byNotam":false,"sunrise":false,"sunset":false,"publicHolidaysExcluded":false},{"dayOfWeek":1,"startTime":"00:00","endTime":"00:00","byNotam":false,"sunrise":false,"sunset":false,"publicHolidaysExcluded":false},{"dayOfWeek":2,"startTime":"00:00","endTime":"00:00","byNotam":false,"sunrise":false,"sunset":false,"publicHolidaysExcluded":false},{"dayOfWeek":3,"startTime":"00:00","endTime":"00:00","byNotam":false,"sunrise":false,"sunset":false,"publicHolidaysExcluded":false},{"dayOfWeek":4,"startTime":"00:00","endTime":"00:00","byNotam":false,"sunrise":false,"sunset":false,"publicHolidaysExcluded":false},{"dayOfWeek":5,"startTime":"00:00","endTime":"00:00","byNotam":false,"sunrise":false,"sunset":false,"publicHolidaysExcluded":false},{"dayOfWeek":6,"startTime":"00:00","endTime":"00:00","byNotam":false,"sunrise":false,"sunset":false,"publicHolidaysExcluded":false}]},"deletable":true},"geometry":{"type":"Polygon","coordinates":[[[19.97556,46.74972],[19.85194,46.59639],[19.88444,46.54833],[19.99528,46.62306],[19.99972,46.39389],[20.29417,46.38611],[20.21722,46.69194],[19.97556,46.74972]]]}}, {"type":"Feature","id":41,"properties":{"_id":"6994c8db2a624140943f6b13","createdBy":"eBT9qSrxquPVguazo7MwJzzaf2p1","createdAt":"2026-02-17T20:00:27.027Z","updatedBy":"eBT9qSrxquPVguazo7MwJzzaf2p1","updatedAt":"2026-02-17T20:05:45.716Z","name":"LHB11 CSANÁDI PUSZTÁK","dataIngestion":true,"type":29,"icaoClass":8,"activity":0,"onDemand":false,"onRequest":false,"byNotam":false,"specialAgreement":false,"requestCompliance":false,"country":"HU","upperLimit":{"value":1500,"unit":1,"referenceDatum":0},"lowerLimit":{"value":0,"unit":1,"referenceDatum":0},"hoursOfOperation":{"operatingHours":[{"dayOfWeek":0,"startTime":"00:00","endTime":"00:00","byNotam":false,"sunrise":false,"sunset":false,"publicHolidaysExcluded":false},{"dayOfWeek":1,"startTime":"00:00","endTime":"00:00","byNotam":false,"sunrise":false,"sunset":false,"publicHolidaysExcluded":false},{"dayOfWeek":2,"startTime":"00:00","endTime":"00:00","byNotam":false,"sunrise":false,"sunset":false,"publicHolidaysExcluded":false},{"dayOfWeek":3,"startTime":"00:00","endTime":"00:00","byNotam":false,"sunrise":false,"sunset":false,"publicHolidaysExcluded":false},{"dayOfWeek":4,"startTime":"00:00","endTime":"00:00","byNotam":false,"sunrise":false,"sunset":false,"publicHolidaysExcluded":false},{"dayOfWeek":5,"startTime":"00:00","endTime":"00:00","byNotam":false,"sunrise":false,"sunset":false,"publicHolidaysExcluded":false},{"dayOfWeek":6,"startTime":"00:00","endTime":"00:00","byNotam":false,"sunrise":false,"sunset":false,"publicHolidaysExcluded":false}]},"deletable":true},"geometry":{"type":"Polygon","coordinates":[[[20.63889,46.36327],[20.63562,46.36313],[20.63241,46.3627],[20.6293,46.362],[20.62633,46.36104],[20.62357,46.35983],[20.62105,46.35839],[20.61881,46.35674],[20.61689,46.35492],[20.61531,46.35294],[20.6141,46.35084],[20.61329,46.34865],[20.61288,46.34641],[20.61288,46.34415],[20.6133,46.34191],[20.61411,46.33972],[20.61532,46.33762],[20.61689,46.33564],[20.61882,46.33381],[20.62106,46.33217],[20.62358,46.33073],[20.62634,46.32952],[20.6293,46.32856],[20.63241,46.32786],[20.63563,46.32743],[20.63889,46.32729],[20.64216,46.32743],[20.64537,46.32786],[20.64848,46.32856],[20.65144,46.32952],[20.6542,46.33073],[20.65672,46.33217],[20.65896,46.33381],[20.66089,46.33564],[20.66246,46.33762],[20.66367,46.33972],[20.66448,46.34191],[20.6649,46.34415],[20.6649,46.34641],[20.66449,46.34865],[20.66368,46.35084],[20.66247,46.35294],[20.6609,46.35492],[20.65897,46.35674],[20.65673,46.35839],[20.65421,46.35983],[20.65145,46.36104],[20.64849,46.362],[20.64537,46.3627],[20.64216,46.36313],[20.63889,46.36327]]]}}, {"type":"Feature","id":42,"properties":{"_id":"6994c8db2a624140943f6b16","createdBy":"eBT9qSrxquPVguazo7MwJzzaf2p1","createdAt":"2026-02-17T20:00:27.042Z","updatedBy":"eBT9qSrxquPVguazo7MwJzzaf2p1","updatedAt":"2026-02-17T20:05:45.844Z","name":"LHB12 KARDOSKÚT","dataIngestion":true,"type":29,"icaoClass":8,"activity":0,"onDemand":false,"onRequest":false,"byNotam":false,"specialAgreement":false,"requestCompliance":false,"country":"HU","upperLimit":{"value":1500,"unit":1,"referenceDatum":0},"lowerLimit":{"value":0,"unit":1,"referenceDatum":0},"hoursOfOperation":{"operatingHours":[{"dayOfWeek":0,"startTime":"00:00","endTime":"00:00","byNotam":false,"sunrise":false,"sunset":false,"publicHolidaysExcluded":false},{"dayOfWeek":1,"startTime":"00:00","endTime":"00:00","byNotam":false,"sunrise":false,"sunset":false,"publicHolidaysExcluded":false},{"dayOfWeek":2,"startTime":"00:00","endTime":"00:00","byNotam":false,"sunrise":false,"sunset":false,"publicHolidaysExcluded":false},{"dayOfWeek":3,"startTime":"00:00","endTime":"00:00","byNotam":false,"sunrise":false,"sunset":false,"publicHolidaysExcluded":false},{"dayOfWeek":4,"startTime":"00:00","endTime":"00:00","byNotam":false,"sunrise":false,"sunset":false,"publicHolidaysExcluded":false},{"dayOfWeek":5,"startTime":"00:00","endTime":"00:00","byNotam":false,"sunrise":false,"sunset":false,"publicHolidaysExcluded":false},{"dayOfWeek":6,"startTime":"00:00","endTime":"00:00","byNotam":false,"sunrise":false,"sunset":false,"publicHolidaysExcluded":false}]},"deletable":true},"geometry":{"type":"Polygon","coordinates":[[[20.62889,46.50931],[20.62234,46.50902],[20.61589,46.50818],[20.60965,46.50678],[20.60664,46.50588],[20.60088,46.5037],[20.59558,46.50105],[20.59079,46.49795],[20.58862,46.49626],[20.58661,46.49447],[20.5831,46.49065],[20.58161,46.48864],[20.58031,46.48656],[20.5792,46.48444],[20.57829,46.48227],[20.57757,46.48006],[20.57706,46.47783],[20.57675,46.47558],[20.57665,46.47332],[20.57676,46.47106],[20.57707,46.46881],[20.57758,46.46658],[20.5783,46.46437],[20.57922,46.4622],[20.58033,46.46008],[20.58164,46.458],[20.58313,46.45599],[20.58665,46.45218],[20.59083,46.4487],[20.59561,46.44561],[20.60092,46.44295],[20.60666,46.44078],[20.61276,46.43911],[20.61911,46.43799],[20.62561,46.43743],[20.62889,46.43735],[20.63217,46.43743],[20.63867,46.43799],[20.64502,46.43911],[20.65112,46.44078],[20.65687,46.44295],[20.66217,46.44561],[20.66463,46.4471],[20.66912,46.45039],[20.67114,46.45218],[20.67465,46.45599],[20.67614,46.458],[20.67745,46.46008],[20.67856,46.4622],[20.67948,46.46437],[20.6802,46.46658],[20.68071,46.46881],[20.68102,46.47106],[20.68113,46.47332],[20.68103,46.47558],[20.68072,46.47783],[20.68021,46.48006],[20.6795,46.48227],[20.67858,46.48444],[20.67747,46.48656],[20.67617,46.48864],[20.67468,46.49065],[20.67301,46.4926],[20.66916,46.49626],[20.66699,46.49795],[20.66221,46.50105],[20.6569,46.5037],[20.65115,46.50588],[20.64813,46.50678],[20.64189,46.50818],[20.63869,46.50867],[20.63217,46.50924],[20.62889,46.50931]]]}}, {"type":"Feature","id":43,"properties":{"_id":"6994c8db2a624140943f6b19","createdBy":"eBT9qSrxquPVguazo7MwJzzaf2p1","createdAt":"2026-02-17T20:00:27.058Z","updatedBy":"eBT9qSrxquPVguazo7MwJzzaf2p1","updatedAt":"2026-02-17T20:05:45.954Z","name":"LHB13 GEMENC","dataIngestion":true,"type":29,"icaoClass":8,"activity":0,"onDemand":false,"onRequest":false,"byNotam":false,"specialAgreement":false,"requestCompliance":false,"country":"HU","upperLimit":{"value":1500,"unit":1,"referenceDatum":0},"lowerLimit":{"value":0,"unit":1,"referenceDatum":0},"hoursOfOperation":{"operatingHours":[{"dayOfWeek":0,"startTime":"00:00","endTime":"00:00","byNotam":false,"sunrise":false,"sunset":false,"publicHolidaysExcluded":false},{"dayOfWeek":1,"startTime":"00:00","endTime":"00:00","byNotam":false,"sunrise":false,"sunset":false,"publicHolidaysExcluded":false},{"dayOfWeek":2,"startTime":"00:00","endTime":"00:00","byNotam":false,"sunrise":false,"sunset":false,"publicHolidaysExcluded":false},{"dayOfWeek":3,"startTime":"00:00","endTime":"00:00","byNotam":false,"sunrise":false,"sunset":false,"publicHolidaysExcluded":false},{"dayOfWeek":4,"startTime":"00:00","endTime":"00:00","byNotam":false,"sunrise":false,"sunset":false,"publicHolidaysExcluded":false},{"dayOfWeek":5,"startTime":"00:00","endTime":"00:00","byNotam":false,"sunrise":false,"sunset":false,"publicHolidaysExcluded":false},{"dayOfWeek":6,"startTime":"00:00","endTime":"00:00","byNotam":false,"sunrise":false,"sunset":false,"publicHolidaysExcluded":false}]},"deletable":true},"geometry":{"type":"Polygon","coordinates":[[[18.77083,46.38806],[18.74417,46.36722],[18.8425,46.315],[18.71833,46.05444],[18.74889,46.03472],[18.94361,46.1625],[18.9175,46.25722],[18.93889,46.3375],[18.77083,46.38806]]]}}, {"type":"Feature","id":44,"properties":{"_id":"6994c8db2a624140943f6b1c","createdBy":"eBT9qSrxquPVguazo7MwJzzaf2p1","createdAt":"2026-02-17T20:00:27.071Z","updatedBy":"eBT9qSrxquPVguazo7MwJzzaf2p1","updatedAt":"2026-02-17T20:05:46.063Z","name":"LHB14 TAPOLCAI-MEDENCE","dataIngestion":true,"type":29,"icaoClass":8,"activity":0,"onDemand":false,"onRequest":false,"byNotam":false,"specialAgreement":false,"requestCompliance":false,"country":"HU","upperLimit":{"value":1500,"unit":1,"referenceDatum":0},"lowerLimit":{"value":0,"unit":1,"referenceDatum":0},"hoursOfOperation":{"operatingHours":[{"dayOfWeek":0,"startTime":"00:00","endTime":"00:00","byNotam":false,"sunrise":false,"sunset":false,"publicHolidaysExcluded":false},{"dayOfWeek":1,"startTime":"00:00","endTime":"00:00","byNotam":false,"sunrise":false,"sunset":false,"publicHolidaysExcluded":false},{"dayOfWeek":2,"startTime":"00:00","endTime":"00:00","byNotam":false,"sunrise":false,"sunset":false,"publicHolidaysExcluded":false},{"dayOfWeek":3,"startTime":"00:00","endTime":"00:00","byNotam":false,"sunrise":false,"sunset":false,"publicHolidaysExcluded":false},{"dayOfWeek":4,"startTime":"00:00","endTime":"00:00","byNotam":false,"sunrise":false,"sunset":false,"publicHolidaysExcluded":false},{"dayOfWeek":5,"startTime":"00:00","endTime":"00:00","byNotam":false,"sunrise":false,"sunset":false,"publicHolidaysExcluded":false},{"dayOfWeek":6,"startTime":"00:00","endTime":"00:00","byNotam":false,"sunrise":false,"sunset":false,"publicHolidaysExcluded":false}]},"deletable":true},"geometry":{"type":"Polygon","coordinates":[[[17.40278,46.82821],[17.3997,46.82805],[17.39669,46.82755],[17.39383,46.82674],[17.39119,46.82563],[17.38884,46.82426],[17.38683,46.82265],[17.38521,46.82084],[17.38403,46.81889],[17.38331,46.81683],[17.38307,46.81472],[17.38331,46.81261],[17.38403,46.81055],[17.38522,46.80859],[17.38683,46.80679],[17.38884,46.80518],[17.3912,46.80381],[17.39383,46.8027],[17.39669,46.80189],[17.3997,46.8014],[17.40278,46.80123],[17.40586,46.8014],[17.40887,46.80189],[17.41173,46.8027],[17.41437,46.80381],[17.41672,46.80518],[17.41873,46.80679],[17.42034,46.80859],[17.42153,46.81055],[17.42225,46.81261],[17.42249,46.81472],[17.42225,46.81683],[17.42153,46.81889],[17.42035,46.82084],[17.41873,46.82265],[17.41672,46.82426],[17.41437,46.82563],[17.41173,46.82674],[17.40887,46.82755],[17.40586,46.82805],[17.40278,46.82821]]]}}, {"type":"Feature","id":45,"properties":{"_id":"6994c8db2a624140943f6b1f","createdBy":"eBT9qSrxquPVguazo7MwJzzaf2p1","createdAt":"2026-02-17T20:00:27.082Z","updatedBy":"eBT9qSrxquPVguazo7MwJzzaf2p1","updatedAt":"2026-02-17T20:05:46.188Z","name":"LHB15 TIHANY","dataIngestion":true,"type":29,"icaoClass":8,"activity":0,"onDemand":false,"onRequest":false,"byNotam":false,"specialAgreement":false,"requestCompliance":false,"country":"HU","upperLimit":{"value":1500,"unit":1,"referenceDatum":0},"lowerLimit":{"value":0,"unit":1,"referenceDatum":0},"hoursOfOperation":{"operatingHours":[{"dayOfWeek":0,"startTime":"00:00","endTime":"00:00","byNotam":false,"sunrise":false,"sunset":false,"publicHolidaysExcluded":false},{"dayOfWeek":1,"startTime":"00:00","endTime":"00:00","byNotam":false,"sunrise":false,"sunset":false,"publicHolidaysExcluded":false},{"dayOfWeek":2,"startTime":"00:00","endTime":"00:00","byNotam":false,"sunrise":false,"sunset":false,"publicHolidaysExcluded":false},{"dayOfWeek":3,"startTime":"00:00","endTime":"00:00","byNotam":false,"sunrise":false,"sunset":false,"publicHolidaysExcluded":false},{"dayOfWeek":4,"startTime":"00:00","endTime":"00:00","byNotam":false,"sunrise":false,"sunset":false,"publicHolidaysExcluded":false},{"dayOfWeek":5,"startTime":"00:00","endTime":"00:00","byNotam":false,"sunrise":false,"sunset":false,"publicHolidaysExcluded":false},{"dayOfWeek":6,"startTime":"00:00","endTime":"00:00","byNotam":false,"sunrise":false,"sunset":false,"publicHolidaysExcluded":false}]},"deletable":true},"geometry":{"type":"Polygon","coordinates":[[[17.85083,46.925],[17.85889,46.90694],[17.87667,46.89361],[17.90583,46.905],[17.89472,46.9225],[17.87167,46.92944],[17.85083,46.925]]]}}, {"type":"Feature","id":46,"properties":{"_id":"6994c8db2a624140943f6b22","createdBy":"eBT9qSrxquPVguazo7MwJzzaf2p1","createdAt":"2026-02-17T20:00:27.092Z","updatedBy":"eBT9qSrxquPVguazo7MwJzzaf2p1","updatedAt":"2026-02-17T20:46:31.783Z","name":"LHB16 ŐRSÉG","dataIngestion":true,"type":29,"icaoClass":8,"activity":0,"onDemand":false,"onRequest":false,"byNotam":false,"specialAgreement":false,"requestCompliance":false,"country":"HU","upperLimit":{"value":1500,"unit":1,"referenceDatum":0},"lowerLimit":{"value":0,"unit":1,"referenceDatum":0},"hoursOfOperation":{"operatingHours":[{"dayOfWeek":0,"startTime":"00:00","endTime":"00:00","byNotam":false,"sunrise":false,"sunset":false,"publicHolidaysExcluded":false},{"dayOfWeek":1,"startTime":"00:00","endTime":"00:00","byNotam":false,"sunrise":false,"sunset":false,"publicHolidaysExcluded":false},{"dayOfWeek":2,"startTime":"00:00","endTime":"00:00","byNotam":false,"sunrise":false,"sunset":false,"publicHolidaysExcluded":false},{"dayOfWeek":3,"startTime":"00:00","endTime":"00:00","byNotam":false,"sunrise":false,"sunset":false,"publicHolidaysExcluded":false},{"dayOfWeek":4,"startTime":"00:00","endTime":"00:00","byNotam":false,"sunrise":false,"sunset":false,"publicHolidaysExcluded":false},{"dayOfWeek":5,"startTime":"00:00","endTime":"00:00","byNotam":false,"sunrise":false,"sunset":false,"publicHolidaysExcluded":false},{"dayOfWeek":6,"startTime":"00:00","endTime":"00:00","byNotam":false,"sunrise":false,"sunset":false,"publicHolidaysExcluded":false}]},"deletable":true},"geometry":{"type":"Polygon","coordinates":[[[16.27694,46.97361],[16.2775,46.96722],[16.27639,46.96278],[16.27417,46.96194],[16.27222,46.9625],[16.26944,46.96111],[16.26333,46.96389],[16.25528,46.96417],[16.24917,46.96111],[16.24278,46.95583],[16.24667,46.94972],[16.24528,46.94889],[16.24472,46.94611],[16.23889,46.9475],[16.23472,46.94556],[16.23278,46.94278],[16.22861,46.94306],[16.22667,46.94139],[16.22417,46.94028],[16.2225,46.93889],[16.22222,46.93611],[16.21806,46.93639],[16.21778,46.94083],[16.21611,46.93972],[16.21194,46.94056],[16.21028,46.9425],[16.20778,46.93917],[16.20611,46.9425],[16.2,46.94167],[16.19583,46.93889],[16.19361,46.93556],[16.19389,46.93389],[16.19056,46.92972],[16.18694,46.92139],[16.18194,46.915],[16.17889,46.90667],[16.1725,46.905],[16.17111,46.90361],[16.16778,46.90333],[16.16333,46.90472],[16.15889,46.90056],[16.1575,46.89694],[16.15333,46.89639],[16.15389,46.89361],[16.14889,46.89306],[16.14833,46.88972],[16.14528,46.88611],[16.14306,46.88528],[16.14,46.88583],[16.13667,46.88111],[16.13417,46.87806],[16.13389,46.87611],[16.12917,46.87472],[16.12667,46.87333],[16.12528,46.87361],[16.12444,46.87194],[16.12222,46.87278],[16.11889,46.87194],[16.11389,46.86917],[16.11861,46.86417],[16.12278,46.86333],[16.1275,46.85722],[16.14028,46.855],[16.15083,46.85528],[16.15639,46.85361],[16.16444,46.86028],[16.17611,46.85694],[16.18444,46.86528],[16.1975,46.86694],[16.20444,46.86944],[16.21278,46.86944],[16.21611,46.86861],[16.22694,46.87194],[16.23278,46.87667],[16.26583,46.87167],[16.29111,46.87278],[16.29556,46.87083],[16.29833,46.86333],[16.30167,46.85972],[16.30833,46.85944],[16.30833,46.85639],[16.31694,46.85667],[16.31917,46.85583],[16.32139,46.85194],[16.33,46.845],[16.34028,46.84639],[16.33861,46.84333],[16.34361,46.8425],[16.34778,46.84056],[16.34806,46.83694],[16.35056,46.82972],[16.34417,46.83],[16.34389,46.82167],[16.34083,46.82167],[16.34028,46.81444],[16.34,46.80417],[16.33361,46.80194],[16.31889,46.80083],[16.31306,46.79778],[16.31083,46.785],[16.31278,46.77833],[16.31833,46.77694],[16.32917,46.77778],[16.32861,46.77111],[16.32278,46.76472],[16.32139,46.75833],[16.31806,46.755],[16.32361,46.75056],[16.3325,46.74833],[16.33444,46.74389],[16.34611,46.73583],[16.35028,46.73],[16.3475,46.72444],[16.35472,46.72472],[16.35278,46.72222],[16.3575,46.71444],[16.37083,46.72167],[16.37472,46.71889],[16.37944,46.71472],[16.53611,46.72306],[16.65194,46.99778],[16.27694,46.97361]]]}}, {"type":"Feature","id":47,"properties":{"_id":"6994c8db2a624140943f6b25","createdBy":"eBT9qSrxquPVguazo7MwJzzaf2p1","createdAt":"2026-02-17T20:00:27.103Z","updatedBy":"eBT9qSrxquPVguazo7MwJzzaf2p1","updatedAt":"2026-02-17T20:05:46.409Z","name":"LHB17 SÁRVÍZ-VÖLGYE","dataIngestion":true,"type":29,"icaoClass":8,"activity":0,"onDemand":false,"onRequest":false,"byNotam":false,"specialAgreement":false,"requestCompliance":false,"country":"HU","upperLimit":{"value":1500,"unit":1,"referenceDatum":0},"lowerLimit":{"value":0,"unit":1,"referenceDatum":0},"hoursOfOperation":{"operatingHours":[{"dayOfWeek":0,"startTime":"00:00","endTime":"00:00","byNotam":false,"sunrise":false,"sunset":false,"publicHolidaysExcluded":false},{"dayOfWeek":1,"startTime":"00:00","endTime":"00:00","byNotam":false,"sunrise":false,"sunset":false,"publicHolidaysExcluded":false},{"dayOfWeek":2,"startTime":"00:00","endTime":"00:00","byNotam":false,"sunrise":false,"sunset":false,"publicHolidaysExcluded":false},{"dayOfWeek":3,"startTime":"00:00","endTime":"00:00","byNotam":false,"sunrise":false,"sunset":false,"publicHolidaysExcluded":false},{"dayOfWeek":4,"startTime":"00:00","endTime":"00:00","byNotam":false,"sunrise":false,"sunset":false,"publicHolidaysExcluded":false},{"dayOfWeek":5,"startTime":"00:00","endTime":"00:00","byNotam":false,"sunrise":false,"sunset":false,"publicHolidaysExcluded":false},{"dayOfWeek":6,"startTime":"00:00","endTime":"00:00","byNotam":false,"sunrise":false,"sunset":false,"publicHolidaysExcluded":false}]},"deletable":true},"geometry":{"type":"Polygon","coordinates":[[[18.53944,47.03028],[18.435,47.01639],[18.59806,46.78139],[18.68778,46.80361],[18.53944,47.03028]]]}}, {"type":"Feature","id":48,"properties":{"_id":"6994c8db2a624140943f6b28","createdBy":"eBT9qSrxquPVguazo7MwJzzaf2p1","createdAt":"2026-02-17T20:00:27.114Z","updatedBy":"eBT9qSrxquPVguazo7MwJzzaf2p1","updatedAt":"2026-02-17T20:46:31.823Z","name":"LHB18 FERTŐ","dataIngestion":true,"type":29,"icaoClass":8,"activity":0,"onDemand":false,"onRequest":false,"byNotam":false,"specialAgreement":false,"requestCompliance":false,"country":"HU","upperLimit":{"value":1500,"unit":1,"referenceDatum":0},"lowerLimit":{"value":0,"unit":1,"referenceDatum":0},"hoursOfOperation":{"operatingHours":[{"dayOfWeek":0,"startTime":"00:00","endTime":"00:00","byNotam":false,"sunrise":false,"sunset":false,"publicHolidaysExcluded":false},{"dayOfWeek":1,"startTime":"00:00","endTime":"00:00","byNotam":false,"sunrise":false,"sunset":false,"publicHolidaysExcluded":false},{"dayOfWeek":2,"startTime":"00:00","endTime":"00:00","byNotam":false,"sunrise":false,"sunset":false,"publicHolidaysExcluded":false},{"dayOfWeek":3,"startTime":"00:00","endTime":"00:00","byNotam":false,"sunrise":false,"sunset":false,"publicHolidaysExcluded":false},{"dayOfWeek":4,"startTime":"00:00","endTime":"00:00","byNotam":false,"sunrise":false,"sunset":false,"publicHolidaysExcluded":false},{"dayOfWeek":5,"startTime":"00:00","endTime":"00:00","byNotam":false,"sunrise":false,"sunset":false,"publicHolidaysExcluded":false},{"dayOfWeek":6,"startTime":"00:00","endTime":"00:00","byNotam":false,"sunrise":false,"sunset":false,"publicHolidaysExcluded":false}]},"deletable":true},"geometry":{"type":"Polygon","coordinates":[[[16.74889,47.68139],[16.72167,47.72222],[16.72,47.73583],[16.70694,47.73639],[16.70417,47.73528],[16.69694,47.73111],[16.69028,47.72639],[16.68444,47.72139],[16.68083,47.71778],[16.67917,47.71583],[16.6775,47.71417],[16.67333,47.70833],[16.67083,47.70417],[16.67,47.70222],[16.66889,47.70028],[16.66806,47.69806],[16.66667,47.69389],[16.66611,47.69167],[16.665,47.68333],[16.665,47.67889],[16.66583,47.6725],[16.6675,47.66611],[16.67,47.66],[16.67333,47.65389],[16.6775,47.64806],[16.6825,47.6425],[16.68833,47.6375],[16.6925,47.63417],[16.69944,47.62972],[16.70444,47.62694],[16.70694,47.62583],[16.70944,47.62444],[16.72056,47.62],[16.73222,47.61667],[16.74139,47.61472],[16.74444,47.61417],[16.76028,47.61278],[16.77306,47.61278],[16.78889,47.61417],[16.795,47.61528],[16.79806,47.61611],[16.80111,47.61667],[16.81278,47.62],[16.82389,47.62444],[16.82639,47.62583],[16.82889,47.62694],[16.83389,47.62972],[16.84083,47.63417],[16.845,47.6375],[16.85083,47.6425],[16.85583,47.64806],[16.86,47.65389],[16.86333,47.66],[16.86583,47.66611],[16.8675,47.6725],[16.86833,47.67889],[16.86833,47.68333],[16.86722,47.69167],[16.86667,47.69389],[16.86444,47.70028],[16.86333,47.70222],[16.86139,47.70639],[16.85722,47.71222],[16.85417,47.71028],[16.84111,47.70556],[16.83778,47.6975],[16.82806,47.68278],[16.74889,47.68139]]]}}, {"type":"Feature","id":49,"properties":{"_id":"6994c8db2a624140943f6b2b","createdBy":"eBT9qSrxquPVguazo7MwJzzaf2p1","createdAt":"2026-02-17T20:00:27.138Z","updatedBy":"eBT9qSrxquPVguazo7MwJzzaf2p1","updatedAt":"2026-02-17T20:05:46.626Z","name":"LHB19A GERECSE","dataIngestion":true,"type":29,"icaoClass":8,"activity":0,"onDemand":false,"onRequest":false,"byNotam":false,"specialAgreement":false,"requestCompliance":false,"country":"HU","upperLimit":{"value":1500,"unit":1,"referenceDatum":0},"lowerLimit":{"value":0,"unit":1,"referenceDatum":0},"hoursOfOperation":{"operatingHours":[{"dayOfWeek":0,"startTime":"00:00","endTime":"00:00","byNotam":false,"sunrise":false,"sunset":false,"publicHolidaysExcluded":false},{"dayOfWeek":1,"startTime":"00:00","endTime":"00:00","byNotam":false,"sunrise":false,"sunset":false,"publicHolidaysExcluded":false},{"dayOfWeek":2,"startTime":"00:00","endTime":"00:00","byNotam":false,"sunrise":false,"sunset":false,"publicHolidaysExcluded":false},{"dayOfWeek":3,"startTime":"00:00","endTime":"00:00","byNotam":false,"sunrise":false,"sunset":false,"publicHolidaysExcluded":false},{"dayOfWeek":4,"startTime":"00:00","endTime":"00:00","byNotam":false,"sunrise":false,"sunset":false,"publicHolidaysExcluded":false},{"dayOfWeek":5,"startTime":"00:00","endTime":"00:00","byNotam":false,"sunrise":false,"sunset":false,"publicHolidaysExcluded":false},{"dayOfWeek":6,"startTime":"00:00","endTime":"00:00","byNotam":false,"sunrise":false,"sunset":false,"publicHolidaysExcluded":false}]},"deletable":true},"geometry":{"type":"Polygon","coordinates":[[[18.25833,47.73861],[18.25833,47.69611],[18.28417,47.66667],[18.32222,47.66667],[18.37694,47.56917],[18.52472,47.57083],[18.52083,47.73278],[18.29194,47.72722],[18.25833,47.73861]]]}}, {"type":"Feature","id":50,"properties":{"_id":"6994c8db2a624140943f6b2e","createdBy":"eBT9qSrxquPVguazo7MwJzzaf2p1","createdAt":"2026-02-17T20:00:27.154Z","updatedBy":"eBT9qSrxquPVguazo7MwJzzaf2p1","updatedAt":"2026-02-17T20:05:46.725Z","name":"LHB19B TATAI ÖREG-TÓ (01 OCT-31 MAR)","dataIngestion":true,"type":29,"icaoClass":8,"activity":0,"onDemand":false,"onRequest":false,"byNotam":false,"specialAgreement":false,"requestCompliance":false,"country":"HU","upperLimit":{"value":1500,"unit":1,"referenceDatum":0},"lowerLimit":{"value":0,"unit":1,"referenceDatum":0},"hoursOfOperation":{"operatingHours":[{"dayOfWeek":0,"startTime":"00:00","endTime":"00:00","byNotam":false,"sunrise":false,"sunset":false,"publicHolidaysExcluded":false},{"dayOfWeek":1,"startTime":"00:00","endTime":"00:00","byNotam":false,"sunrise":false,"sunset":false,"publicHolidaysExcluded":false},{"dayOfWeek":2,"startTime":"00:00","endTime":"00:00","byNotam":false,"sunrise":false,"sunset":false,"publicHolidaysExcluded":false},{"dayOfWeek":3,"startTime":"00:00","endTime":"00:00","byNotam":false,"sunrise":false,"sunset":false,"publicHolidaysExcluded":false},{"dayOfWeek":4,"startTime":"00:00","endTime":"00:00","byNotam":false,"sunrise":false,"sunset":false,"publicHolidaysExcluded":false},{"dayOfWeek":5,"startTime":"00:00","endTime":"00:00","byNotam":false,"sunrise":false,"sunset":false,"publicHolidaysExcluded":false},{"dayOfWeek":6,"startTime":"00:00","endTime":"00:00","byNotam":false,"sunrise":false,"sunset":false,"publicHolidaysExcluded":false}]},"deletable":true},"geometry":{"type":"Polygon","coordinates":[[[18.3525,47.61306],[18.32222,47.66667],[18.28417,47.66667],[18.31583,47.62417],[18.3525,47.61306]]]}}, {"type":"Feature","id":51,"properties":{"_id":"6994c8db2a624140943f6b31","createdBy":"eBT9qSrxquPVguazo7MwJzzaf2p1","createdAt":"2026-02-17T20:00:27.165Z","updatedBy":"eBT9qSrxquPVguazo7MwJzzaf2p1","updatedAt":"2026-02-17T20:05:46.828Z","name":"LHB20 DÉL-HANSÁG","dataIngestion":true,"type":29,"icaoClass":8,"activity":0,"onDemand":false,"onRequest":false,"byNotam":false,"specialAgreement":false,"requestCompliance":false,"country":"HU","upperLimit":{"value":1500,"unit":1,"referenceDatum":0},"lowerLimit":{"value":0,"unit":1,"referenceDatum":0},"hoursOfOperation":{"operatingHours":[{"dayOfWeek":0,"startTime":"00:00","endTime":"00:00","byNotam":false,"sunrise":false,"sunset":false,"publicHolidaysExcluded":false},{"dayOfWeek":1,"startTime":"00:00","endTime":"00:00","byNotam":false,"sunrise":false,"sunset":false,"publicHolidaysExcluded":false},{"dayOfWeek":2,"startTime":"00:00","endTime":"00:00","byNotam":false,"sunrise":false,"sunset":false,"publicHolidaysExcluded":false},{"dayOfWeek":3,"startTime":"00:00","endTime":"00:00","byNotam":false,"sunrise":false,"sunset":false,"publicHolidaysExcluded":false},{"dayOfWeek":4,"startTime":"00:00","endTime":"00:00","byNotam":false,"sunrise":false,"sunset":false,"publicHolidaysExcluded":false},{"dayOfWeek":5,"startTime":"00:00","endTime":"00:00","byNotam":false,"sunrise":false,"sunset":false,"publicHolidaysExcluded":false},{"dayOfWeek":6,"startTime":"00:00","endTime":"00:00","byNotam":false,"sunrise":false,"sunset":false,"publicHolidaysExcluded":false}]},"deletable":true},"geometry":{"type":"Polygon","coordinates":[[[17.09139,47.70972],[17.09306,47.70833],[17.04056,47.70444],[17.02,47.70111],[17.03028,47.64694],[17.09861,47.64639],[17.13833,47.65917],[17.16444,47.66833],[17.22833,47.70278],[17.22861,47.71861],[17.09139,47.70972]]]}}, {"type":"Feature","id":52,"properties":{"_id":"6994c8db2a624140943f6b34","createdBy":"eBT9qSrxquPVguazo7MwJzzaf2p1","createdAt":"2026-02-17T20:00:27.177Z","updatedBy":"eBT9qSrxquPVguazo7MwJzzaf2p1","updatedAt":"2026-02-17T20:05:46.932Z","name":"LHB21 FEHÉR-TÓ, BARBACSI-TÓ","dataIngestion":true,"type":29,"icaoClass":8,"activity":0,"onDemand":false,"onRequest":false,"byNotam":false,"specialAgreement":false,"requestCompliance":false,"country":"HU","upperLimit":{"value":1500,"unit":1,"referenceDatum":0},"lowerLimit":{"value":0,"unit":1,"referenceDatum":0},"hoursOfOperation":{"operatingHours":[{"dayOfWeek":0,"startTime":"00:00","endTime":"00:00","byNotam":false,"sunrise":false,"sunset":false,"publicHolidaysExcluded":false},{"dayOfWeek":1,"startTime":"00:00","endTime":"00:00","byNotam":false,"sunrise":false,"sunset":false,"publicHolidaysExcluded":false},{"dayOfWeek":2,"startTime":"00:00","endTime":"00:00","byNotam":false,"sunrise":false,"sunset":false,"publicHolidaysExcluded":false},{"dayOfWeek":3,"startTime":"00:00","endTime":"00:00","byNotam":false,"sunrise":false,"sunset":false,"publicHolidaysExcluded":false},{"dayOfWeek":4,"startTime":"00:00","endTime":"00:00","byNotam":false,"sunrise":false,"sunset":false,"publicHolidaysExcluded":false},{"dayOfWeek":5,"startTime":"00:00","endTime":"00:00","byNotam":false,"sunrise":false,"sunset":false,"publicHolidaysExcluded":false},{"dayOfWeek":6,"startTime":"00:00","endTime":"00:00","byNotam":false,"sunrise":false,"sunset":false,"publicHolidaysExcluded":false}]},"deletable":true},"geometry":{"type":"Polygon","coordinates":[[[17.33861,47.71667],[17.27806,47.625],[17.36361,47.60667],[17.40694,47.70583],[17.33861,47.71667]]]}}, {"type":"Feature","id":53,"properties":{"_id":"6994c8db2a624140943f6b37","createdBy":"eBT9qSrxquPVguazo7MwJzzaf2p1","createdAt":"2026-02-17T20:00:27.188Z","updatedBy":"eBT9qSrxquPVguazo7MwJzzaf2p1","updatedAt":"2026-02-18T06:02:26.255Z","name":"LHB22 KŐSZEGI-HG","dataIngestion":true,"type":29,"icaoClass":8,"activity":0,"onDemand":false,"onRequest":false,"byNotam":false,"specialAgreement":false,"requestCompliance":false,"country":"HU","upperLimit":{"value":1500,"unit":1,"referenceDatum":0},"lowerLimit":{"value":0,"unit":1,"referenceDatum":0},"hoursOfOperation":{"operatingHours":[{"dayOfWeek":0,"startTime":"00:00","endTime":"00:00","byNotam":false,"sunrise":false,"sunset":false,"publicHolidaysExcluded":false},{"dayOfWeek":1,"startTime":"00:00","endTime":"00:00","byNotam":false,"sunrise":false,"sunset":false,"publicHolidaysExcluded":false},{"dayOfWeek":2,"startTime":"00:00","endTime":"00:00","byNotam":false,"sunrise":false,"sunset":false,"publicHolidaysExcluded":false},{"dayOfWeek":3,"startTime":"00:00","endTime":"00:00","byNotam":false,"sunrise":false,"sunset":false,"publicHolidaysExcluded":false},{"dayOfWeek":4,"startTime":"00:00","endTime":"00:00","byNotam":false,"sunrise":false,"sunset":false,"publicHolidaysExcluded":false},{"dayOfWeek":5,"startTime":"00:00","endTime":"00:00","byNotam":false,"sunrise":false,"sunset":false,"publicHolidaysExcluded":false},{"dayOfWeek":6,"startTime":"00:00","endTime":"00:00","byNotam":false,"sunrise":false,"sunset":false,"publicHolidaysExcluded":false}]},"deletable":true},"geometry":{"type":"Polygon","coordinates":[[[16.52778,47.40917],[16.52722,47.40861],[16.52639,47.40917],[16.52556,47.41],[16.525,47.41028],[16.51833,47.41],[16.51694,47.41056],[16.51667,47.40944],[16.51556,47.40889],[16.51472,47.40778],[16.51417,47.40528],[16.51056,47.40583],[16.50889,47.40583],[16.50806,47.405],[16.50806,47.40278],[16.51056,47.40056],[16.51,47.39639],[16.50694,47.39528],[16.50278,47.39306],[16.50056,47.39111],[16.49889,47.39056],[16.49667,47.38917],[16.49639,47.39639],[16.49417,47.39583],[16.49278,47.39417],[16.49083,47.39472],[16.48806,47.39472],[16.48861,47.39667],[16.48806,47.39778],[16.48944,47.39944],[16.48444,47.39722],[16.48389,47.39778],[16.48417,47.40083],[16.48722,47.40361],[16.49028,47.40556],[16.485,47.40889],[16.48056,47.40944],[16.47444,47.40917],[16.4675,47.41111],[16.46444,47.41278],[16.45722,47.41278],[16.45417,47.41111],[16.44944,47.41],[16.44722,47.40861],[16.44556,47.40722],[16.44611,47.40333],[16.44611,47.40111],[16.44778,47.39917],[16.4475,47.3975],[16.45083,47.3925],[16.45444,47.38972],[16.45556,47.38861],[16.45528,47.38722],[16.45778,47.385],[16.46139,47.38361],[16.45806,47.38333],[16.45556,47.38361],[16.45194,47.38111],[16.45139,47.37778],[16.45306,47.37556],[16.45639,47.37306],[16.45722,47.36694],[16.45417,47.36306],[16.45083,47.36111],[16.4525,47.35722],[16.44667,47.3575],[16.44389,47.35611],[16.43861,47.35556],[16.435,47.35417],[16.43361,47.35278],[16.43889,47.34917],[16.445,47.34611],[16.44778,47.34],[16.45056,47.33861],[16.45639,47.33917],[16.45917,47.33861],[16.46306,47.33583],[16.46444,47.33361],[16.46306,47.33139],[16.46444,47.32889],[16.46833,47.32528],[16.46944,47.32222],[16.46917,47.31861],[16.47028,47.31694],[16.47472,47.31222],[16.47472,47.31111],[16.47694,47.31111],[16.47778,47.31083],[16.48611,47.31083],[16.48722,47.31111],[16.49028,47.31111],[16.49139,47.31139],[16.49361,47.31139],[16.49444,47.31167],[16.49556,47.31167],[16.49667,47.31194],[16.49778,47.31194],[16.49861,47.31222],[16.49972,47.31222],[16.50167,47.31278],[16.50278,47.31278],[16.50472,47.31333],[16.50583,47.31333],[16.51556,47.31611],[16.52,47.3175],[16.52111,47.31806],[16.52278,47.31861],[16.52361,47.31917],[16.52556,47.31972],[16.52639,47.32028],[16.52889,47.32139],[16.52972,47.32194],[16.53056,47.32222],[16.53306,47.32361],[16.53389,47.32389],[16.53611,47.32556],[16.53694,47.32583],[16.53833,47.32694],[16.54139,47.32889],[16.54333,47.33056],[16.54417,47.33111],[16.54583,47.33278],[16.54667,47.33333],[16.54889,47.33556],[16.54944,47.33639],[16.55167,47.33861],[16.5525,47.34],[16.55361,47.34111],[16.55444,47.3425],[16.555,47.34306],[16.55528,47.34389],[16.55583,47.34444],[16.55639,47.34583],[16.55694,47.34639],[16.5575,47.34778],[16.55861,47.34972],[16.55944,47.35194],[16.55944,47.3525],[16.55972,47.35333],[16.56056,47.35528],[16.56056,47.35583],[16.56083,47.35667],[16.56083,47.3575],[16.56111,47.35806],[16.56111,47.35889],[16.56139,47.35944],[16.56139,47.36083],[16.56167,47.36167],[16.56167,47.36861],[16.56139,47.36944],[16.56139,47.37083],[16.56111,47.37139],[16.56111,47.37222],[16.56083,47.37278],[16.56083,47.37361],[16.56028,47.375],[16.56028,47.37556],[16.55778,47.38194],[16.55639,47.38444],[16.55611,47.38528],[16.55556,47.38583],[16.55444,47.38778],[16.55333,47.38889],[16.55306,47.38972],[16.55139,47.39139],[16.55056,47.39278],[16.54889,47.39444],[16.54806,47.395],[16.5475,47.39583],[16.54583,47.3975],[16.545,47.39806],[16.54389,47.39917],[16.5425,47.40028],[16.54028,47.40167],[16.5375,47.40389],[16.53667,47.40417],[16.53583,47.40472],[16.53528,47.40528],[16.53444,47.40556],[16.53278,47.40667],[16.53194,47.40694],[16.53028,47.40806],[16.52944,47.40833],[16.52861,47.40889],[16.52778,47.40917]]]}}, {"type":"Feature","id":54,"properties":{"_id":"6994c8db2a624140943f6b3a","createdBy":"eBT9qSrxquPVguazo7MwJzzaf2p1","createdAt":"2026-02-17T20:00:27.206Z","updatedBy":"eBT9qSrxquPVguazo7MwJzzaf2p1","updatedAt":"2026-02-17T20:05:47.196Z","name":"LHB23 KIS-BALATON","dataIngestion":true,"type":29,"icaoClass":8,"activity":0,"onDemand":false,"onRequest":false,"byNotam":false,"specialAgreement":false,"requestCompliance":false,"country":"HU","upperLimit":{"value":1000,"unit":1,"referenceDatum":0},"lowerLimit":{"value":0,"unit":1,"referenceDatum":0},"hoursOfOperation":{"operatingHours":[{"dayOfWeek":0,"startTime":"00:00","endTime":"00:00","byNotam":false,"sunrise":false,"sunset":false,"publicHolidaysExcluded":false},{"dayOfWeek":1,"startTime":"00:00","endTime":"00:00","byNotam":false,"sunrise":false,"sunset":false,"publicHolidaysExcluded":false},{"dayOfWeek":2,"startTime":"00:00","endTime":"00:00","byNotam":false,"sunrise":false,"sunset":false,"publicHolidaysExcluded":false},{"dayOfWeek":3,"startTime":"00:00","endTime":"00:00","byNotam":false,"sunrise":false,"sunset":false,"publicHolidaysExcluded":false},{"dayOfWeek":4,"startTime":"00:00","endTime":"00:00","byNotam":false,"sunrise":false,"sunset":false,"publicHolidaysExcluded":false},{"dayOfWeek":5,"startTime":"00:00","endTime":"00:00","byNotam":false,"sunrise":false,"sunset":false,"publicHolidaysExcluded":false},{"dayOfWeek":6,"startTime":"00:00","endTime":"00:00","byNotam":false,"sunrise":false,"sunset":false,"publicHolidaysExcluded":false}]},"deletable":true},"geometry":{"type":"Polygon","coordinates":[[[17.22389,46.7175],[17.22639,46.67611],[17.25083,46.63889],[17.29667,46.71],[17.22389,46.7175]]]}}, {"type":"Feature","id":55,"properties":{"_id":"6994c8db2a624140943f6b3d","createdBy":"eBT9qSrxquPVguazo7MwJzzaf2p1","createdAt":"2026-02-17T20:00:27.218Z","updatedBy":"eBT9qSrxquPVguazo7MwJzzaf2p1","updatedAt":"2026-02-17T20:05:47.293Z","name":"LHB24 VELENCEI-TÓ, DINNYÉS","dataIngestion":true,"type":29,"icaoClass":8,"activity":0,"onDemand":false,"onRequest":false,"byNotam":false,"specialAgreement":false,"requestCompliance":false,"country":"HU","upperLimit":{"value":1500,"unit":1,"referenceDatum":0},"lowerLimit":{"value":0,"unit":1,"referenceDatum":0},"hoursOfOperation":{"operatingHours":[{"dayOfWeek":0,"startTime":"00:00","endTime":"00:00","byNotam":false,"sunrise":false,"sunset":false,"publicHolidaysExcluded":false},{"dayOfWeek":1,"startTime":"00:00","endTime":"00:00","byNotam":false,"sunrise":false,"sunset":false,"publicHolidaysExcluded":false},{"dayOfWeek":2,"startTime":"00:00","endTime":"00:00","byNotam":false,"sunrise":false,"sunset":false,"publicHolidaysExcluded":false},{"dayOfWeek":3,"startTime":"00:00","endTime":"00:00","byNotam":false,"sunrise":false,"sunset":false,"publicHolidaysExcluded":false},{"dayOfWeek":4,"startTime":"00:00","endTime":"00:00","byNotam":false,"sunrise":false,"sunset":false,"publicHolidaysExcluded":false},{"dayOfWeek":5,"startTime":"00:00","endTime":"00:00","byNotam":false,"sunrise":false,"sunset":false,"publicHolidaysExcluded":false},{"dayOfWeek":6,"startTime":"00:00","endTime":"00:00","byNotam":false,"sunrise":false,"sunset":false,"publicHolidaysExcluded":false}]},"deletable":true},"geometry":{"type":"Polygon","coordinates":[[[18.58944,47.22778],[18.5275,47.21889],[18.52694,47.18028],[18.54111,47.16333],[18.5275,47.12306],[18.60639,47.11778],[18.58944,47.22778]]]}}, {"type":"Feature","id":56,"properties":{"_id":"6994c8db2a624140943f6b40","createdBy":"eBT9qSrxquPVguazo7MwJzzaf2p1","createdAt":"2026-02-17T20:00:27.229Z","updatedBy":"eBT9qSrxquPVguazo7MwJzzaf2p1","updatedAt":"2026-02-17T20:05:47.384Z","name":"LHB25 VÉRTES","dataIngestion":true,"type":29,"icaoClass":8,"activity":0,"onDemand":false,"onRequest":false,"byNotam":false,"specialAgreement":false,"requestCompliance":false,"country":"HU","upperLimit":{"value":1500,"unit":1,"referenceDatum":0},"lowerLimit":{"value":0,"unit":1,"referenceDatum":0},"hoursOfOperation":{"operatingHours":[{"dayOfWeek":0,"startTime":"00:00","endTime":"00:00","byNotam":false,"sunrise":false,"sunset":false,"publicHolidaysExcluded":false},{"dayOfWeek":1,"startTime":"00:00","endTime":"00:00","byNotam":false,"sunrise":false,"sunset":false,"publicHolidaysExcluded":false},{"dayOfWeek":2,"startTime":"00:00","endTime":"00:00","byNotam":false,"sunrise":false,"sunset":false,"publicHolidaysExcluded":false},{"dayOfWeek":3,"startTime":"00:00","endTime":"00:00","byNotam":false,"sunrise":false,"sunset":false,"publicHolidaysExcluded":false},{"dayOfWeek":4,"startTime":"00:00","endTime":"00:00","byNotam":false,"sunrise":false,"sunset":false,"publicHolidaysExcluded":false},{"dayOfWeek":5,"startTime":"00:00","endTime":"00:00","byNotam":false,"sunrise":false,"sunset":false,"publicHolidaysExcluded":false},{"dayOfWeek":6,"startTime":"00:00","endTime":"00:00","byNotam":false,"sunrise":false,"sunset":false,"publicHolidaysExcluded":false}]},"deletable":true},"geometry":{"type":"Polygon","coordinates":[[[18.52389,47.495],[18.36694,47.48528],[18.22472,47.40972],[18.24944,47.31111],[18.51222,47.345],[18.52389,47.495]]]}}, {"type":"Feature","id":57,"properties":{"_id":"6994c8db2a624140943f6b43","createdBy":"eBT9qSrxquPVguazo7MwJzzaf2p1","createdAt":"2026-02-17T20:00:27.238Z","updatedBy":"eBT9qSrxquPVguazo7MwJzzaf2p1","updatedAt":"2026-02-18T06:02:26.275Z","name":"LHB26 DUNAZUG-HG., BÖRZSÖNY","dataIngestion":true,"type":29,"icaoClass":8,"activity":0,"onDemand":false,"onRequest":false,"byNotam":false,"specialAgreement":false,"requestCompliance":false,"country":"HU","upperLimit":{"value":1500,"unit":1,"referenceDatum":0},"lowerLimit":{"value":0,"unit":1,"referenceDatum":0},"hoursOfOperation":{"operatingHours":[{"dayOfWeek":0,"startTime":"00:00","endTime":"00:00","byNotam":false,"sunrise":false,"sunset":false,"publicHolidaysExcluded":false},{"dayOfWeek":1,"startTime":"00:00","endTime":"00:00","byNotam":false,"sunrise":false,"sunset":false,"publicHolidaysExcluded":false},{"dayOfWeek":2,"startTime":"00:00","endTime":"00:00","byNotam":false,"sunrise":false,"sunset":false,"publicHolidaysExcluded":false},{"dayOfWeek":3,"startTime":"00:00","endTime":"00:00","byNotam":false,"sunrise":false,"sunset":false,"publicHolidaysExcluded":false},{"dayOfWeek":4,"startTime":"00:00","endTime":"00:00","byNotam":false,"sunrise":false,"sunset":false,"publicHolidaysExcluded":false},{"dayOfWeek":5,"startTime":"00:00","endTime":"00:00","byNotam":false,"sunrise":false,"sunset":false,"publicHolidaysExcluded":false},{"dayOfWeek":6,"startTime":"00:00","endTime":"00:00","byNotam":false,"sunrise":false,"sunset":false,"publicHolidaysExcluded":false}]},"deletable":true},"geometry":{"type":"Polygon","coordinates":[[[19.10222,48.06694],[19.08778,48.07278],[19.08333,48.0725],[19.07917,48.06972],[19.07861,48.06722],[19.06583,48.06444],[19.05944,48.05694],[19.04694,48.06639],[19.03833,48.06472],[19.03639,48.06639],[19.03333,48.06444],[19.03139,48.06806],[19.02417,48.07278],[19.02083,48.0725],[19.02139,48.07389],[19.01583,48.07556],[19.01556,48.07778],[19.01111,48.075],[19.00889,48.07611],[19.00778,48.07333],[19.00861,48.06972],[18.99694,48.06806],[18.99222,48.06472],[18.99111,48.05778],[18.98083,48.05361],[18.96889,48.0575],[18.96056,48.05833],[18.94778,48.05833],[18.93778,48.05861],[18.92861,48.05694],[18.9175,48.05333],[18.90944,48.05139],[18.89333,48.055],[18.89111,48.055],[18.88694,48.05833],[18.88444,48.05444],[18.88333,48.05167],[18.885,48.05056],[18.87667,48.04833],[18.86,48.05],[18.85444,48.04833],[18.8525,48.05028],[18.84583,48.0525],[18.84083,48.05083],[18.83806,48.04639],[18.83333,48.04806],[18.82972,48.04194],[18.82278,48.04278],[18.82028,48.03972],[18.82167,48.0375],[18.82639,48.03444],[18.82694,48.03056],[18.82333,48.02694],[18.81639,48.02222],[18.81722,48.01111],[18.82139,48.00722],[18.8175,48.00083],[18.81583,47.9975],[18.81722,47.99639],[18.81611,47.99361],[18.81028,47.98972],[18.79944,47.98528],[18.78694,47.98667],[18.77667,47.98444],[18.76944,47.98556],[18.75528,47.97639],[18.75694,47.97083],[18.77167,47.96222],[18.77639,47.95556],[18.77222,47.95028],[18.77361,47.9325],[18.75861,47.92028],[18.7625,47.90944],[18.75917,47.90778],[18.75917,47.90417],[18.76306,47.90417],[18.7575,47.89861],[18.75667,47.89667],[18.76111,47.895],[18.76444,47.88167],[18.76417,47.87139],[18.76833,47.87194],[18.76889,47.86889],[18.77472,47.86861],[18.77806,47.86972],[18.78194,47.86556],[18.78611,47.86611],[18.79306,47.86528],[18.79528,47.85917],[18.80278,47.85694],[18.81306,47.85556],[18.82222,47.85],[18.8225,47.84194],[18.82833,47.83694],[18.82861,47.83389],[18.84028,47.82889],[18.85056,47.83],[18.85611,47.82694],[18.86444,47.78972],[18.73139,47.67667],[19.06833,47.64944],[19.11583,47.80917],[19.10222,48.06694]]]}}, {"type":"Feature","id":58,"properties":{"_id":"6994c8db2a624140943f6b46","createdBy":"eBT9qSrxquPVguazo7MwJzzaf2p1","createdAt":"2026-02-17T20:00:27.250Z","updatedBy":"eBT9qSrxquPVguazo7MwJzzaf2p1","updatedAt":"2026-02-17T20:05:47.576Z","name":"LHB27 KISKUNSÁG - ÉSZAK I","dataIngestion":true,"type":29,"icaoClass":8,"activity":0,"onDemand":false,"onRequest":false,"byNotam":false,"specialAgreement":false,"requestCompliance":false,"country":"HU","upperLimit":{"value":1000,"unit":1,"referenceDatum":0},"lowerLimit":{"value":0,"unit":1,"referenceDatum":0},"hoursOfOperation":{"operatingHours":[{"dayOfWeek":0,"startTime":"00:00","endTime":"00:00","byNotam":false,"sunrise":false,"sunset":false,"publicHolidaysExcluded":false},{"dayOfWeek":1,"startTime":"00:00","endTime":"00:00","byNotam":false,"sunrise":false,"sunset":false,"publicHolidaysExcluded":false},{"dayOfWeek":2,"startTime":"00:00","endTime":"00:00","byNotam":false,"sunrise":false,"sunset":false,"publicHolidaysExcluded":false},{"dayOfWeek":3,"startTime":"00:00","endTime":"00:00","byNotam":false,"sunrise":false,"sunset":false,"publicHolidaysExcluded":false},{"dayOfWeek":4,"startTime":"00:00","endTime":"00:00","byNotam":false,"sunrise":false,"sunset":false,"publicHolidaysExcluded":false},{"dayOfWeek":5,"startTime":"00:00","endTime":"00:00","byNotam":false,"sunrise":false,"sunset":false,"publicHolidaysExcluded":false},{"dayOfWeek":6,"startTime":"00:00","endTime":"00:00","byNotam":false,"sunrise":false,"sunset":false,"publicHolidaysExcluded":false}]},"deletable":true},"geometry":{"type":"Polygon","coordinates":[[[19.06722,47.19861],[19.06722,47.19306],[19.09333,47.17278],[19.1275,47.15778],[19.04194,47.10444],[19.275,47.0675],[19.37333,47.065],[19.36389,47.19722],[19.06722,47.19861]]]}}, {"type":"Feature","id":59,"properties":{"_id":"6994c8db2a624140943f6b49","createdBy":"eBT9qSrxquPVguazo7MwJzzaf2p1","createdAt":"2026-02-17T20:00:27.259Z","updatedBy":"eBT9qSrxquPVguazo7MwJzzaf2p1","updatedAt":"2026-02-17T20:05:47.661Z","name":"LHB28 KISKUNSÁG - ÉSZAK II","dataIngestion":true,"type":29,"icaoClass":8,"activity":0,"onDemand":false,"onRequest":false,"byNotam":false,"specialAgreement":false,"requestCompliance":false,"country":"HU","upperLimit":{"value":1500,"unit":1,"referenceDatum":0},"lowerLimit":{"value":0,"unit":1,"referenceDatum":0},"hoursOfOperation":{"operatingHours":[{"dayOfWeek":0,"startTime":"00:00","endTime":"00:00","byNotam":false,"sunrise":false,"sunset":false,"publicHolidaysExcluded":false},{"dayOfWeek":1,"startTime":"00:00","endTime":"00:00","byNotam":false,"sunrise":false,"sunset":false,"publicHolidaysExcluded":false},{"dayOfWeek":2,"startTime":"00:00","endTime":"00:00","byNotam":false,"sunrise":false,"sunset":false,"publicHolidaysExcluded":false},{"dayOfWeek":3,"startTime":"00:00","endTime":"00:00","byNotam":false,"sunrise":false,"sunset":false,"publicHolidaysExcluded":false},{"dayOfWeek":4,"startTime":"00:00","endTime":"00:00","byNotam":false,"sunrise":false,"sunset":false,"publicHolidaysExcluded":false},{"dayOfWeek":5,"startTime":"00:00","endTime":"00:00","byNotam":false,"sunrise":false,"sunset":false,"publicHolidaysExcluded":false},{"dayOfWeek":6,"startTime":"00:00","endTime":"00:00","byNotam":false,"sunrise":false,"sunset":false,"publicHolidaysExcluded":false}]},"deletable":true},"geometry":{"type":"Polygon","coordinates":[[[19.04194,47.10444],[19.02889,46.92194],[19.3825,46.93444],[19.37333,47.065],[19.275,47.0675],[19.04194,47.10444]]]}}, {"type":"Feature","id":60,"properties":{"_id":"6994c8db2a624140943f6b4c","createdBy":"eBT9qSrxquPVguazo7MwJzzaf2p1","createdAt":"2026-02-17T20:00:27.267Z","updatedBy":"eBT9qSrxquPVguazo7MwJzzaf2p1","updatedAt":"2026-02-17T20:05:47.750Z","name":"LHB29 KISKUNSÁG - DÉL","dataIngestion":true,"type":29,"icaoClass":8,"activity":0,"onDemand":false,"onRequest":false,"byNotam":false,"specialAgreement":false,"requestCompliance":false,"country":"HU","upperLimit":{"value":1500,"unit":1,"referenceDatum":0},"lowerLimit":{"value":0,"unit":1,"referenceDatum":0},"hoursOfOperation":{"operatingHours":[{"dayOfWeek":0,"startTime":"00:00","endTime":"00:00","byNotam":false,"sunrise":false,"sunset":false,"publicHolidaysExcluded":false},{"dayOfWeek":1,"startTime":"00:00","endTime":"00:00","byNotam":false,"sunrise":false,"sunset":false,"publicHolidaysExcluded":false},{"dayOfWeek":2,"startTime":"00:00","endTime":"00:00","byNotam":false,"sunrise":false,"sunset":false,"publicHolidaysExcluded":false},{"dayOfWeek":3,"startTime":"00:00","endTime":"00:00","byNotam":false,"sunrise":false,"sunset":false,"publicHolidaysExcluded":false},{"dayOfWeek":4,"startTime":"00:00","endTime":"00:00","byNotam":false,"sunrise":false,"sunset":false,"publicHolidaysExcluded":false},{"dayOfWeek":5,"startTime":"00:00","endTime":"00:00","byNotam":false,"sunrise":false,"sunset":false,"publicHolidaysExcluded":false},{"dayOfWeek":6,"startTime":"00:00","endTime":"00:00","byNotam":false,"sunrise":false,"sunset":false,"publicHolidaysExcluded":false}]},"deletable":true},"geometry":{"type":"Polygon","coordinates":[[[19.13556,46.895],[18.97139,46.57639],[19.23694,46.55944],[19.23083,46.67278],[19.31611,46.61083],[19.45444,46.83444],[19.13556,46.895]]]}}, {"type":"Feature","id":61,"properties":{"_id":"6994c8db2a624140943f6b4f","createdBy":"eBT9qSrxquPVguazo7MwJzzaf2p1","createdAt":"2026-02-17T20:00:27.278Z","updatedBy":"eBT9qSrxquPVguazo7MwJzzaf2p1","updatedAt":"2026-02-17T20:05:47.857Z","name":"LHB30 KELET-CSERHÁT","dataIngestion":true,"type":29,"icaoClass":8,"activity":0,"onDemand":false,"onRequest":false,"byNotam":false,"specialAgreement":false,"requestCompliance":false,"country":"HU","upperLimit":{"value":1500,"unit":1,"referenceDatum":0},"lowerLimit":{"value":0,"unit":1,"referenceDatum":0},"hoursOfOperation":{"operatingHours":[{"dayOfWeek":0,"startTime":"00:00","endTime":"00:00","byNotam":false,"sunrise":false,"sunset":false,"publicHolidaysExcluded":false},{"dayOfWeek":1,"startTime":"00:00","endTime":"00:00","byNotam":false,"sunrise":false,"sunset":false,"publicHolidaysExcluded":false},{"dayOfWeek":2,"startTime":"00:00","endTime":"00:00","byNotam":false,"sunrise":false,"sunset":false,"publicHolidaysExcluded":false},{"dayOfWeek":3,"startTime":"00:00","endTime":"00:00","byNotam":false,"sunrise":false,"sunset":false,"publicHolidaysExcluded":false},{"dayOfWeek":4,"startTime":"00:00","endTime":"00:00","byNotam":false,"sunrise":false,"sunset":false,"publicHolidaysExcluded":false},{"dayOfWeek":5,"startTime":"00:00","endTime":"00:00","byNotam":false,"sunrise":false,"sunset":false,"publicHolidaysExcluded":false},{"dayOfWeek":6,"startTime":"00:00","endTime":"00:00","byNotam":false,"sunrise":false,"sunset":false,"publicHolidaysExcluded":false}]},"deletable":true},"geometry":{"type":"Polygon","coordinates":[[[19.69861,48.06],[19.47639,47.92778],[19.58778,47.85889],[19.81333,47.99528],[19.69861,48.06]]]}}, {"type":"Feature","id":62,"properties":{"_id":"6994c8db2a624140943f6b52","createdBy":"eBT9qSrxquPVguazo7MwJzzaf2p1","createdAt":"2026-02-17T20:00:27.290Z","updatedBy":"eBT9qSrxquPVguazo7MwJzzaf2p1","updatedAt":"2026-02-17T20:05:47.955Z","name":"LHB31 TARNAVIDÉK","dataIngestion":true,"type":29,"icaoClass":8,"activity":0,"onDemand":false,"onRequest":false,"byNotam":false,"specialAgreement":false,"requestCompliance":false,"country":"HU","upperLimit":{"value":1500,"unit":1,"referenceDatum":0},"lowerLimit":{"value":0,"unit":1,"referenceDatum":0},"hoursOfOperation":{"operatingHours":[{"dayOfWeek":0,"startTime":"00:00","endTime":"00:00","byNotam":false,"sunrise":false,"sunset":false,"publicHolidaysExcluded":false},{"dayOfWeek":1,"startTime":"00:00","endTime":"00:00","byNotam":false,"sunrise":false,"sunset":false,"publicHolidaysExcluded":false},{"dayOfWeek":2,"startTime":"00:00","endTime":"00:00","byNotam":false,"sunrise":false,"sunset":false,"publicHolidaysExcluded":false},{"dayOfWeek":3,"startTime":"00:00","endTime":"00:00","byNotam":false,"sunrise":false,"sunset":false,"publicHolidaysExcluded":false},{"dayOfWeek":4,"startTime":"00:00","endTime":"00:00","byNotam":false,"sunrise":false,"sunset":false,"publicHolidaysExcluded":false},{"dayOfWeek":5,"startTime":"00:00","endTime":"00:00","byNotam":false,"sunrise":false,"sunset":false,"publicHolidaysExcluded":false},{"dayOfWeek":6,"startTime":"00:00","endTime":"00:00","byNotam":false,"sunrise":false,"sunset":false,"publicHolidaysExcluded":false}]},"deletable":true},"geometry":{"type":"Polygon","coordinates":[[[20.1425,48.20123],[20.13107,48.20087],[20.1235,48.20023],[20.11601,48.19927],[20.10862,48.19801],[20.10137,48.19643],[20.09428,48.19456],[20.08737,48.19239],[20.08069,48.18994],[20.07426,48.18721],[20.06809,48.18422],[20.06222,48.18097],[20.0594,48.17926],[20.05401,48.17566],[20.04898,48.17184],[20.04431,48.16782],[20.04004,48.16361],[20.03616,48.15923],[20.03439,48.15698],[20.03115,48.15237],[20.02835,48.14764],[20.02601,48.1428],[20.02413,48.13788],[20.02271,48.13288],[20.02177,48.12783],[20.0213,48.12276],[20.02131,48.11767],[20.0218,48.1126],[20.02223,48.11007],[20.02343,48.10505],[20.0251,48.10009],[20.02724,48.09521],[20.02983,48.09043],[20.03129,48.08808],[20.03454,48.08348],[20.03822,48.07903],[20.0423,48.07474],[20.04678,48.07063],[20.05164,48.06671],[20.05686,48.06301],[20.06241,48.05953],[20.06828,48.0563],[20.07443,48.05331],[20.08086,48.05059],[20.08753,48.04814],[20.09441,48.04598],[20.10509,48.04329],[20.11239,48.04187],[20.11981,48.04077],[20.13111,48.03969],[20.1387,48.03938],[20.1463,48.03938],[20.15389,48.03969],[20.16144,48.04033],[20.17261,48.04187],[20.17991,48.04329],[20.18707,48.04501],[20.19405,48.04703],[20.20083,48.04933],[20.20738,48.05192],[20.21368,48.05477],[20.21673,48.0563],[20.22259,48.05953],[20.22814,48.06301],[20.23336,48.06671],[20.23822,48.07063],[20.24051,48.07266],[20.2427,48.07474],[20.24679,48.07903],[20.25046,48.08348],[20.25371,48.08808],[20.25517,48.09043],[20.25776,48.09521],[20.25889,48.09764],[20.26079,48.10256],[20.26223,48.10756],[20.2632,48.1126],[20.26369,48.11767],[20.26375,48.12022],[20.2637,48.12276],[20.26323,48.12783],[20.26229,48.13288],[20.26087,48.13788],[20.25899,48.1428],[20.25787,48.14524],[20.25665,48.14764],[20.25385,48.15237],[20.25062,48.15698],[20.24695,48.16144],[20.24288,48.16573],[20.24069,48.16782],[20.23602,48.17184],[20.23099,48.17566],[20.22834,48.17749],[20.22278,48.18097],[20.21691,48.18422],[20.21386,48.18574],[20.20756,48.18861],[20.19763,48.19239],[20.19073,48.19456],[20.18003,48.19726],[20.16899,48.19927],[20.1615,48.20023],[20.15393,48.20087],[20.1425,48.20123]]]}}, {"type":"Feature","id":63,"properties":{"_id":"6994c8db2a624140943f6b55","createdBy":"eBT9qSrxquPVguazo7MwJzzaf2p1","createdAt":"2026-02-17T20:00:27.308Z","updatedBy":"eBT9qSrxquPVguazo7MwJzzaf2p1","updatedAt":"2026-02-17T20:05:48.072Z","name":"LHB32 BÜKK","dataIngestion":true,"type":29,"icaoClass":8,"activity":0,"onDemand":false,"onRequest":false,"byNotam":false,"specialAgreement":false,"requestCompliance":false,"country":"HU","upperLimit":{"value":1500,"unit":1,"referenceDatum":0},"lowerLimit":{"value":0,"unit":1,"referenceDatum":0},"hoursOfOperation":{"operatingHours":[{"dayOfWeek":0,"startTime":"00:00","endTime":"00:00","byNotam":false,"sunrise":false,"sunset":false,"publicHolidaysExcluded":false},{"dayOfWeek":1,"startTime":"00:00","endTime":"00:00","byNotam":false,"sunrise":false,"sunset":false,"publicHolidaysExcluded":false},{"dayOfWeek":2,"startTime":"00:00","endTime":"00:00","byNotam":false,"sunrise":false,"sunset":false,"publicHolidaysExcluded":false},{"dayOfWeek":3,"startTime":"00:00","endTime":"00:00","byNotam":false,"sunrise":false,"sunset":false,"publicHolidaysExcluded":false},{"dayOfWeek":4,"startTime":"00:00","endTime":"00:00","byNotam":false,"sunrise":false,"sunset":false,"publicHolidaysExcluded":false},{"dayOfWeek":5,"startTime":"00:00","endTime":"00:00","byNotam":false,"sunrise":false,"sunset":false,"publicHolidaysExcluded":false},{"dayOfWeek":6,"startTime":"00:00","endTime":"00:00","byNotam":false,"sunrise":false,"sunset":false,"publicHolidaysExcluded":false}]},"deletable":true},"geometry":{"type":"Polygon","coordinates":[[[20.40056,48.27472],[20.28083,47.94194],[20.68861,47.89028],[20.78389,48.10222],[20.40056,48.27472]]]}}, {"type":"Feature","id":64,"properties":{"_id":"6994c8db2a624140943f6b58","createdBy":"eBT9qSrxquPVguazo7MwJzzaf2p1","createdAt":"2026-02-17T20:00:27.321Z","updatedBy":"eBT9qSrxquPVguazo7MwJzzaf2p1","updatedAt":"2026-02-17T20:05:48.187Z","name":"LHB33 KESZNYÉTEN","dataIngestion":true,"type":29,"icaoClass":8,"activity":0,"onDemand":false,"onRequest":false,"byNotam":false,"specialAgreement":false,"requestCompliance":false,"country":"HU","upperLimit":{"value":1500,"unit":1,"referenceDatum":0},"lowerLimit":{"value":0,"unit":1,"referenceDatum":0},"hoursOfOperation":{"operatingHours":[{"dayOfWeek":0,"startTime":"00:00","endTime":"00:00","byNotam":false,"sunrise":false,"sunset":false,"publicHolidaysExcluded":false},{"dayOfWeek":1,"startTime":"00:00","endTime":"00:00","byNotam":false,"sunrise":false,"sunset":false,"publicHolidaysExcluded":false},{"dayOfWeek":2,"startTime":"00:00","endTime":"00:00","byNotam":false,"sunrise":false,"sunset":false,"publicHolidaysExcluded":false},{"dayOfWeek":3,"startTime":"00:00","endTime":"00:00","byNotam":false,"sunrise":false,"sunset":false,"publicHolidaysExcluded":false},{"dayOfWeek":4,"startTime":"00:00","endTime":"00:00","byNotam":false,"sunrise":false,"sunset":false,"publicHolidaysExcluded":false},{"dayOfWeek":5,"startTime":"00:00","endTime":"00:00","byNotam":false,"sunrise":false,"sunset":false,"publicHolidaysExcluded":false},{"dayOfWeek":6,"startTime":"00:00","endTime":"00:00","byNotam":false,"sunrise":false,"sunset":false,"publicHolidaysExcluded":false}]},"deletable":true},"geometry":{"type":"Polygon","coordinates":[[[21.10028,48.06102],[21.09142,48.06074],[21.08554,48.06024],[21.07685,48.05904],[21.07117,48.05793],[21.06561,48.05659],[21.05752,48.05415],[21.04982,48.05121],[21.04492,48.04898],[21.04025,48.04655],[21.03369,48.04256],[21.02773,48.03817],[21.02411,48.03504],[21.02079,48.03177],[21.0164,48.02661],[21.01389,48.02303],[21.01077,48.01748],[21.00912,48.01368],[21.00784,48.00982],[21.00734,48.00787],[21.0066,48.00395],[21.00624,48],[21.0062,47.99802],[21.00625,47.99604],[21.00662,47.9921],[21.00737,47.98817],[21.00849,47.98429],[21.01083,47.97857],[21.01284,47.97485],[21.0165,47.96945],[21.02089,47.9643],[21.02422,47.96103],[21.02976,47.9564],[21.03381,47.95352],[21.03812,47.95082],[21.04503,47.94711],[21.04992,47.94489],[21.055,47.94288],[21.06027,47.94109],[21.06568,47.93952],[21.07406,47.9376],[21.07978,47.93662],[21.08558,47.93588],[21.09438,47.93523],[21.10028,47.9351],[21.10618,47.93523],[21.11206,47.9356],[21.11789,47.93622],[21.12365,47.93708],[21.12932,47.93818],[21.13488,47.93952],[21.1403,47.94109],[21.14556,47.94288],[21.15064,47.94489],[21.15789,47.9483],[21.16244,47.95082],[21.16675,47.95352],[21.1708,47.9564],[21.17457,47.95945],[21.17967,47.9643],[21.18268,47.9677],[21.18537,47.97122],[21.18772,47.97485],[21.18973,47.97857],[21.19208,47.98429],[21.19319,47.98817],[21.19394,47.9921],[21.19432,47.99604],[21.19432,48],[21.19396,48.00395],[21.19322,48.00787],[21.19212,48.01176],[21.19066,48.01559],[21.18884,48.01935],[21.18667,48.02303],[21.18278,48.02836],[21.17977,48.03177],[21.17645,48.03504],[21.17283,48.03817],[21.16892,48.04114],[21.16474,48.04394],[21.16031,48.04655],[21.15322,48.05012],[21.14822,48.05224],[21.14304,48.05415],[21.13769,48.05583],[21.13219,48.05729],[21.12371,48.05904],[21.11793,48.0599],[21.11209,48.06052],[21.1062,48.06089],[21.10028,48.06102]]]}}, {"type":"Feature","id":65,"properties":{"_id":"6994c8db2a624140943f6b5b","createdBy":"eBT9qSrxquPVguazo7MwJzzaf2p1","createdAt":"2026-02-17T20:00:27.341Z","updatedBy":"eBT9qSrxquPVguazo7MwJzzaf2p1","updatedAt":"2026-02-17T20:05:48.292Z","name":"LHB34 KECSKERI-PUSZTÁK","dataIngestion":true,"type":29,"icaoClass":8,"activity":0,"onDemand":false,"onRequest":false,"byNotam":false,"specialAgreement":false,"requestCompliance":false,"country":"HU","upperLimit":{"value":1500,"unit":1,"referenceDatum":0},"lowerLimit":{"value":0,"unit":1,"referenceDatum":0},"hoursOfOperation":{"operatingHours":[{"dayOfWeek":0,"startTime":"00:00","endTime":"00:00","byNotam":false,"sunrise":false,"sunset":false,"publicHolidaysExcluded":false},{"dayOfWeek":1,"startTime":"00:00","endTime":"00:00","byNotam":false,"sunrise":false,"sunset":false,"publicHolidaysExcluded":false},{"dayOfWeek":2,"startTime":"00:00","endTime":"00:00","byNotam":false,"sunrise":false,"sunset":false,"publicHolidaysExcluded":false},{"dayOfWeek":3,"startTime":"00:00","endTime":"00:00","byNotam":false,"sunrise":false,"sunset":false,"publicHolidaysExcluded":false},{"dayOfWeek":4,"startTime":"00:00","endTime":"00:00","byNotam":false,"sunrise":false,"sunset":false,"publicHolidaysExcluded":false},{"dayOfWeek":5,"startTime":"00:00","endTime":"00:00","byNotam":false,"sunrise":false,"sunset":false,"publicHolidaysExcluded":false},{"dayOfWeek":6,"startTime":"00:00","endTime":"00:00","byNotam":false,"sunrise":false,"sunset":false,"publicHolidaysExcluded":false}]},"deletable":true},"geometry":{"type":"Polygon","coordinates":[[[20.85611,47.35827],[20.84362,47.35787],[20.83534,47.35716],[20.82715,47.3561],[20.81907,47.35469],[20.81509,47.35386],[20.80724,47.35194],[20.79959,47.3497],[20.79585,47.34845],[20.78854,47.34573],[20.78151,47.34269],[20.7781,47.34107],[20.77476,47.33937],[20.76835,47.33576],[20.76228,47.33189],[20.75658,47.32777],[20.75127,47.32341],[20.74877,47.32115],[20.7441,47.31647],[20.73987,47.3116],[20.73792,47.3091],[20.73439,47.30399],[20.7328,47.30137],[20.72999,47.29605],[20.72877,47.29335],[20.72671,47.28788],[20.72587,47.28511],[20.72458,47.27953],[20.72381,47.2739],[20.72362,47.27108],[20.72364,47.26543],[20.72418,47.25979],[20.72464,47.25698],[20.72596,47.2514],[20.72779,47.24589],[20.72889,47.24317],[20.73012,47.24047],[20.73295,47.23516],[20.73627,47.22997],[20.7381,47.22744],[20.74212,47.22249],[20.74659,47.21772],[20.74899,47.21542],[20.75409,47.21096],[20.7596,47.20672],[20.7625,47.2047],[20.76857,47.20083],[20.77498,47.19724],[20.77831,47.19554],[20.78171,47.19392],[20.78874,47.1909],[20.79235,47.1895],[20.79976,47.18694],[20.8074,47.1847],[20.81522,47.18279],[20.82724,47.18055],[20.83541,47.1795],[20.84366,47.17879],[20.85195,47.17844],[20.86027,47.17844],[20.86856,47.17879],[20.87681,47.1795],[20.88498,47.18055],[20.89303,47.18196],[20.897,47.18279],[20.90483,47.1847],[20.91246,47.18694],[20.91987,47.1895],[20.92703,47.19237],[20.93391,47.19554],[20.94049,47.199],[20.94673,47.20273],[20.94972,47.2047],[20.95542,47.20881],[20.96073,47.21316],[20.96563,47.21772],[20.9701,47.22249],[20.97412,47.22744],[20.97595,47.22997],[20.97927,47.23516],[20.9821,47.24047],[20.98444,47.24589],[20.98626,47.2514],[20.98758,47.25698],[20.98804,47.25979],[20.98858,47.26543],[20.9886,47.27108],[20.98809,47.27672],[20.98706,47.28233],[20.98551,47.28788],[20.98345,47.29335],[20.98223,47.29605],[20.97942,47.30137],[20.97613,47.30656],[20.97235,47.3116],[20.96812,47.31647],[20.96584,47.31883],[20.96095,47.32341],[20.95564,47.32777],[20.94995,47.33189],[20.94387,47.33576],[20.93746,47.33937],[20.93072,47.34269],[20.92368,47.34573],[20.91637,47.34845],[20.91263,47.3497],[20.90498,47.35194],[20.89713,47.35386],[20.89315,47.35469],[20.88507,47.3561],[20.87275,47.35756],[20.86445,47.35809],[20.85611,47.35827]]]}}, {"type":"Feature","id":66,"properties":{"_id":"6994c8db2a624140943f6b5e","createdBy":"eBT9qSrxquPVguazo7MwJzzaf2p1","createdAt":"2026-02-17T20:00:27.358Z","updatedBy":"eBT9qSrxquPVguazo7MwJzzaf2p1","updatedAt":"2026-02-18T06:02:26.224Z","name":"LHB35A BÉDA-KARAPANCSA (02 MAR-30 JUN)","dataIngestion":true,"type":29,"icaoClass":8,"activity":0,"onDemand":false,"onRequest":false,"byNotam":false,"specialAgreement":false,"requestCompliance":false,"country":"HU","upperLimit":{"value":1500,"unit":1,"referenceDatum":0},"lowerLimit":{"value":0,"unit":1,"referenceDatum":0},"hoursOfOperation":{"operatingHours":[{"dayOfWeek":0,"startTime":"00:00","endTime":"00:00","byNotam":false,"sunrise":false,"sunset":false,"publicHolidaysExcluded":false},{"dayOfWeek":1,"startTime":"00:00","endTime":"00:00","byNotam":false,"sunrise":false,"sunset":false,"publicHolidaysExcluded":false},{"dayOfWeek":2,"startTime":"00:00","endTime":"00:00","byNotam":false,"sunrise":false,"sunset":false,"publicHolidaysExcluded":false},{"dayOfWeek":3,"startTime":"00:00","endTime":"00:00","byNotam":false,"sunrise":false,"sunset":false,"publicHolidaysExcluded":false},{"dayOfWeek":4,"startTime":"00:00","endTime":"00:00","byNotam":false,"sunrise":false,"sunset":false,"publicHolidaysExcluded":false},{"dayOfWeek":5,"startTime":"00:00","endTime":"00:00","byNotam":false,"sunrise":false,"sunset":false,"publicHolidaysExcluded":false},{"dayOfWeek":6,"startTime":"00:00","endTime":"00:00","byNotam":false,"sunrise":false,"sunset":false,"publicHolidaysExcluded":false}]},"deletable":true},"geometry":{"type":"Polygon","coordinates":[[[18.71833,46.05444],[18.68194,46.02889],[18.66583,45.91333],[18.66778,45.91167],[18.66972,45.91083],[18.67611,45.91472],[18.70472,45.91806],[18.70722,45.91472],[18.71028,45.91222],[18.71722,45.9075],[18.72194,45.905],[18.73806,45.90083],[18.74889,45.9],[18.74917,45.90056],[18.75028,45.90028],[18.74972,45.89944],[18.74972,45.89889],[18.75056,45.89778],[18.75444,45.89694],[18.75694,45.89667],[18.7575,45.89556],[18.76056,45.89306],[18.75972,45.89028],[18.76028,45.88861],[18.76694,45.88944],[18.77278,45.88806],[18.77972,45.88528],[18.78278,45.88222],[18.78528,45.88],[18.78889,45.87833],[18.805,45.87889],[18.80806,45.87972],[18.80917,45.87944],[18.81056,45.88278],[18.81278,45.89083],[18.81222,45.89639],[18.81139,45.89806],[18.8075,45.90333],[18.82167,45.915],[18.82583,45.90972],[18.82806,45.905],[18.86833,45.91139],[18.86778,45.91278],[18.86694,45.91389],[18.865,45.9175],[18.865,45.92028],[18.86639,45.91861],[18.86972,45.91667],[18.87361,45.91556],[18.8775,45.91583],[18.8825,45.91806],[18.88472,45.91972],[18.88722,45.92083],[18.88639,45.92139],[18.88861,45.92194],[18.89056,45.92139],[18.89028,45.9225],[18.89111,45.92361],[18.89333,45.92472],[18.89861,45.92889],[18.90306,45.93333],[18.90444,45.93417],[18.90556,45.93444],[18.90639,45.93528],[18.9075,45.935],[18.94361,46.1625],[18.74889,46.03472],[18.71833,46.05444]]]}}, {"type":"Feature","id":67,"properties":{"_id":"6994c8db2a624140943f6b61","createdBy":"eBT9qSrxquPVguazo7MwJzzaf2p1","createdAt":"2026-02-17T20:00:27.370Z","updatedBy":"eBT9qSrxquPVguazo7MwJzzaf2p1","updatedAt":"2026-02-18T06:03:52.575Z","name":"LHB35B BÉDA-KARAPANCSA (01 JUL-01 MAR)","dataIngestion":true,"type":29,"icaoClass":8,"activity":0,"onDemand":false,"onRequest":false,"byNotam":false,"specialAgreement":false,"requestCompliance":false,"country":"HU","upperLimit":{"value":1000,"unit":1,"referenceDatum":0},"lowerLimit":{"value":0,"unit":1,"referenceDatum":0},"hoursOfOperation":{"operatingHours":[{"dayOfWeek":0,"startTime":"00:00","endTime":"00:00","byNotam":false,"sunrise":false,"sunset":false,"publicHolidaysExcluded":false},{"dayOfWeek":1,"startTime":"00:00","endTime":"00:00","byNotam":false,"sunrise":false,"sunset":false,"publicHolidaysExcluded":false},{"dayOfWeek":2,"startTime":"00:00","endTime":"00:00","byNotam":false,"sunrise":false,"sunset":false,"publicHolidaysExcluded":false},{"dayOfWeek":3,"startTime":"00:00","endTime":"00:00","byNotam":false,"sunrise":false,"sunset":false,"publicHolidaysExcluded":false},{"dayOfWeek":4,"startTime":"00:00","endTime":"00:00","byNotam":false,"sunrise":false,"sunset":false,"publicHolidaysExcluded":false},{"dayOfWeek":5,"startTime":"00:00","endTime":"00:00","byNotam":false,"sunrise":false,"sunset":false,"publicHolidaysExcluded":false},{"dayOfWeek":6,"startTime":"00:00","endTime":"00:00","byNotam":false,"sunrise":false,"sunset":false,"publicHolidaysExcluded":false}]},"deletable":true},"geometry":{"type":"Polygon","coordinates":[[[18.71833,46.05444],[18.68194,46.02889],[18.66583,45.91333],[18.66778,45.91167],[18.66972,45.91083],[18.67611,45.91472],[18.70472,45.91806],[18.70722,45.91472],[18.71028,45.91222],[18.71722,45.9075],[18.72194,45.905],[18.73806,45.90083],[18.74889,45.9],[18.74917,45.90056],[18.75028,45.90028],[18.74972,45.89944],[18.74972,45.89889],[18.75056,45.89778],[18.75444,45.89694],[18.75694,45.89667],[18.7575,45.89556],[18.76056,45.89306],[18.75972,45.89028],[18.76028,45.88861],[18.76694,45.88944],[18.77278,45.88806],[18.77972,45.88528],[18.78278,45.88222],[18.78528,45.88],[18.78889,45.87833],[18.805,45.87889],[18.80806,45.87972],[18.80917,45.87944],[18.81056,45.88278],[18.81278,45.89083],[18.81222,45.89639],[18.81139,45.89806],[18.8075,45.90333],[18.82167,45.915],[18.82583,45.90972],[18.82806,45.905],[18.86833,45.91139],[18.86778,45.91278],[18.86694,45.91389],[18.865,45.9175],[18.865,45.92028],[18.86639,45.91861],[18.86972,45.91667],[18.87361,45.91556],[18.8775,45.91583],[18.8825,45.91806],[18.88472,45.91972],[18.88722,45.92083],[18.88639,45.92139],[18.88861,45.92194],[18.89056,45.92139],[18.89028,45.9225],[18.89111,45.92361],[18.89333,45.92472],[18.89861,45.92889],[18.90306,45.93333],[18.90444,45.93417],[18.90556,45.93444],[18.90639,45.93528],[18.9075,45.935],[18.94361,46.1625],[18.74889,46.03472],[18.71833,46.05444]]]}}, {"type":"Feature","id":68,"properties":{"_id":"6994c8d92a624140943f6998","createdBy":"eBT9qSrxquPVguazo7MwJzzaf2p1","createdAt":"2026-02-17T20:00:25.739Z","updatedBy":"eBT9qSrxquPVguazo7MwJzzaf2p1","updatedAt":"2026-02-17T20:05:33.412Z","name":"LHD11 DOC","dataIngestion":true,"type":2,"icaoClass":8,"activity":0,"onDemand":false,"onRequest":false,"byNotam":false,"specialAgreement":false,"requestCompliance":false,"country":"HU","upperLimit":{"value":7500,"unit":1,"referenceDatum":1},"lowerLimit":{"value":0,"unit":1,"referenceDatum":0},"hoursOfOperation":{"operatingHours":[{"dayOfWeek":0,"startTime":"00:00","endTime":"00:00","byNotam":false,"sunrise":false,"sunset":false,"publicHolidaysExcluded":false},{"dayOfWeek":1,"startTime":"00:00","endTime":"00:00","byNotam":false,"sunrise":false,"sunset":false,"publicHolidaysExcluded":false},{"dayOfWeek":2,"startTime":"00:00","endTime":"00:00","byNotam":false,"sunrise":false,"sunset":false,"publicHolidaysExcluded":false},{"dayOfWeek":3,"startTime":"00:00","endTime":"00:00","byNotam":false,"sunrise":false,"sunset":false,"publicHolidaysExcluded":false},{"dayOfWeek":4,"startTime":"00:00","endTime":"00:00","byNotam":false,"sunrise":false,"sunset":false,"publicHolidaysExcluded":false},{"dayOfWeek":5,"startTime":"00:00","endTime":"00:00","byNotam":false,"sunrise":false,"sunset":false,"publicHolidaysExcluded":false},{"dayOfWeek":6,"startTime":"00:00","endTime":"00:00","byNotam":false,"sunrise":false,"sunset":false,"publicHolidaysExcluded":false}]},"deletable":true},"geometry":{"type":"Polygon","coordinates":[[[20.09833,46.46778],[20.10667,46.45111],[20.17333,46.46778],[20.15944,46.49],[20.09833,46.46778]]]}}, {"type":"Feature","id":69,"properties":{"_id":"6994c8d92a624140943f699b","createdBy":"eBT9qSrxquPVguazo7MwJzzaf2p1","createdAt":"2026-02-17T20:00:25.748Z","updatedBy":"eBT9qSrxquPVguazo7MwJzzaf2p1","updatedAt":"2026-02-17T20:05:33.495Z","name":"LHD14 HAJDUHADHAZ","dataIngestion":true,"type":2,"icaoClass":8,"activity":0,"onDemand":false,"onRequest":false,"byNotam":false,"specialAgreement":false,"requestCompliance":false,"country":"HU","upperLimit":{"value":105,"unit":6,"referenceDatum":2},"lowerLimit":{"value":0,"unit":1,"referenceDatum":0},"hoursOfOperation":{"operatingHours":[{"dayOfWeek":0,"startTime":"00:00","endTime":"00:00","byNotam":false,"sunrise":false,"sunset":false,"publicHolidaysExcluded":false},{"dayOfWeek":1,"startTime":"00:00","endTime":"00:00","byNotam":false,"sunrise":false,"sunset":false,"publicHolidaysExcluded":false},{"dayOfWeek":2,"startTime":"00:00","endTime":"00:00","byNotam":false,"sunrise":false,"sunset":false,"publicHolidaysExcluded":false},{"dayOfWeek":3,"startTime":"00:00","endTime":"00:00","byNotam":false,"sunrise":false,"sunset":false,"publicHolidaysExcluded":false},{"dayOfWeek":4,"startTime":"00:00","endTime":"00:00","byNotam":false,"sunrise":false,"sunset":false,"publicHolidaysExcluded":false},{"dayOfWeek":5,"startTime":"00:00","endTime":"00:00","byNotam":false,"sunrise":false,"sunset":false,"publicHolidaysExcluded":false},{"dayOfWeek":6,"startTime":"00:00","endTime":"00:00","byNotam":false,"sunrise":false,"sunset":false,"publicHolidaysExcluded":false}]},"deletable":true},"geometry":{"type":"Polygon","coordinates":[[[21.68139,47.68444],[21.77306,47.66778],[21.76472,47.71778],[21.70639,47.71778],[21.68139,47.68444]]]}}, {"type":"Feature","id":70,"properties":{"_id":"6994c8d92a624140943f699e","createdBy":"eBT9qSrxquPVguazo7MwJzzaf2p1","createdAt":"2026-02-17T20:00:25.758Z","updatedBy":"eBT9qSrxquPVguazo7MwJzzaf2p1","updatedAt":"2026-02-17T20:05:33.584Z","name":"LHD16 IZBEG","dataIngestion":true,"type":2,"icaoClass":8,"activity":0,"onDemand":false,"onRequest":false,"byNotam":false,"specialAgreement":false,"requestCompliance":false,"country":"HU","upperLimit":{"value":2300,"unit":1,"referenceDatum":1},"lowerLimit":{"value":0,"unit":1,"referenceDatum":0},"hoursOfOperation":{"operatingHours":[{"dayOfWeek":0,"startTime":"00:00","endTime":"00:00","byNotam":false,"sunrise":false,"sunset":false,"publicHolidaysExcluded":false},{"dayOfWeek":1,"startTime":"00:00","endTime":"00:00","byNotam":false,"sunrise":false,"sunset":false,"publicHolidaysExcluded":false},{"dayOfWeek":2,"startTime":"00:00","endTime":"00:00","byNotam":false,"sunrise":false,"sunset":false,"publicHolidaysExcluded":false},{"dayOfWeek":3,"startTime":"00:00","endTime":"00:00","byNotam":false,"sunrise":false,"sunset":false,"publicHolidaysExcluded":false},{"dayOfWeek":4,"startTime":"00:00","endTime":"00:00","byNotam":false,"sunrise":false,"sunset":false,"publicHolidaysExcluded":false},{"dayOfWeek":5,"startTime":"00:00","endTime":"00:00","byNotam":false,"sunrise":false,"sunset":false,"publicHolidaysExcluded":false},{"dayOfWeek":6,"startTime":"00:00","endTime":"00:00","byNotam":false,"sunrise":false,"sunset":false,"publicHolidaysExcluded":false}]},"deletable":true},"geometry":{"type":"Polygon","coordinates":[[[19.00667,47.70917],[18.94833,47.70917],[18.97333,47.67583],[19.00667,47.70917]]]}}, {"type":"Feature","id":71,"properties":{"_id":"6994c8d92a624140943f69a1","createdBy":"eBT9qSrxquPVguazo7MwJzzaf2p1","createdAt":"2026-02-17T20:00:25.768Z","updatedBy":"eBT9qSrxquPVguazo7MwJzzaf2p1","updatedAt":"2026-02-17T20:05:33.681Z","name":"LHD17 GYORSZENTIVAN","dataIngestion":true,"type":2,"icaoClass":8,"activity":0,"onDemand":false,"onRequest":false,"byNotam":false,"specialAgreement":false,"requestCompliance":false,"country":"HU","upperLimit":{"value":3800,"unit":1,"referenceDatum":1},"lowerLimit":{"value":0,"unit":1,"referenceDatum":0},"hoursOfOperation":{"operatingHours":[{"dayOfWeek":0,"startTime":"00:00","endTime":"00:00","byNotam":false,"sunrise":false,"sunset":false,"publicHolidaysExcluded":false},{"dayOfWeek":1,"startTime":"00:00","endTime":"00:00","byNotam":false,"sunrise":false,"sunset":false,"publicHolidaysExcluded":false},{"dayOfWeek":2,"startTime":"00:00","endTime":"00:00","byNotam":false,"sunrise":false,"sunset":false,"publicHolidaysExcluded":false},{"dayOfWeek":3,"startTime":"00:00","endTime":"00:00","byNotam":false,"sunrise":false,"sunset":false,"publicHolidaysExcluded":false},{"dayOfWeek":4,"startTime":"00:00","endTime":"00:00","byNotam":false,"sunrise":false,"sunset":false,"publicHolidaysExcluded":false},{"dayOfWeek":5,"startTime":"00:00","endTime":"00:00","byNotam":false,"sunrise":false,"sunset":false,"publicHolidaysExcluded":false},{"dayOfWeek":6,"startTime":"00:00","endTime":"00:00","byNotam":false,"sunrise":false,"sunset":false,"publicHolidaysExcluded":false}]},"deletable":true},"geometry":{"type":"Polygon","coordinates":[[[17.765,47.71778],[17.765,47.68417],[17.865,47.70083],[17.815,47.72861],[17.765,47.71778]]]}}, {"type":"Feature","id":72,"properties":{"_id":"6994c8d92a624140943f69a4","createdBy":"eBT9qSrxquPVguazo7MwJzzaf2p1","createdAt":"2026-02-17T20:00:25.777Z","updatedBy":"eBT9qSrxquPVguazo7MwJzzaf2p1","updatedAt":"2026-02-17T20:05:33.773Z","name":"LHD21 SZOMOD","dataIngestion":true,"type":2,"icaoClass":8,"activity":0,"onDemand":false,"onRequest":false,"byNotam":false,"specialAgreement":false,"requestCompliance":false,"country":"HU","upperLimit":{"value":105,"unit":6,"referenceDatum":2},"lowerLimit":{"value":0,"unit":1,"referenceDatum":0},"hoursOfOperation":{"operatingHours":[{"dayOfWeek":0,"startTime":"00:00","endTime":"00:00","byNotam":false,"sunrise":false,"sunset":false,"publicHolidaysExcluded":false},{"dayOfWeek":1,"startTime":"00:00","endTime":"00:00","byNotam":false,"sunrise":false,"sunset":false,"publicHolidaysExcluded":false},{"dayOfWeek":2,"startTime":"00:00","endTime":"00:00","byNotam":false,"sunrise":false,"sunset":false,"publicHolidaysExcluded":false},{"dayOfWeek":3,"startTime":"00:00","endTime":"00:00","byNotam":false,"sunrise":false,"sunset":false,"publicHolidaysExcluded":false},{"dayOfWeek":4,"startTime":"00:00","endTime":"00:00","byNotam":false,"sunrise":false,"sunset":false,"publicHolidaysExcluded":false},{"dayOfWeek":5,"startTime":"00:00","endTime":"00:00","byNotam":false,"sunrise":false,"sunset":false,"publicHolidaysExcluded":false},{"dayOfWeek":6,"startTime":"00:00","endTime":"00:00","byNotam":false,"sunrise":false,"sunset":false,"publicHolidaysExcluded":false}]},"deletable":true},"geometry":{"type":"Polygon","coordinates":[[[18.365,47.68417],[18.43167,47.63417],[18.44,47.70083],[18.38167,47.70917],[18.365,47.68417]]]}}, {"type":"Feature","id":73,"properties":{"_id":"6994c8d92a624140943f69a7","createdBy":"eBT9qSrxquPVguazo7MwJzzaf2p1","createdAt":"2026-02-17T20:00:25.787Z","updatedBy":"eBT9qSrxquPVguazo7MwJzzaf2p1","updatedAt":"2026-02-17T20:05:33.885Z","name":"LHD24 SANTOS","dataIngestion":true,"type":2,"icaoClass":8,"activity":0,"onDemand":false,"onRequest":false,"byNotam":false,"specialAgreement":false,"requestCompliance":false,"country":"HU","upperLimit":{"value":3800,"unit":1,"referenceDatum":1},"lowerLimit":{"value":0,"unit":1,"referenceDatum":0},"hoursOfOperation":{"operatingHours":[{"dayOfWeek":0,"startTime":"00:00","endTime":"00:00","byNotam":false,"sunrise":false,"sunset":false,"publicHolidaysExcluded":false},{"dayOfWeek":1,"startTime":"00:00","endTime":"00:00","byNotam":false,"sunrise":false,"sunset":false,"publicHolidaysExcluded":false},{"dayOfWeek":2,"startTime":"00:00","endTime":"00:00","byNotam":false,"sunrise":false,"sunset":false,"publicHolidaysExcluded":false},{"dayOfWeek":3,"startTime":"00:00","endTime":"00:00","byNotam":false,"sunrise":false,"sunset":false,"publicHolidaysExcluded":false},{"dayOfWeek":4,"startTime":"00:00","endTime":"00:00","byNotam":false,"sunrise":false,"sunset":false,"publicHolidaysExcluded":false},{"dayOfWeek":5,"startTime":"00:00","endTime":"00:00","byNotam":false,"sunrise":false,"sunset":false,"publicHolidaysExcluded":false},{"dayOfWeek":6,"startTime":"00:00","endTime":"00:00","byNotam":false,"sunrise":false,"sunset":false,"publicHolidaysExcluded":false}]},"deletable":true},"geometry":{"type":"Polygon","coordinates":[[[17.84861,46.35944],[17.83194,46.30111],[17.87361,46.30944],[17.87361,46.34278],[17.84861,46.35944]]]}}, {"type":"Feature","id":74,"properties":{"_id":"6994c8d92a624140943f69aa","createdBy":"eBT9qSrxquPVguazo7MwJzzaf2p1","createdAt":"2026-02-17T20:00:25.797Z","updatedBy":"eBT9qSrxquPVguazo7MwJzzaf2p1","updatedAt":"2026-02-17T20:05:33.980Z","name":"LHD29 PUSPOKSZILAGY","dataIngestion":true,"type":2,"icaoClass":8,"activity":0,"onDemand":false,"onRequest":false,"byNotam":false,"specialAgreement":false,"requestCompliance":false,"country":"HU","upperLimit":{"value":3800,"unit":1,"referenceDatum":1},"lowerLimit":{"value":0,"unit":1,"referenceDatum":0},"hoursOfOperation":{"operatingHours":[{"dayOfWeek":0,"startTime":"00:00","endTime":"00:00","byNotam":false,"sunrise":false,"sunset":false,"publicHolidaysExcluded":false},{"dayOfWeek":1,"startTime":"00:00","endTime":"00:00","byNotam":false,"sunrise":false,"sunset":false,"publicHolidaysExcluded":false},{"dayOfWeek":2,"startTime":"00:00","endTime":"00:00","byNotam":false,"sunrise":false,"sunset":false,"publicHolidaysExcluded":false},{"dayOfWeek":3,"startTime":"00:00","endTime":"00:00","byNotam":false,"sunrise":false,"sunset":false,"publicHolidaysExcluded":false},{"dayOfWeek":4,"startTime":"00:00","endTime":"00:00","byNotam":false,"sunrise":false,"sunset":false,"publicHolidaysExcluded":false},{"dayOfWeek":5,"startTime":"00:00","endTime":"00:00","byNotam":false,"sunrise":false,"sunset":false,"publicHolidaysExcluded":false},{"dayOfWeek":6,"startTime":"00:00","endTime":"00:00","byNotam":false,"sunrise":false,"sunset":false,"publicHolidaysExcluded":false}]},"deletable":true},"geometry":{"type":"Polygon","coordinates":[[[19.34833,47.75917],[19.24833,47.80083],[19.215,47.78417],[19.34833,47.75917]]]}}, {"type":"Feature","id":75,"properties":{"_id":"6994c8d92a624140943f698f","createdBy":"eBT9qSrxquPVguazo7MwJzzaf2p1","createdAt":"2026-02-17T20:00:25.709Z","updatedBy":"eBT9qSrxquPVguazo7MwJzzaf2p1","updatedAt":"2026-02-17T20:05:33.146Z","name":"LHD2A HAJMASKER","dataIngestion":true,"type":2,"icaoClass":8,"activity":0,"onDemand":false,"onRequest":false,"byNotam":false,"specialAgreement":false,"requestCompliance":false,"country":"HU","upperLimit":{"value":245,"unit":6,"referenceDatum":2},"lowerLimit":{"value":0,"unit":1,"referenceDatum":0},"hoursOfOperation":{"operatingHours":[{"dayOfWeek":0,"startTime":"00:00","endTime":"00:00","byNotam":false,"sunrise":false,"sunset":false,"publicHolidaysExcluded":false},{"dayOfWeek":1,"startTime":"00:00","endTime":"00:00","byNotam":false,"sunrise":false,"sunset":false,"publicHolidaysExcluded":false},{"dayOfWeek":2,"startTime":"00:00","endTime":"00:00","byNotam":false,"sunrise":false,"sunset":false,"publicHolidaysExcluded":false},{"dayOfWeek":3,"startTime":"00:00","endTime":"00:00","byNotam":false,"sunrise":false,"sunset":false,"publicHolidaysExcluded":false},{"dayOfWeek":4,"startTime":"00:00","endTime":"00:00","byNotam":false,"sunrise":false,"sunset":false,"publicHolidaysExcluded":false},{"dayOfWeek":5,"startTime":"00:00","endTime":"00:00","byNotam":false,"sunrise":false,"sunset":false,"publicHolidaysExcluded":false},{"dayOfWeek":6,"startTime":"00:00","endTime":"00:00","byNotam":false,"sunrise":false,"sunset":false,"publicHolidaysExcluded":false}]},"deletable":true},"geometry":{"type":"Polygon","coordinates":[[[17.94,47.15083],[18.015,47.15083],[18.065,47.1675],[18.115,47.20917],[18.03167,47.25083],[17.93167,47.1925],[17.94,47.15083]]]}}, {"type":"Feature","id":76,"properties":{"_id":"6994c8d92a624140943f6992","createdBy":"eBT9qSrxquPVguazo7MwJzzaf2p1","createdAt":"2026-02-17T20:00:25.719Z","updatedBy":"eBT9qSrxquPVguazo7MwJzzaf2p1","updatedAt":"2026-02-17T20:05:33.231Z","name":"LHD2B VARPALOTA","dataIngestion":true,"type":2,"icaoClass":8,"activity":0,"onDemand":false,"onRequest":false,"byNotam":false,"specialAgreement":false,"requestCompliance":false,"country":"HU","upperLimit":{"value":300,"unit":6,"referenceDatum":2},"lowerLimit":{"value":0,"unit":1,"referenceDatum":0},"hoursOfOperation":{"operatingHours":[{"dayOfWeek":0,"startTime":"00:00","endTime":"00:00","byNotam":false,"sunrise":false,"sunset":false,"publicHolidaysExcluded":false},{"dayOfWeek":1,"startTime":"00:00","endTime":"00:00","byNotam":false,"sunrise":false,"sunset":false,"publicHolidaysExcluded":false},{"dayOfWeek":2,"startTime":"00:00","endTime":"00:00","byNotam":false,"sunrise":false,"sunset":false,"publicHolidaysExcluded":false},{"dayOfWeek":3,"startTime":"00:00","endTime":"00:00","byNotam":false,"sunrise":false,"sunset":false,"publicHolidaysExcluded":false},{"dayOfWeek":4,"startTime":"00:00","endTime":"00:00","byNotam":false,"sunrise":false,"sunset":false,"publicHolidaysExcluded":false},{"dayOfWeek":5,"startTime":"00:00","endTime":"00:00","byNotam":false,"sunrise":false,"sunset":false,"publicHolidaysExcluded":false},{"dayOfWeek":6,"startTime":"00:00","endTime":"00:00","byNotam":false,"sunrise":false,"sunset":false,"publicHolidaysExcluded":false}]},"deletable":true},"geometry":{"type":"Polygon","coordinates":[[[18.215,47.27306],[18.05667,47.25917],[18.115,47.20917],[18.24833,47.20917],[18.28167,47.25083],[18.215,47.27306]]]}}, {"type":"Feature","id":77,"properties":{"_id":"6994c8d92a624140943f6995","createdBy":"eBT9qSrxquPVguazo7MwJzzaf2p1","createdAt":"2026-02-17T20:00:25.729Z","updatedBy":"eBT9qSrxquPVguazo7MwJzzaf2p1","updatedAt":"2026-02-17T20:05:33.318Z","name":"LHD3 TATARSZENTGYORGY","dataIngestion":true,"type":2,"icaoClass":8,"activity":0,"onDemand":false,"onRequest":false,"byNotam":false,"specialAgreement":false,"requestCompliance":false,"country":"HU","upperLimit":{"value":300,"unit":6,"referenceDatum":2},"lowerLimit":{"value":0,"unit":1,"referenceDatum":0},"hoursOfOperation":{"operatingHours":[{"dayOfWeek":0,"startTime":"00:00","endTime":"00:00","byNotam":false,"sunrise":false,"sunset":false,"publicHolidaysExcluded":false},{"dayOfWeek":1,"startTime":"00:00","endTime":"00:00","byNotam":false,"sunrise":false,"sunset":false,"publicHolidaysExcluded":false},{"dayOfWeek":2,"startTime":"00:00","endTime":"00:00","byNotam":false,"sunrise":false,"sunset":false,"publicHolidaysExcluded":false},{"dayOfWeek":3,"startTime":"00:00","endTime":"00:00","byNotam":false,"sunrise":false,"sunset":false,"publicHolidaysExcluded":false},{"dayOfWeek":4,"startTime":"00:00","endTime":"00:00","byNotam":false,"sunrise":false,"sunset":false,"publicHolidaysExcluded":false},{"dayOfWeek":5,"startTime":"00:00","endTime":"00:00","byNotam":false,"sunrise":false,"sunset":false,"publicHolidaysExcluded":false},{"dayOfWeek":6,"startTime":"00:00","endTime":"00:00","byNotam":false,"sunrise":false,"sunset":false,"publicHolidaysExcluded":false}]},"deletable":true},"geometry":{"type":"Polygon","coordinates":[[[19.21278,47.2],[19.19222,47.18361],[19.19222,47.15667],[19.19583,47.1525],[19.4375,47.07417],[19.45028,47.08222],[19.385,47.12639],[19.21278,47.2]]]}}, {"type":"Feature","id":78,"properties":{"_id":"6994c8d92a624140943f69ad","createdBy":"eBT9qSrxquPVguazo7MwJzzaf2p1","createdAt":"2026-02-17T20:00:25.807Z","updatedBy":"eBT9qSrxquPVguazo7MwJzzaf2p1","updatedAt":"2026-02-17T20:05:34.083Z","name":"LHD33 ALLAMPUSZTA","dataIngestion":true,"type":2,"icaoClass":8,"activity":0,"onDemand":false,"onRequest":false,"byNotam":false,"specialAgreement":false,"requestCompliance":false,"country":"HU","upperLimit":{"value":2300,"unit":1,"referenceDatum":1},"lowerLimit":{"value":0,"unit":1,"referenceDatum":0},"hoursOfOperation":{"operatingHours":[{"dayOfWeek":0,"startTime":"00:00","endTime":"00:00","byNotam":false,"sunrise":false,"sunset":false,"publicHolidaysExcluded":false},{"dayOfWeek":1,"startTime":"00:00","endTime":"00:00","byNotam":false,"sunrise":false,"sunset":false,"publicHolidaysExcluded":false},{"dayOfWeek":2,"startTime":"00:00","endTime":"00:00","byNotam":false,"sunrise":false,"sunset":false,"publicHolidaysExcluded":false},{"dayOfWeek":3,"startTime":"00:00","endTime":"00:00","byNotam":false,"sunrise":false,"sunset":false,"publicHolidaysExcluded":false},{"dayOfWeek":4,"startTime":"00:00","endTime":"00:00","byNotam":false,"sunrise":false,"sunset":false,"publicHolidaysExcluded":false},{"dayOfWeek":5,"startTime":"00:00","endTime":"00:00","byNotam":false,"sunrise":false,"sunset":false,"publicHolidaysExcluded":false},{"dayOfWeek":6,"startTime":"00:00","endTime":"00:00","byNotam":false,"sunrise":false,"sunset":false,"publicHolidaysExcluded":false}]},"deletable":true},"geometry":{"type":"Polygon","coordinates":[[[19.02333,46.70111],[19.07333,46.65111],[19.165,46.68444],[19.10667,46.74278],[19.02333,46.70111]]]}}, {"type":"Feature","id":79,"properties":{"_id":"6994c8d92a624140943f69b0","createdBy":"eBT9qSrxquPVguazo7MwJzzaf2p1","createdAt":"2026-02-17T20:00:25.818Z","updatedBy":"eBT9qSrxquPVguazo7MwJzzaf2p1","updatedAt":"2026-02-17T20:05:34.183Z","name":"LHD34 MARIANOSZTRA","dataIngestion":true,"type":2,"icaoClass":8,"activity":0,"onDemand":false,"onRequest":false,"byNotam":false,"specialAgreement":false,"requestCompliance":false,"country":"HU","upperLimit":{"value":2300,"unit":1,"referenceDatum":1},"lowerLimit":{"value":0,"unit":1,"referenceDatum":0},"hoursOfOperation":{"operatingHours":[{"dayOfWeek":0,"startTime":"00:00","endTime":"00:00","byNotam":false,"sunrise":false,"sunset":false,"publicHolidaysExcluded":false},{"dayOfWeek":1,"startTime":"00:00","endTime":"00:00","byNotam":false,"sunrise":false,"sunset":false,"publicHolidaysExcluded":false},{"dayOfWeek":2,"startTime":"00:00","endTime":"00:00","byNotam":false,"sunrise":false,"sunset":false,"publicHolidaysExcluded":false},{"dayOfWeek":3,"startTime":"00:00","endTime":"00:00","byNotam":false,"sunrise":false,"sunset":false,"publicHolidaysExcluded":false},{"dayOfWeek":4,"startTime":"00:00","endTime":"00:00","byNotam":false,"sunrise":false,"sunset":false,"publicHolidaysExcluded":false},{"dayOfWeek":5,"startTime":"00:00","endTime":"00:00","byNotam":false,"sunrise":false,"sunset":false,"publicHolidaysExcluded":false},{"dayOfWeek":6,"startTime":"00:00","endTime":"00:00","byNotam":false,"sunrise":false,"sunset":false,"publicHolidaysExcluded":false}]},"deletable":true},"geometry":{"type":"Polygon","coordinates":[[[18.83167,47.93417],[18.765,47.88389],[18.865,47.8675],[18.93167,47.88417],[18.89833,47.93417],[18.83167,47.93417]]]}}, {"type":"Feature","id":80,"properties":{"_id":"6994c8d92a624140943f69b3","createdBy":"eBT9qSrxquPVguazo7MwJzzaf2p1","createdAt":"2026-02-17T20:00:25.828Z","updatedBy":"eBT9qSrxquPVguazo7MwJzzaf2p1","updatedAt":"2026-02-17T20:05:34.281Z","name":"LHD36A HAJMASKER","dataIngestion":true,"type":2,"icaoClass":8,"activity":0,"onDemand":false,"onRequest":false,"byNotam":false,"specialAgreement":false,"requestCompliance":false,"country":"HU","upperLimit":{"value":145,"unit":6,"referenceDatum":2},"lowerLimit":{"value":0,"unit":1,"referenceDatum":0},"hoursOfOperation":{"operatingHours":[{"dayOfWeek":0,"startTime":"00:00","endTime":"00:00","byNotam":false,"sunrise":false,"sunset":false,"publicHolidaysExcluded":false},{"dayOfWeek":1,"startTime":"00:00","endTime":"00:00","byNotam":false,"sunrise":false,"sunset":false,"publicHolidaysExcluded":false},{"dayOfWeek":2,"startTime":"00:00","endTime":"00:00","byNotam":false,"sunrise":false,"sunset":false,"publicHolidaysExcluded":false},{"dayOfWeek":3,"startTime":"00:00","endTime":"00:00","byNotam":false,"sunrise":false,"sunset":false,"publicHolidaysExcluded":false},{"dayOfWeek":4,"startTime":"00:00","endTime":"00:00","byNotam":false,"sunrise":false,"sunset":false,"publicHolidaysExcluded":false},{"dayOfWeek":5,"startTime":"00:00","endTime":"00:00","byNotam":false,"sunrise":false,"sunset":false,"publicHolidaysExcluded":false},{"dayOfWeek":6,"startTime":"00:00","endTime":"00:00","byNotam":false,"sunrise":false,"sunset":false,"publicHolidaysExcluded":false}]},"deletable":true},"geometry":{"type":"Polygon","coordinates":[[[17.80694,47.12861],[17.94,47.15083],[18.115,47.18417],[18.03167,47.25083],[17.965,47.27583],[17.78167,47.23417],[17.80694,47.12861]]]}}, {"type":"Feature","id":81,"properties":{"_id":"6994c8d92a624140943f69b6","createdBy":"eBT9qSrxquPVguazo7MwJzzaf2p1","createdAt":"2026-02-17T20:00:25.837Z","updatedBy":"eBT9qSrxquPVguazo7MwJzzaf2p1","updatedAt":"2026-02-17T20:05:34.385Z","name":"LHD36B VARPALOTA","dataIngestion":true,"type":2,"icaoClass":8,"activity":0,"onDemand":false,"onRequest":false,"byNotam":false,"specialAgreement":false,"requestCompliance":false,"country":"HU","upperLimit":{"value":145,"unit":6,"referenceDatum":2},"lowerLimit":{"value":0,"unit":1,"referenceDatum":0},"hoursOfOperation":{"operatingHours":[{"dayOfWeek":0,"startTime":"00:00","endTime":"00:00","byNotam":false,"sunrise":false,"sunset":false,"publicHolidaysExcluded":false},{"dayOfWeek":1,"startTime":"00:00","endTime":"00:00","byNotam":false,"sunrise":false,"sunset":false,"publicHolidaysExcluded":false},{"dayOfWeek":2,"startTime":"00:00","endTime":"00:00","byNotam":false,"sunrise":false,"sunset":false,"publicHolidaysExcluded":false},{"dayOfWeek":3,"startTime":"00:00","endTime":"00:00","byNotam":false,"sunrise":false,"sunset":false,"publicHolidaysExcluded":false},{"dayOfWeek":4,"startTime":"00:00","endTime":"00:00","byNotam":false,"sunrise":false,"sunset":false,"publicHolidaysExcluded":false},{"dayOfWeek":5,"startTime":"00:00","endTime":"00:00","byNotam":false,"sunrise":false,"sunset":false,"publicHolidaysExcluded":false},{"dayOfWeek":6,"startTime":"00:00","endTime":"00:00","byNotam":false,"sunrise":false,"sunset":false,"publicHolidaysExcluded":false}]},"deletable":true},"geometry":{"type":"Polygon","coordinates":[[[18.065,47.1675],[18.32333,47.15917],[18.28167,47.32583],[17.99833,47.30917],[18.065,47.1675]]]}}, {"type":"Feature","id":82,"properties":{"_id":"6994c8d92a624140943f69b9","createdBy":"eBT9qSrxquPVguazo7MwJzzaf2p1","createdAt":"2026-02-17T20:00:25.849Z","updatedBy":"eBT9qSrxquPVguazo7MwJzzaf2p1","updatedAt":"2026-02-17T20:05:34.495Z","name":"LHD37 SIMONTORNYA","dataIngestion":true,"type":2,"icaoClass":8,"activity":0,"onDemand":false,"onRequest":false,"byNotam":false,"specialAgreement":false,"requestCompliance":false,"country":"HU","upperLimit":{"value":3800,"unit":1,"referenceDatum":1},"lowerLimit":{"value":0,"unit":1,"referenceDatum":0},"hoursOfOperation":{"operatingHours":[{"dayOfWeek":0,"startTime":"00:00","endTime":"00:00","byNotam":false,"sunrise":false,"sunset":false,"publicHolidaysExcluded":false},{"dayOfWeek":1,"startTime":"00:00","endTime":"00:00","byNotam":false,"sunrise":false,"sunset":false,"publicHolidaysExcluded":false},{"dayOfWeek":2,"startTime":"00:00","endTime":"00:00","byNotam":false,"sunrise":false,"sunset":false,"publicHolidaysExcluded":false},{"dayOfWeek":3,"startTime":"00:00","endTime":"00:00","byNotam":false,"sunrise":false,"sunset":false,"publicHolidaysExcluded":false},{"dayOfWeek":4,"startTime":"00:00","endTime":"00:00","byNotam":false,"sunrise":false,"sunset":false,"publicHolidaysExcluded":false},{"dayOfWeek":5,"startTime":"00:00","endTime":"00:00","byNotam":false,"sunrise":false,"sunset":false,"publicHolidaysExcluded":false},{"dayOfWeek":6,"startTime":"00:00","endTime":"00:00","byNotam":false,"sunrise":false,"sunset":false,"publicHolidaysExcluded":false}]},"deletable":true},"geometry":{"type":"Polygon","coordinates":[[[18.54,46.75083],[18.515,46.70083],[18.565,46.72583],[18.54,46.75083]]]}}, {"type":"Feature","id":83,"properties":{"_id":"6994c8d92a624140943f69bc","createdBy":"eBT9qSrxquPVguazo7MwJzzaf2p1","createdAt":"2026-02-17T20:00:25.858Z","updatedBy":"eBT9qSrxquPVguazo7MwJzzaf2p1","updatedAt":"2026-02-17T20:05:34.592Z","name":"LHD50 HARKA","dataIngestion":true,"type":2,"icaoClass":8,"activity":0,"onDemand":false,"onRequest":false,"byNotam":false,"specialAgreement":false,"requestCompliance":false,"country":"HU","upperLimit":{"value":2300,"unit":1,"referenceDatum":1},"lowerLimit":{"value":0,"unit":1,"referenceDatum":0},"hoursOfOperation":{"operatingHours":[{"dayOfWeek":0,"startTime":"00:00","endTime":"00:00","byNotam":false,"sunrise":false,"sunset":false,"publicHolidaysExcluded":false},{"dayOfWeek":1,"startTime":"00:00","endTime":"00:00","byNotam":false,"sunrise":false,"sunset":false,"publicHolidaysExcluded":false},{"dayOfWeek":2,"startTime":"00:00","endTime":"00:00","byNotam":false,"sunrise":false,"sunset":false,"publicHolidaysExcluded":false},{"dayOfWeek":3,"startTime":"00:00","endTime":"00:00","byNotam":false,"sunrise":false,"sunset":false,"publicHolidaysExcluded":false},{"dayOfWeek":4,"startTime":"00:00","endTime":"00:00","byNotam":false,"sunrise":false,"sunset":false,"publicHolidaysExcluded":false},{"dayOfWeek":5,"startTime":"00:00","endTime":"00:00","byNotam":false,"sunrise":false,"sunset":false,"publicHolidaysExcluded":false},{"dayOfWeek":6,"startTime":"00:00","endTime":"00:00","byNotam":false,"sunrise":false,"sunset":false,"publicHolidaysExcluded":false}]},"deletable":true},"geometry":{"type":"Polygon","coordinates":[[[16.56528,47.66882],[16.56193,47.66868],[16.55864,47.66825],[16.55545,47.66755],[16.55241,47.66659],[16.54958,47.66538],[16.547,47.66394],[16.5447,47.66229],[16.54273,47.66047],[16.54112,47.65849],[16.53988,47.65639],[16.53905,47.6542],[16.53863,47.65196],[16.53863,47.6497],[16.53905,47.64746],[16.53989,47.64527],[16.54112,47.64317],[16.54274,47.64119],[16.54471,47.63936],[16.54701,47.63772],[16.54959,47.63628],[16.55242,47.63507],[16.55545,47.63411],[16.55864,47.63341],[16.56193,47.63298],[16.56528,47.63284],[16.56863,47.63298],[16.57192,47.63341],[16.57511,47.63411],[16.57814,47.63507],[16.58097,47.63628],[16.58355,47.63772],[16.58585,47.63936],[16.58782,47.64119],[16.58944,47.64317],[16.59067,47.64527],[16.59151,47.64746],[16.59193,47.6497],[16.59193,47.65196],[16.59151,47.6542],[16.59068,47.65639],[16.58944,47.65849],[16.58783,47.66047],[16.58586,47.66229],[16.58356,47.66394],[16.58098,47.66538],[16.57815,47.66659],[16.57511,47.66755],[16.57192,47.66825],[16.56863,47.66868],[16.56528,47.66882]]]}}, {"type":"Feature","id":84,"properties":{"_id":"6994c8d92a624140943f69bf","createdBy":"eBT9qSrxquPVguazo7MwJzzaf2p1","createdAt":"2026-02-17T20:00:25.878Z","updatedBy":"eBT9qSrxquPVguazo7MwJzzaf2p1","updatedAt":"2026-02-17T20:05:34.686Z","name":"LHD52 KOSZEG","dataIngestion":true,"type":2,"icaoClass":8,"activity":0,"onDemand":false,"onRequest":false,"byNotam":false,"specialAgreement":false,"requestCompliance":false,"country":"HU","upperLimit":{"value":2300,"unit":1,"referenceDatum":1},"lowerLimit":{"value":0,"unit":1,"referenceDatum":0},"hoursOfOperation":{"operatingHours":[{"dayOfWeek":0,"startTime":"00:00","endTime":"00:00","byNotam":false,"sunrise":false,"sunset":false,"publicHolidaysExcluded":false},{"dayOfWeek":1,"startTime":"00:00","endTime":"00:00","byNotam":false,"sunrise":false,"sunset":false,"publicHolidaysExcluded":false},{"dayOfWeek":2,"startTime":"00:00","endTime":"00:00","byNotam":false,"sunrise":false,"sunset":false,"publicHolidaysExcluded":false},{"dayOfWeek":3,"startTime":"00:00","endTime":"00:00","byNotam":false,"sunrise":false,"sunset":false,"publicHolidaysExcluded":false},{"dayOfWeek":4,"startTime":"00:00","endTime":"00:00","byNotam":false,"sunrise":false,"sunset":false,"publicHolidaysExcluded":false},{"dayOfWeek":5,"startTime":"00:00","endTime":"00:00","byNotam":false,"sunrise":false,"sunset":false,"publicHolidaysExcluded":false},{"dayOfWeek":6,"startTime":"00:00","endTime":"00:00","byNotam":false,"sunrise":false,"sunset":false,"publicHolidaysExcluded":false}]},"deletable":true},"geometry":{"type":"Polygon","coordinates":[[[16.58194,47.41049],[16.57861,47.41035],[16.57533,47.40992],[16.57215,47.40922],[16.56914,47.40826],[16.56632,47.40705],[16.56375,47.40561],[16.56146,47.40396],[16.5595,47.40214],[16.55789,47.40016],[16.55667,47.39806],[16.55584,47.39587],[16.55542,47.39363],[16.55542,47.39137],[16.55584,47.38913],[16.55667,47.38694],[16.5579,47.38484],[16.55951,47.38286],[16.56147,47.38103],[16.56376,47.37939],[16.56633,47.37795],[16.56914,47.37674],[16.57216,47.37578],[16.57533,47.37508],[16.57861,47.37465],[16.58194,47.37451],[16.58527,47.37465],[16.58855,47.37508],[16.59172,47.37578],[16.59474,47.37674],[16.59755,47.37795],[16.60012,47.37939],[16.60241,47.38103],[16.60437,47.38286],[16.60598,47.38484],[16.60721,47.38694],[16.60804,47.38913],[16.60846,47.39137],[16.60846,47.39363],[16.60804,47.39587],[16.60721,47.39806],[16.60599,47.40016],[16.60438,47.40214],[16.60242,47.40396],[16.60013,47.40561],[16.59756,47.40705],[16.59475,47.40826],[16.59173,47.40922],[16.58855,47.40992],[16.58527,47.41035],[16.58194,47.41049]]]}}, {"type":"Feature","id":85,"properties":{"_id":"6994c8d92a624140943f69c2","createdBy":"eBT9qSrxquPVguazo7MwJzzaf2p1","createdAt":"2026-02-17T20:00:25.891Z","updatedBy":"eBT9qSrxquPVguazo7MwJzzaf2p1","updatedAt":"2026-02-17T20:05:34.798Z","name":"LHD53 NADASD","dataIngestion":true,"type":2,"icaoClass":8,"activity":0,"onDemand":false,"onRequest":false,"byNotam":false,"specialAgreement":false,"requestCompliance":false,"country":"HU","upperLimit":{"value":2300,"unit":1,"referenceDatum":1},"lowerLimit":{"value":0,"unit":1,"referenceDatum":0},"hoursOfOperation":{"operatingHours":[{"dayOfWeek":0,"startTime":"00:00","endTime":"00:00","byNotam":false,"sunrise":false,"sunset":false,"publicHolidaysExcluded":false},{"dayOfWeek":1,"startTime":"00:00","endTime":"00:00","byNotam":false,"sunrise":false,"sunset":false,"publicHolidaysExcluded":false},{"dayOfWeek":2,"startTime":"00:00","endTime":"00:00","byNotam":false,"sunrise":false,"sunset":false,"publicHolidaysExcluded":false},{"dayOfWeek":3,"startTime":"00:00","endTime":"00:00","byNotam":false,"sunrise":false,"sunset":false,"publicHolidaysExcluded":false},{"dayOfWeek":4,"startTime":"00:00","endTime":"00:00","byNotam":false,"sunrise":false,"sunset":false,"publicHolidaysExcluded":false},{"dayOfWeek":5,"startTime":"00:00","endTime":"00:00","byNotam":false,"sunrise":false,"sunset":false,"publicHolidaysExcluded":false},{"dayOfWeek":6,"startTime":"00:00","endTime":"00:00","byNotam":false,"sunrise":false,"sunset":false,"publicHolidaysExcluded":false}]},"deletable":true},"geometry":{"type":"Polygon","coordinates":[[[16.58194,47.00216],[16.57863,47.00202],[16.57538,47.00159],[16.57223,47.00089],[16.56923,46.99993],[16.56644,46.99872],[16.56389,46.99728],[16.56162,46.99563],[16.55967,46.99381],[16.55808,46.99183],[16.55686,46.98973],[16.55604,46.98754],[16.55562,46.9853],[16.55563,46.98304],[16.55604,46.9808],[16.55687,46.97861],[16.55808,46.97651],[16.55968,46.97453],[16.56163,46.9727],[16.56389,46.97106],[16.56645,46.96962],[16.56924,46.96841],[16.57224,46.96745],[16.57539,46.96675],[16.57864,46.96632],[16.58194,46.96618],[16.58524,46.96632],[16.5885,46.96675],[16.59164,46.96745],[16.59464,46.96841],[16.59743,46.96962],[16.59999,46.97106],[16.60225,46.9727],[16.6042,46.97453],[16.6058,46.97651],[16.60701,46.97861],[16.60784,46.9808],[16.60826,46.98304],[16.60826,46.9853],[16.60784,46.98754],[16.60702,46.98973],[16.6058,46.99183],[16.60421,46.99381],[16.60226,46.99563],[16.59999,46.99728],[16.59744,46.99872],[16.59465,46.99993],[16.59165,47.00089],[16.5885,47.00159],[16.58525,47.00202],[16.58194,47.00216]]]}}, {"type":"Feature","id":86,"properties":{"_id":"6994c8d92a624140943f69c5","createdBy":"eBT9qSrxquPVguazo7MwJzzaf2p1","createdAt":"2026-02-17T20:00:25.905Z","updatedBy":"eBT9qSrxquPVguazo7MwJzzaf2p1","updatedAt":"2026-02-17T20:05:34.919Z","name":"LHD55 SZUGY","dataIngestion":true,"type":2,"icaoClass":8,"activity":0,"onDemand":false,"onRequest":false,"byNotam":false,"specialAgreement":false,"requestCompliance":false,"country":"HU","upperLimit":{"value":2300,"unit":1,"referenceDatum":1},"lowerLimit":{"value":0,"unit":1,"referenceDatum":0},"hoursOfOperation":{"operatingHours":[{"dayOfWeek":0,"startTime":"00:00","endTime":"00:00","byNotam":false,"sunrise":false,"sunset":false,"publicHolidaysExcluded":false},{"dayOfWeek":1,"startTime":"00:00","endTime":"00:00","byNotam":false,"sunrise":false,"sunset":false,"publicHolidaysExcluded":false},{"dayOfWeek":2,"startTime":"00:00","endTime":"00:00","byNotam":false,"sunrise":false,"sunset":false,"publicHolidaysExcluded":false},{"dayOfWeek":3,"startTime":"00:00","endTime":"00:00","byNotam":false,"sunrise":false,"sunset":false,"publicHolidaysExcluded":false},{"dayOfWeek":4,"startTime":"00:00","endTime":"00:00","byNotam":false,"sunrise":false,"sunset":false,"publicHolidaysExcluded":false},{"dayOfWeek":5,"startTime":"00:00","endTime":"00:00","byNotam":false,"sunrise":false,"sunset":false,"publicHolidaysExcluded":false},{"dayOfWeek":6,"startTime":"00:00","endTime":"00:00","byNotam":false,"sunrise":false,"sunset":false,"publicHolidaysExcluded":false}]},"deletable":true},"geometry":{"type":"Polygon","coordinates":[[[19.33139,48.08549],[19.32802,48.08535],[19.32469,48.08492],[19.32148,48.08422],[19.31842,48.08326],[19.31556,48.08205],[19.31296,48.08061],[19.31065,48.07896],[19.30866,48.07714],[19.30703,48.07516],[19.30579,48.07306],[19.30495,48.07087],[19.30453,48.06863],[19.30453,48.06637],[19.30495,48.06413],[19.30579,48.06194],[19.30704,48.05984],[19.30867,48.05786],[19.31065,48.05603],[19.31297,48.05439],[19.31557,48.05295],[19.31843,48.05174],[19.32148,48.05078],[19.3247,48.05008],[19.32802,48.04965],[19.33139,48.04951],[19.33476,48.04965],[19.33808,48.05008],[19.3413,48.05078],[19.34435,48.05174],[19.34721,48.05295],[19.34981,48.05439],[19.35213,48.05603],[19.35411,48.05786],[19.35574,48.05984],[19.35699,48.06194],[19.35783,48.06413],[19.35825,48.06637],[19.35826,48.06863],[19.35783,48.07087],[19.35699,48.07306],[19.35575,48.07516],[19.35412,48.07714],[19.35214,48.07896],[19.34982,48.08061],[19.34722,48.08205],[19.34436,48.08326],[19.3413,48.08422],[19.33809,48.08492],[19.33477,48.08535],[19.33139,48.08549]]]}}, {"type":"Feature","id":87,"properties":{"_id":"6994c8d92a624140943f694a","createdBy":"eBT9qSrxquPVguazo7MwJzzaf2p1","createdAt":"2026-02-17T20:00:25.409Z","updatedBy":"eBT9qSrxquPVguazo7MwJzzaf2p1","updatedAt":"2026-02-17T20:05:30.744Z","name":"LHP1 PAKS","dataIngestion":true,"type":3,"icaoClass":8,"activity":0,"onDemand":false,"onRequest":false,"byNotam":false,"specialAgreement":false,"requestCompliance":false,"country":"HU","upperLimit":{"value":195,"unit":6,"referenceDatum":2},"lowerLimit":{"value":0,"unit":1,"referenceDatum":0},"hoursOfOperation":{"operatingHours":[{"dayOfWeek":0,"startTime":"00:00","endTime":"00:00","byNotam":false,"sunrise":false,"sunset":false,"publicHolidaysExcluded":false},{"dayOfWeek":1,"startTime":"00:00","endTime":"00:00","byNotam":false,"sunrise":false,"sunset":false,"publicHolidaysExcluded":false},{"dayOfWeek":2,"startTime":"00:00","endTime":"00:00","byNotam":false,"sunrise":false,"sunset":false,"publicHolidaysExcluded":false},{"dayOfWeek":3,"startTime":"00:00","endTime":"00:00","byNotam":false,"sunrise":false,"sunset":false,"publicHolidaysExcluded":false},{"dayOfWeek":4,"startTime":"00:00","endTime":"00:00","byNotam":false,"sunrise":false,"sunset":false,"publicHolidaysExcluded":false},{"dayOfWeek":5,"startTime":"00:00","endTime":"00:00","byNotam":false,"sunrise":false,"sunset":false,"publicHolidaysExcluded":false},{"dayOfWeek":6,"startTime":"00:00","endTime":"00:00","byNotam":false,"sunrise":false,"sunset":false,"publicHolidaysExcluded":false}]},"deletable":true},"geometry":{"type":"Polygon","coordinates":[[[18.85278,46.60559],[18.84908,46.60547],[18.84542,46.60511],[18.84182,46.60452],[18.83832,46.6037],[18.83495,46.60265],[18.83174,46.60139],[18.82871,46.59993],[18.8259,46.59828],[18.82333,46.59645],[18.82101,46.59447],[18.81898,46.59234],[18.81725,46.59009],[18.81584,46.58774],[18.81475,46.58531],[18.81401,46.58282],[18.8136,46.5803],[18.81355,46.57776],[18.81384,46.57522],[18.81448,46.57272],[18.81545,46.57027],[18.81676,46.56789],[18.81839,46.56561],[18.82032,46.56344],[18.82254,46.56141],[18.82503,46.55953],[18.82777,46.55782],[18.83073,46.55629],[18.83388,46.55496],[18.8372,46.55385],[18.84066,46.55295],[18.84422,46.55228],[18.84786,46.55184],[18.85155,46.55164],[18.85524,46.55168],[18.85892,46.55196],[18.86254,46.55248],[18.86607,46.55322],[18.86949,46.5542],[18.87275,46.55538],[18.87584,46.55678],[18.87873,46.55837],[18.88139,46.56014],[18.88379,46.56207],[18.88592,46.56415],[18.88775,46.56636],[18.88927,46.56867],[18.89047,46.57108],[18.89134,46.57355],[18.89186,46.57606],[18.89203,46.5786],[18.89186,46.58114],[18.89134,46.58366],[18.89048,46.58613],[18.88928,46.58854],[18.88776,46.59085],[18.88593,46.59306],[18.88381,46.59514],[18.88141,46.59708],[18.87875,46.59885],[18.87586,46.60044],[18.87277,46.60183],[18.8695,46.60302],[18.86608,46.604],[18.86255,46.60474],[18.85892,46.60526],[18.85278,46.60559]]]}}, {"type":"Feature","id":88,"properties":{"_id":"6994c8d92a624140943f694d","createdBy":"eBT9qSrxquPVguazo7MwJzzaf2p1","createdAt":"2026-02-17T20:00:25.428Z","updatedBy":"eBT9qSrxquPVguazo7MwJzzaf2p1","updatedAt":"2026-02-17T20:05:30.846Z","name":"LHP2 CSILLEBERC","dataIngestion":true,"type":3,"icaoClass":8,"activity":0,"onDemand":false,"onRequest":false,"byNotam":false,"specialAgreement":false,"requestCompliance":false,"country":"HU","upperLimit":{"value":3500,"unit":1,"referenceDatum":1},"lowerLimit":{"value":0,"unit":1,"referenceDatum":0},"hoursOfOperation":{"operatingHours":[{"dayOfWeek":0,"startTime":"00:00","endTime":"00:00","byNotam":false,"sunrise":false,"sunset":false,"publicHolidaysExcluded":false},{"dayOfWeek":1,"startTime":"00:00","endTime":"00:00","byNotam":false,"sunrise":false,"sunset":false,"publicHolidaysExcluded":false},{"dayOfWeek":2,"startTime":"00:00","endTime":"00:00","byNotam":false,"sunrise":false,"sunset":false,"publicHolidaysExcluded":false},{"dayOfWeek":3,"startTime":"00:00","endTime":"00:00","byNotam":false,"sunrise":false,"sunset":false,"publicHolidaysExcluded":false},{"dayOfWeek":4,"startTime":"00:00","endTime":"00:00","byNotam":false,"sunrise":false,"sunset":false,"publicHolidaysExcluded":false},{"dayOfWeek":5,"startTime":"00:00","endTime":"00:00","byNotam":false,"sunrise":false,"sunset":false,"publicHolidaysExcluded":false},{"dayOfWeek":6,"startTime":"00:00","endTime":"00:00","byNotam":false,"sunrise":false,"sunset":false,"publicHolidaysExcluded":false}]},"deletable":true},"geometry":{"type":"Polygon","coordinates":[[[18.95222,47.49422],[18.94958,47.49385],[18.94737,47.4928],[18.94596,47.49124],[18.94558,47.48944],[18.94629,47.48768],[18.94798,47.48626],[18.95036,47.4854],[18.95305,47.48526],[18.95561,47.48585],[18.9576,47.48708],[18.95872,47.48874],[18.95876,47.49056],[18.95773,47.49225],[18.95579,47.49352],[18.95222,47.49422]]]}}, {"type":"Feature","id":89,"properties":{"_id":"6994c8d92a624140943f6950","createdBy":"eBT9qSrxquPVguazo7MwJzzaf2p1","createdAt":"2026-02-17T20:00:25.442Z","updatedBy":"eBT9qSrxquPVguazo7MwJzzaf2p1","updatedAt":"2026-02-17T20:05:30.940Z","name":"LHR1 BUDAPEST","dataIngestion":true,"type":1,"icaoClass":8,"activity":0,"onDemand":false,"onRequest":false,"byNotam":false,"specialAgreement":false,"requestCompliance":false,"country":"HU","upperLimit":{"value":3500,"unit":1,"referenceDatum":1},"lowerLimit":{"value":0,"unit":1,"referenceDatum":0},"hoursOfOperation":{"operatingHours":[{"dayOfWeek":0,"startTime":"00:00","endTime":"00:00","byNotam":false,"sunrise":false,"sunset":false,"publicHolidaysExcluded":false},{"dayOfWeek":1,"startTime":"00:00","endTime":"00:00","byNotam":false,"sunrise":false,"sunset":false,"publicHolidaysExcluded":false},{"dayOfWeek":2,"startTime":"00:00","endTime":"00:00","byNotam":false,"sunrise":false,"sunset":false,"publicHolidaysExcluded":false},{"dayOfWeek":3,"startTime":"00:00","endTime":"00:00","byNotam":false,"sunrise":false,"sunset":false,"publicHolidaysExcluded":false},{"dayOfWeek":4,"startTime":"00:00","endTime":"00:00","byNotam":false,"sunrise":false,"sunset":false,"publicHolidaysExcluded":false},{"dayOfWeek":5,"startTime":"00:00","endTime":"00:00","byNotam":false,"sunrise":false,"sunset":false,"publicHolidaysExcluded":false},{"dayOfWeek":6,"startTime":"00:00","endTime":"00:00","byNotam":false,"sunrise":false,"sunset":false,"publicHolidaysExcluded":false}]},"deletable":true},"geometry":{"type":"Polygon","coordinates":[[[18.97444,47.51639],[18.97,47.50056],[18.97944,47.49194],[19.01306,47.48611],[19.02972,47.48306],[19.06,47.49472],[19.05583,47.51056],[19.04361,47.51472],[18.97444,47.51639]]]}}, {"type":"Feature","id":90,"properties":{"_id":"6994c8d92a624140943f6962","createdBy":"eBT9qSrxquPVguazo7MwJzzaf2p1","createdAt":"2026-02-17T20:00:25.525Z","updatedBy":"eBT9qSrxquPVguazo7MwJzzaf2p1","updatedAt":"2026-02-17T20:05:31.555Z","name":"LHR10 HAJDUSZOBOSZLO","dataIngestion":true,"type":1,"icaoClass":8,"activity":0,"onDemand":false,"onRequest":false,"byNotam":false,"specialAgreement":false,"requestCompliance":false,"country":"HU","upperLimit":{"value":7500,"unit":1,"referenceDatum":1},"lowerLimit":{"value":0,"unit":1,"referenceDatum":0},"hoursOfOperation":{"operatingHours":[{"dayOfWeek":0,"startTime":"00:00","endTime":"00:00","byNotam":false,"sunrise":false,"sunset":false,"publicHolidaysExcluded":false},{"dayOfWeek":1,"startTime":"00:00","endTime":"00:00","byNotam":false,"sunrise":false,"sunset":false,"publicHolidaysExcluded":false},{"dayOfWeek":2,"startTime":"00:00","endTime":"00:00","byNotam":false,"sunrise":false,"sunset":false,"publicHolidaysExcluded":false},{"dayOfWeek":3,"startTime":"00:00","endTime":"00:00","byNotam":false,"sunrise":false,"sunset":false,"publicHolidaysExcluded":false},{"dayOfWeek":4,"startTime":"00:00","endTime":"00:00","byNotam":false,"sunrise":false,"sunset":false,"publicHolidaysExcluded":false},{"dayOfWeek":5,"startTime":"00:00","endTime":"00:00","byNotam":false,"sunrise":false,"sunset":false,"publicHolidaysExcluded":false},{"dayOfWeek":6,"startTime":"00:00","endTime":"00:00","byNotam":false,"sunrise":false,"sunset":false,"publicHolidaysExcluded":false}]},"deletable":true},"geometry":{"type":"Polygon","coordinates":[[[21.38139,47.57664],[21.37304,47.57629],[21.36481,47.57523],[21.36079,47.57444],[21.35685,47.57348],[21.35301,47.57236],[21.34928,47.57107],[21.34568,47.56963],[21.34221,47.56805],[21.33891,47.56631],[21.33577,47.56444],[21.33281,47.56244],[21.33004,47.56032],[21.32748,47.55809],[21.32513,47.55575],[21.323,47.55332],[21.3211,47.5508],[21.31944,47.54821],[21.31803,47.54555],[21.31687,47.54284],[21.31596,47.54008],[21.3153,47.53729],[21.31491,47.53447],[21.31479,47.53165],[21.31492,47.52883],[21.31532,47.52602],[21.31598,47.52323],[21.31689,47.52047],[21.31806,47.51776],[21.31948,47.5151],[21.32115,47.51251],[21.32305,47.50999],[21.32518,47.50756],[21.32753,47.50523],[21.3301,47.50299],[21.33287,47.50088],[21.33583,47.49888],[21.33896,47.49701],[21.34227,47.49528],[21.34573,47.4937],[21.34933,47.49226],[21.35305,47.49098],[21.35689,47.48986],[21.36083,47.4889],[21.36484,47.48811],[21.36892,47.4875],[21.37721,47.48679],[21.38557,47.48679],[21.39386,47.4875],[21.39794,47.48811],[21.40196,47.4889],[21.40589,47.48986],[21.40973,47.49098],[21.41345,47.49226],[21.41705,47.4937],[21.42051,47.49528],[21.42382,47.49701],[21.42696,47.49888],[21.42991,47.50088],[21.43268,47.50299],[21.43525,47.50523],[21.4376,47.50756],[21.43973,47.50999],[21.44163,47.51251],[21.4433,47.5151],[21.44472,47.51776],[21.44589,47.52047],[21.4468,47.52323],[21.44746,47.52602],[21.44786,47.52883],[21.44799,47.53165],[21.44787,47.53447],[21.44748,47.53729],[21.44682,47.54008],[21.44592,47.54284],[21.44475,47.54555],[21.44334,47.54821],[21.44168,47.5508],[21.43978,47.55332],[21.43765,47.55575],[21.4353,47.55809],[21.43274,47.56032],[21.42997,47.56244],[21.42701,47.56444],[21.42387,47.56631],[21.42057,47.56805],[21.4171,47.56963],[21.4135,47.57107],[21.40977,47.57236],[21.40593,47.57348],[21.40199,47.57444],[21.39797,47.57523],[21.38975,47.57629],[21.38139,47.57664]]]}}, {"type":"Feature","id":91,"properties":{"_id":"6994c8d92a624140943f6965","createdBy":"eBT9qSrxquPVguazo7MwJzzaf2p1","createdAt":"2026-02-17T20:00:25.542Z","updatedBy":"eBT9qSrxquPVguazo7MwJzzaf2p1","updatedAt":"2026-02-17T20:05:31.656Z","name":"LHR12 SAJOBABONY","dataIngestion":true,"type":1,"icaoClass":8,"activity":0,"onDemand":false,"onRequest":false,"byNotam":false,"specialAgreement":false,"requestCompliance":false,"country":"HU","upperLimit":{"value":7500,"unit":1,"referenceDatum":1},"lowerLimit":{"value":0,"unit":1,"referenceDatum":0},"hoursOfOperation":{"operatingHours":[{"dayOfWeek":0,"startTime":"00:00","endTime":"00:00","byNotam":false,"sunrise":false,"sunset":false,"publicHolidaysExcluded":false},{"dayOfWeek":1,"startTime":"00:00","endTime":"00:00","byNotam":false,"sunrise":false,"sunset":false,"publicHolidaysExcluded":false},{"dayOfWeek":2,"startTime":"00:00","endTime":"00:00","byNotam":false,"sunrise":false,"sunset":false,"publicHolidaysExcluded":false},{"dayOfWeek":3,"startTime":"00:00","endTime":"00:00","byNotam":false,"sunrise":false,"sunset":false,"publicHolidaysExcluded":false},{"dayOfWeek":4,"startTime":"00:00","endTime":"00:00","byNotam":false,"sunrise":false,"sunset":false,"publicHolidaysExcluded":false},{"dayOfWeek":5,"startTime":"00:00","endTime":"00:00","byNotam":false,"sunrise":false,"sunset":false,"publicHolidaysExcluded":false},{"dayOfWeek":6,"startTime":"00:00","endTime":"00:00","byNotam":false,"sunrise":false,"sunset":false,"publicHolidaysExcluded":false}]},"deletable":true},"geometry":{"type":"Polygon","coordinates":[[[20.71472,48.18099],[20.71156,48.18083],[20.70847,48.18033],[20.70554,48.17952],[20.70283,48.17841],[20.70041,48.17704],[20.69835,48.17543],[20.69669,48.17362],[20.69548,48.17167],[20.69474,48.16961],[20.69449,48.1675],[20.69474,48.16539],[20.69548,48.16333],[20.6967,48.16137],[20.69836,48.15957],[20.70042,48.15796],[20.70283,48.15659],[20.70554,48.15548],[20.70847,48.15467],[20.71156,48.15418],[20.71472,48.15401],[20.71788,48.15418],[20.72097,48.15467],[20.7239,48.15548],[20.72661,48.15659],[20.72902,48.15796],[20.73108,48.15957],[20.73274,48.16137],[20.73396,48.16333],[20.7347,48.16539],[20.73495,48.1675],[20.7347,48.16961],[20.73396,48.17167],[20.73275,48.17362],[20.73109,48.17543],[20.72903,48.17704],[20.72661,48.17841],[20.7239,48.17952],[20.72097,48.18033],[20.71789,48.18083],[20.71472,48.18099]]]}}, {"type":"Feature","id":92,"properties":{"_id":"6994c8d92a624140943f6968","createdBy":"eBT9qSrxquPVguazo7MwJzzaf2p1","createdAt":"2026-02-17T20:00:25.556Z","updatedBy":"eBT9qSrxquPVguazo7MwJzzaf2p1","updatedAt":"2026-02-17T20:05:31.753Z","name":"LHR15 DUNAUJVAROS","dataIngestion":true,"type":1,"icaoClass":8,"activity":0,"onDemand":false,"onRequest":false,"byNotam":false,"specialAgreement":false,"requestCompliance":false,"country":"HU","upperLimit":{"value":7500,"unit":1,"referenceDatum":1},"lowerLimit":{"value":0,"unit":1,"referenceDatum":0},"hoursOfOperation":{"operatingHours":[{"dayOfWeek":0,"startTime":"00:00","endTime":"00:00","byNotam":false,"sunrise":false,"sunset":false,"publicHolidaysExcluded":false},{"dayOfWeek":1,"startTime":"00:00","endTime":"00:00","byNotam":false,"sunrise":false,"sunset":false,"publicHolidaysExcluded":false},{"dayOfWeek":2,"startTime":"00:00","endTime":"00:00","byNotam":false,"sunrise":false,"sunset":false,"publicHolidaysExcluded":false},{"dayOfWeek":3,"startTime":"00:00","endTime":"00:00","byNotam":false,"sunrise":false,"sunset":false,"publicHolidaysExcluded":false},{"dayOfWeek":4,"startTime":"00:00","endTime":"00:00","byNotam":false,"sunrise":false,"sunset":false,"publicHolidaysExcluded":false},{"dayOfWeek":5,"startTime":"00:00","endTime":"00:00","byNotam":false,"sunrise":false,"sunset":false,"publicHolidaysExcluded":false},{"dayOfWeek":6,"startTime":"00:00","endTime":"00:00","byNotam":false,"sunrise":false,"sunset":false,"publicHolidaysExcluded":false}]},"deletable":true},"geometry":{"type":"Polygon","coordinates":[[[18.93167,46.96882],[18.92837,46.96868],[18.92512,46.96825],[18.92197,46.96755],[18.91897,46.96659],[18.91618,46.96538],[18.91363,46.96394],[18.91136,46.96229],[18.90942,46.96047],[18.90782,46.95849],[18.90661,46.95639],[18.90578,46.9542],[18.90537,46.95196],[18.90537,46.9497],[18.90579,46.94746],[18.90661,46.94527],[18.90783,46.94317],[18.90942,46.94119],[18.91137,46.93936],[18.91364,46.93772],[18.91619,46.93628],[18.91898,46.93507],[18.92197,46.93411],[18.92512,46.93341],[18.92837,46.93298],[18.93167,46.93284],[18.93497,46.93298],[18.93822,46.93341],[18.94137,46.93411],[18.94436,46.93507],[18.94715,46.93628],[18.9497,46.93772],[18.95197,46.93936],[18.95391,46.94119],[18.95551,46.94317],[18.95673,46.94527],[18.95755,46.94746],[18.95797,46.9497],[18.95797,46.95196],[18.95756,46.9542],[18.95673,46.95639],[18.95552,46.95849],[18.95392,46.96047],[18.95198,46.96229],[18.94971,46.96394],[18.94716,46.96538],[18.94437,46.96659],[18.94137,46.96755],[18.93823,46.96825],[18.93497,46.96868],[18.93167,46.96882]]]}}, {"type":"Feature","id":93,"properties":{"_id":"6994c8d92a624140943f696b","createdBy":"eBT9qSrxquPVguazo7MwJzzaf2p1","createdAt":"2026-02-17T20:00:25.572Z","updatedBy":"eBT9qSrxquPVguazo7MwJzzaf2p1","updatedAt":"2026-02-17T20:05:31.837Z","name":"LHR16 SZOLNOK-TOSZEG","dataIngestion":true,"type":1,"icaoClass":8,"activity":0,"onDemand":false,"onRequest":false,"byNotam":false,"specialAgreement":false,"requestCompliance":false,"country":"HU","upperLimit":{"value":7500,"unit":1,"referenceDatum":1},"lowerLimit":{"value":0,"unit":1,"referenceDatum":0},"hoursOfOperation":{"operatingHours":[{"dayOfWeek":0,"startTime":"00:00","endTime":"00:00","byNotam":false,"sunrise":false,"sunset":false,"publicHolidaysExcluded":false},{"dayOfWeek":1,"startTime":"00:00","endTime":"00:00","byNotam":false,"sunrise":false,"sunset":false,"publicHolidaysExcluded":false},{"dayOfWeek":2,"startTime":"00:00","endTime":"00:00","byNotam":false,"sunrise":false,"sunset":false,"publicHolidaysExcluded":false},{"dayOfWeek":3,"startTime":"00:00","endTime":"00:00","byNotam":false,"sunrise":false,"sunset":false,"publicHolidaysExcluded":false},{"dayOfWeek":4,"startTime":"00:00","endTime":"00:00","byNotam":false,"sunrise":false,"sunset":false,"publicHolidaysExcluded":false},{"dayOfWeek":5,"startTime":"00:00","endTime":"00:00","byNotam":false,"sunrise":false,"sunset":false,"publicHolidaysExcluded":false},{"dayOfWeek":6,"startTime":"00:00","endTime":"00:00","byNotam":false,"sunrise":false,"sunset":false,"publicHolidaysExcluded":false}]},"deletable":true},"geometry":{"type":"Polygon","coordinates":[[[20.13139,47.15243],[20.12808,47.15229],[20.12481,47.15186],[20.12165,47.15116],[20.11865,47.1502],[20.11584,47.14899],[20.11329,47.14755],[20.11101,47.1459],[20.10906,47.14408],[20.10746,47.1421],[20.10624,47.14],[20.10542,47.13781],[20.105,47.13557],[20.105,47.13331],[20.10542,47.13107],[20.10625,47.12888],[20.10747,47.12678],[20.10907,47.1248],[20.11102,47.12297],[20.11329,47.12133],[20.11585,47.11989],[20.11866,47.11868],[20.12166,47.11772],[20.12482,47.11702],[20.12808,47.11659],[20.13139,47.11645],[20.1347,47.11659],[20.13796,47.11702],[20.14112,47.11772],[20.14413,47.11868],[20.14693,47.11989],[20.14949,47.12133],[20.15176,47.12297],[20.15371,47.1248],[20.15531,47.12678],[20.15654,47.12888],[20.15736,47.13107],[20.15778,47.13331],[20.15778,47.13557],[20.15736,47.13781],[20.15654,47.14],[20.15532,47.1421],[20.15372,47.14408],[20.15177,47.1459],[20.1495,47.14755],[20.14694,47.14899],[20.14413,47.1502],[20.14113,47.15116],[20.13797,47.15186],[20.13471,47.15229],[20.13139,47.15243]]]}}, {"type":"Feature","id":94,"properties":{"_id":"6994c8d92a624140943f6953","createdBy":"eBT9qSrxquPVguazo7MwJzzaf2p1","createdAt":"2026-02-17T20:00:25.455Z","updatedBy":"eBT9qSrxquPVguazo7MwJzzaf2p1","updatedAt":"2026-02-17T20:05:31.028Z","name":"LHR1A BUDAPEST","dataIngestion":true,"type":1,"icaoClass":8,"activity":0,"onDemand":false,"onRequest":false,"byNotam":false,"specialAgreement":false,"requestCompliance":false,"country":"HU","upperLimit":{"value":3500,"unit":1,"referenceDatum":1},"lowerLimit":{"value":0,"unit":1,"referenceDatum":0},"hoursOfOperation":{"operatingHours":[{"dayOfWeek":0,"startTime":"00:00","endTime":"00:00","byNotam":false,"sunrise":false,"sunset":false,"publicHolidaysExcluded":false},{"dayOfWeek":1,"startTime":"00:00","endTime":"00:00","byNotam":false,"sunrise":false,"sunset":false,"publicHolidaysExcluded":false},{"dayOfWeek":2,"startTime":"00:00","endTime":"00:00","byNotam":false,"sunrise":false,"sunset":false,"publicHolidaysExcluded":false},{"dayOfWeek":3,"startTime":"00:00","endTime":"00:00","byNotam":false,"sunrise":false,"sunset":false,"publicHolidaysExcluded":false},{"dayOfWeek":4,"startTime":"00:00","endTime":"00:00","byNotam":false,"sunrise":false,"sunset":false,"publicHolidaysExcluded":false},{"dayOfWeek":5,"startTime":"00:00","endTime":"00:00","byNotam":false,"sunrise":false,"sunset":false,"publicHolidaysExcluded":false},{"dayOfWeek":6,"startTime":"00:00","endTime":"00:00","byNotam":false,"sunrise":false,"sunset":false,"publicHolidaysExcluded":false}]},"deletable":true},"geometry":{"type":"Polygon","coordinates":[[[18.93889,47.53167],[18.93889,47.5225],[18.96556,47.5225],[18.96556,47.53167],[18.93889,47.53167]]]}}, {"type":"Feature","id":95,"properties":{"_id":"6994c8d92a624140943f696e","createdBy":"eBT9qSrxquPVguazo7MwJzzaf2p1","createdAt":"2026-02-17T20:00:25.585Z","updatedBy":"eBT9qSrxquPVguazo7MwJzzaf2p1","updatedAt":"2026-02-17T20:05:31.952Z","name":"LHR22 PET","dataIngestion":true,"type":1,"icaoClass":8,"activity":0,"onDemand":false,"onRequest":false,"byNotam":false,"specialAgreement":false,"requestCompliance":false,"country":"HU","upperLimit":{"value":7500,"unit":1,"referenceDatum":1},"lowerLimit":{"value":0,"unit":1,"referenceDatum":0},"hoursOfOperation":{"operatingHours":[{"dayOfWeek":0,"startTime":"00:00","endTime":"00:00","byNotam":false,"sunrise":false,"sunset":false,"publicHolidaysExcluded":false},{"dayOfWeek":1,"startTime":"00:00","endTime":"00:00","byNotam":false,"sunrise":false,"sunset":false,"publicHolidaysExcluded":false},{"dayOfWeek":2,"startTime":"00:00","endTime":"00:00","byNotam":false,"sunrise":false,"sunset":false,"publicHolidaysExcluded":false},{"dayOfWeek":3,"startTime":"00:00","endTime":"00:00","byNotam":false,"sunrise":false,"sunset":false,"publicHolidaysExcluded":false},{"dayOfWeek":4,"startTime":"00:00","endTime":"00:00","byNotam":false,"sunrise":false,"sunset":false,"publicHolidaysExcluded":false},{"dayOfWeek":5,"startTime":"00:00","endTime":"00:00","byNotam":false,"sunrise":false,"sunset":false,"publicHolidaysExcluded":false},{"dayOfWeek":6,"startTime":"00:00","endTime":"00:00","byNotam":false,"sunrise":false,"sunset":false,"publicHolidaysExcluded":false}]},"deletable":true},"geometry":{"type":"Polygon","coordinates":[[[18.14,47.18549],[18.13668,47.18535],[18.13342,47.18492],[18.13026,47.18422],[18.12725,47.18326],[18.12444,47.18205],[18.12188,47.18061],[18.11961,47.17896],[18.11766,47.17714],[18.11606,47.17516],[18.11483,47.17306],[18.11401,47.17087],[18.11359,47.16863],[18.1136,47.16637],[18.11401,47.16413],[18.11484,47.16194],[18.11606,47.15984],[18.11766,47.15786],[18.11962,47.15603],[18.12189,47.15439],[18.12445,47.15295],[18.12726,47.15174],[18.13026,47.15078],[18.13342,47.15008],[18.13669,47.14965],[18.14,47.14951],[18.14332,47.14965],[18.14658,47.15008],[18.14974,47.15078],[18.15274,47.15174],[18.15555,47.15295],[18.15811,47.15439],[18.16038,47.15603],[18.16233,47.15786],[18.16394,47.15984],[18.16516,47.16194],[18.16599,47.16413],[18.16641,47.16637],[18.16641,47.16863],[18.16599,47.17087],[18.16517,47.17306],[18.16394,47.17516],[18.16234,47.17714],[18.16039,47.17896],[18.15812,47.18061],[18.15556,47.18205],[18.15275,47.18326],[18.14974,47.18422],[18.14658,47.18492],[18.14332,47.18535],[18.14,47.18549]]]}}, {"type":"Feature","id":96,"properties":{"_id":"6994c8d92a624140943f6971","createdBy":"eBT9qSrxquPVguazo7MwJzzaf2p1","createdAt":"2026-02-17T20:00:25.597Z","updatedBy":"eBT9qSrxquPVguazo7MwJzzaf2p1","updatedAt":"2026-02-17T20:05:32.056Z","name":"LHR29 NYIRTELEK","dataIngestion":true,"type":1,"icaoClass":8,"activity":0,"onDemand":false,"onRequest":false,"byNotam":false,"specialAgreement":false,"requestCompliance":false,"country":"HU","upperLimit":{"value":2500,"unit":1,"referenceDatum":1},"lowerLimit":{"value":0,"unit":1,"referenceDatum":0},"hoursOfOperation":{"operatingHours":[{"dayOfWeek":0,"startTime":"00:00","endTime":"00:00","byNotam":false,"sunrise":false,"sunset":false,"publicHolidaysExcluded":false},{"dayOfWeek":1,"startTime":"00:00","endTime":"00:00","byNotam":false,"sunrise":false,"sunset":false,"publicHolidaysExcluded":false},{"dayOfWeek":2,"startTime":"00:00","endTime":"00:00","byNotam":false,"sunrise":false,"sunset":false,"publicHolidaysExcluded":false},{"dayOfWeek":3,"startTime":"00:00","endTime":"00:00","byNotam":false,"sunrise":false,"sunset":false,"publicHolidaysExcluded":false},{"dayOfWeek":4,"startTime":"00:00","endTime":"00:00","byNotam":false,"sunrise":false,"sunset":false,"publicHolidaysExcluded":false},{"dayOfWeek":5,"startTime":"00:00","endTime":"00:00","byNotam":false,"sunrise":false,"sunset":false,"publicHolidaysExcluded":false},{"dayOfWeek":6,"startTime":"00:00","endTime":"00:00","byNotam":false,"sunrise":false,"sunset":false,"publicHolidaysExcluded":false}]},"deletable":true},"geometry":{"type":"Polygon","coordinates":[[[21.64083,48.05305],[21.63766,48.05295],[21.63453,48.05265],[21.63145,48.05215],[21.62845,48.05147],[21.62556,48.05059],[21.62281,48.04954],[21.62022,48.04833],[21.61781,48.04695],[21.6156,48.04543],[21.61362,48.04377],[21.61188,48.042],[21.6104,48.04013],[21.60919,48.03817],[21.60826,48.03615],[21.60762,48.03407],[21.60727,48.03197],[21.60722,48.02985],[21.60747,48.02774],[21.60802,48.02565],[21.60886,48.02361],[21.60998,48.02163],[21.61137,48.01972],[21.61303,48.01792],[21.61493,48.01623],[21.61706,48.01466],[21.61941,48.01323],[21.62194,48.01196],[21.62464,48.01086],[21.62748,48.00992],[21.63044,48.00918],[21.6335,48.00862],[21.63662,48.00825],[21.63977,48.00809],[21.64294,48.00812],[21.64609,48.00835],[21.64919,48.00878],[21.65222,48.0094],[21.65514,48.01021],[21.65794,48.01121],[21.66059,48.01237],[21.66306,48.01369],[21.66533,48.01517],[21.66739,48.01678],[21.66921,48.01851],[21.67078,48.02035],[21.67209,48.02228],[21.67311,48.02428],[21.67386,48.02634],[21.6743,48.02844],[21.67445,48.03056],[21.67431,48.03267],[21.67386,48.03477],[21.67312,48.03683],[21.6721,48.03883],[21.67079,48.04076],[21.66923,48.0426],[21.6674,48.04434],[21.66535,48.04595],[21.66307,48.04742],[21.6606,48.04875],[21.65795,48.04991],[21.65515,48.0509],[21.65222,48.05172],[21.6492,48.05234],[21.64609,48.05277],[21.64083,48.05305]]]}}, {"type":"Feature","id":97,"properties":{"_id":"6994c8d92a624140943f6974","createdBy":"eBT9qSrxquPVguazo7MwJzzaf2p1","createdAt":"2026-02-17T20:00:25.609Z","updatedBy":"eBT9qSrxquPVguazo7MwJzzaf2p1","updatedAt":"2026-02-17T20:05:32.150Z","name":"LHR33 / HETENYEGYHAZA","dataIngestion":true,"type":1,"icaoClass":8,"activity":0,"onDemand":false,"onRequest":false,"byNotam":false,"specialAgreement":false,"requestCompliance":false,"country":"HU","upperLimit":{"value":2500,"unit":1,"referenceDatum":1},"lowerLimit":{"value":0,"unit":1,"referenceDatum":0},"hoursOfOperation":{"operatingHours":[{"dayOfWeek":0,"startTime":"00:00","endTime":"00:00","byNotam":false,"sunrise":false,"sunset":false,"publicHolidaysExcluded":false},{"dayOfWeek":1,"startTime":"00:00","endTime":"00:00","byNotam":false,"sunrise":false,"sunset":false,"publicHolidaysExcluded":false},{"dayOfWeek":2,"startTime":"00:00","endTime":"00:00","byNotam":false,"sunrise":false,"sunset":false,"publicHolidaysExcluded":false},{"dayOfWeek":3,"startTime":"00:00","endTime":"00:00","byNotam":false,"sunrise":false,"sunset":false,"publicHolidaysExcluded":false},{"dayOfWeek":4,"startTime":"00:00","endTime":"00:00","byNotam":false,"sunrise":false,"sunset":false,"publicHolidaysExcluded":false},{"dayOfWeek":5,"startTime":"00:00","endTime":"00:00","byNotam":false,"sunrise":false,"sunset":false,"publicHolidaysExcluded":false},{"dayOfWeek":6,"startTime":"00:00","endTime":"00:00","byNotam":false,"sunrise":false,"sunset":false,"publicHolidaysExcluded":false}]},"deletable":true},"geometry":{"type":"Polygon","coordinates":[[[19.59861,46.94966],[19.59531,46.94952],[19.59206,46.94909],[19.58891,46.94839],[19.58592,46.94743],[19.58312,46.94622],[19.58057,46.94478],[19.57831,46.94313],[19.57637,46.94131],[19.57477,46.93933],[19.57356,46.93723],[19.57273,46.93504],[19.57232,46.9328],[19.57232,46.93054],[19.57274,46.9283],[19.57356,46.92611],[19.57478,46.92401],[19.57637,46.92203],[19.57832,46.9202],[19.58058,46.91856],[19.58313,46.91712],[19.58592,46.91591],[19.58892,46.91495],[19.59206,46.91425],[19.59531,46.91382],[19.59861,46.91368],[19.60191,46.91382],[19.60516,46.91425],[19.6083,46.91495],[19.6113,46.91591],[19.61409,46.91712],[19.61664,46.91856],[19.6189,46.9202],[19.62085,46.92203],[19.62244,46.92401],[19.62366,46.92611],[19.62448,46.9283],[19.6249,46.93054],[19.6249,46.9328],[19.62449,46.93504],[19.62367,46.93723],[19.62245,46.93933],[19.62085,46.94131],[19.61891,46.94313],[19.61665,46.94478],[19.6141,46.94622],[19.6113,46.94743],[19.60831,46.94839],[19.60516,46.94909],[19.60191,46.94952],[19.59861,46.94966]]]}}, {"type":"Feature","id":98,"properties":{"_id":"6994c8d92a624140943f6977","createdBy":"eBT9qSrxquPVguazo7MwJzzaf2p1","createdAt":"2026-02-17T20:00:25.620Z","updatedBy":"eBT9qSrxquPVguazo7MwJzzaf2p1","updatedAt":"2026-02-17T20:05:32.275Z","name":"LHR34 TABORFALVA","dataIngestion":true,"type":1,"icaoClass":8,"activity":0,"onDemand":false,"onRequest":false,"byNotam":false,"specialAgreement":false,"requestCompliance":false,"country":"HU","upperLimit":{"value":3000,"unit":1,"referenceDatum":1},"lowerLimit":{"value":0,"unit":1,"referenceDatum":0},"hoursOfOperation":{"operatingHours":[{"dayOfWeek":0,"startTime":"00:00","endTime":"00:00","byNotam":false,"sunrise":false,"sunset":false,"publicHolidaysExcluded":false},{"dayOfWeek":1,"startTime":"00:00","endTime":"00:00","byNotam":false,"sunrise":false,"sunset":false,"publicHolidaysExcluded":false},{"dayOfWeek":2,"startTime":"00:00","endTime":"00:00","byNotam":false,"sunrise":false,"sunset":false,"publicHolidaysExcluded":false},{"dayOfWeek":3,"startTime":"00:00","endTime":"00:00","byNotam":false,"sunrise":false,"sunset":false,"publicHolidaysExcluded":false},{"dayOfWeek":4,"startTime":"00:00","endTime":"00:00","byNotam":false,"sunrise":false,"sunset":false,"publicHolidaysExcluded":false},{"dayOfWeek":5,"startTime":"00:00","endTime":"00:00","byNotam":false,"sunrise":false,"sunset":false,"publicHolidaysExcluded":false},{"dayOfWeek":6,"startTime":"00:00","endTime":"00:00","byNotam":false,"sunrise":false,"sunset":false,"publicHolidaysExcluded":false}]},"deletable":true},"geometry":{"type":"Polygon","coordinates":[[[19.42611,47.1075],[19.40722,47.05472],[19.45917,47.0425],[19.48,47.09667],[19.42611,47.1075]]]}}, {"type":"Feature","id":99,"properties":{"_id":"6994c8d92a624140943f697a","createdBy":"eBT9qSrxquPVguazo7MwJzzaf2p1","createdAt":"2026-02-17T20:00:25.630Z","updatedBy":"eBT9qSrxquPVguazo7MwJzzaf2p1","updatedAt":"2026-02-17T20:05:32.368Z","name":"LHR35 PUSTAVACS","dataIngestion":true,"type":1,"icaoClass":8,"activity":0,"onDemand":false,"onRequest":false,"byNotam":false,"specialAgreement":false,"requestCompliance":false,"country":"HU","upperLimit":{"value":2500,"unit":1,"referenceDatum":1},"lowerLimit":{"value":0,"unit":1,"referenceDatum":0},"hoursOfOperation":{"operatingHours":[{"dayOfWeek":0,"startTime":"00:00","endTime":"00:00","byNotam":false,"sunrise":false,"sunset":false,"publicHolidaysExcluded":false},{"dayOfWeek":1,"startTime":"00:00","endTime":"00:00","byNotam":false,"sunrise":false,"sunset":false,"publicHolidaysExcluded":false},{"dayOfWeek":2,"startTime":"00:00","endTime":"00:00","byNotam":false,"sunrise":false,"sunset":false,"publicHolidaysExcluded":false},{"dayOfWeek":3,"startTime":"00:00","endTime":"00:00","byNotam":false,"sunrise":false,"sunset":false,"publicHolidaysExcluded":false},{"dayOfWeek":4,"startTime":"00:00","endTime":"00:00","byNotam":false,"sunrise":false,"sunset":false,"publicHolidaysExcluded":false},{"dayOfWeek":5,"startTime":"00:00","endTime":"00:00","byNotam":false,"sunrise":false,"sunset":false,"publicHolidaysExcluded":false},{"dayOfWeek":6,"startTime":"00:00","endTime":"00:00","byNotam":false,"sunrise":false,"sunset":false,"publicHolidaysExcluded":false}]},"deletable":true},"geometry":{"type":"Polygon","coordinates":[[[19.46833,47.18832],[19.46522,47.18822],[19.46213,47.18792],[19.4591,47.18742],[19.45615,47.18674],[19.45331,47.18586],[19.4506,47.18481],[19.44805,47.1836],[19.44568,47.18222],[19.44352,47.1807],[19.44157,47.17904],[19.43986,47.17727],[19.4384,47.1754],[19.43721,47.17344],[19.43629,47.17142],[19.43566,47.16934],[19.43532,47.16724],[19.43528,47.16512],[19.43552,47.16301],[19.43606,47.16092],[19.43688,47.15888],[19.43798,47.1569],[19.43936,47.15499],[19.44098,47.15319],[19.44286,47.1515],[19.44495,47.14993],[19.44726,47.1485],[19.44975,47.14723],[19.4524,47.14613],[19.4552,47.14519],[19.45811,47.14445],[19.46112,47.14389],[19.46419,47.14352],[19.46729,47.14336],[19.47041,47.14339],[19.4735,47.14362],[19.47655,47.14405],[19.47953,47.14467],[19.48241,47.14548],[19.48516,47.14648],[19.48776,47.14764],[19.49019,47.14896],[19.49243,47.15044],[19.49445,47.15205],[19.49625,47.15378],[19.49779,47.15562],[19.49908,47.15755],[19.50008,47.15955],[19.50081,47.16161],[19.50125,47.16371],[19.5014,47.16583],[19.50126,47.16794],[19.50082,47.17004],[19.50009,47.1721],[19.49908,47.1741],[19.4978,47.17603],[19.49626,47.17788],[19.49447,47.17961],[19.49245,47.18122],[19.49021,47.18269],[19.48778,47.18402],[19.48517,47.18518],[19.48242,47.18617],[19.47954,47.18699],[19.47656,47.18761],[19.47351,47.18804],[19.46833,47.18832]]]}}, {"type":"Feature","id":100,"properties":{"_id":"6994c8d92a624140943f697d","createdBy":"eBT9qSrxquPVguazo7MwJzzaf2p1","createdAt":"2026-02-17T20:00:25.641Z","updatedBy":"eBT9qSrxquPVguazo7MwJzzaf2p1","updatedAt":"2026-02-17T20:05:32.500Z","name":"LHR36 PUSZTAEDERICS","dataIngestion":true,"type":1,"icaoClass":8,"activity":0,"onDemand":false,"onRequest":false,"byNotam":false,"specialAgreement":false,"requestCompliance":false,"country":"HU","upperLimit":{"value":7500,"unit":1,"referenceDatum":1},"lowerLimit":{"value":0,"unit":1,"referenceDatum":0},"hoursOfOperation":{"operatingHours":[{"dayOfWeek":0,"startTime":"00:00","endTime":"00:00","byNotam":false,"sunrise":false,"sunset":false,"publicHolidaysExcluded":false},{"dayOfWeek":1,"startTime":"00:00","endTime":"00:00","byNotam":false,"sunrise":false,"sunset":false,"publicHolidaysExcluded":false},{"dayOfWeek":2,"startTime":"00:00","endTime":"00:00","byNotam":false,"sunrise":false,"sunset":false,"publicHolidaysExcluded":false},{"dayOfWeek":3,"startTime":"00:00","endTime":"00:00","byNotam":false,"sunrise":false,"sunset":false,"publicHolidaysExcluded":false},{"dayOfWeek":4,"startTime":"00:00","endTime":"00:00","byNotam":false,"sunrise":false,"sunset":false,"publicHolidaysExcluded":false},{"dayOfWeek":5,"startTime":"00:00","endTime":"00:00","byNotam":false,"sunrise":false,"sunset":false,"publicHolidaysExcluded":false},{"dayOfWeek":6,"startTime":"00:00","endTime":"00:00","byNotam":false,"sunrise":false,"sunset":false,"publicHolidaysExcluded":false}]},"deletable":true},"geometry":{"type":"Polygon","coordinates":[[[16.79444,46.67943],[16.79136,46.67933],[16.7883,46.67903],[16.7853,46.67853],[16.78238,46.67785],[16.77956,46.67697],[16.77688,46.67592],[16.77436,46.67471],[16.77201,46.67333],[16.76986,46.67181],[16.76793,46.67015],[16.76624,46.66838],[16.76479,46.66651],[16.76361,46.66455],[16.76271,46.66253],[16.76208,46.66045],[16.76175,46.65835],[16.7617,46.65623],[16.76194,46.65412],[16.76247,46.65203],[16.76329,46.64999],[16.76438,46.64801],[16.76574,46.6461],[16.76735,46.6443],[16.76921,46.64261],[16.77128,46.64104],[16.77357,46.63961],[16.77603,46.63834],[16.77866,46.63724],[16.78143,46.6363],[16.78432,46.63556],[16.7873,46.635],[16.79034,46.63463],[16.79341,46.63447],[16.7965,46.6345],[16.79956,46.63473],[16.80258,46.63516],[16.80553,46.63578],[16.80838,46.63659],[16.81111,46.63759],[16.81369,46.63875],[16.8161,46.64007],[16.81831,46.64155],[16.82032,46.64316],[16.82209,46.64489],[16.82362,46.64673],[16.82489,46.64866],[16.8259,46.65066],[16.82662,46.65272],[16.82705,46.65482],[16.8272,46.65694],[16.82706,46.65905],[16.82662,46.66115],[16.8259,46.66321],[16.8249,46.66521],[16.82363,46.66714],[16.82211,46.66899],[16.82033,46.67072],[16.81833,46.67233],[16.81611,46.6738],[16.8137,46.67513],[16.81112,46.67629],[16.80839,46.67728],[16.80554,46.6781],[16.80259,46.67872],[16.79957,46.67915],[16.79444,46.67943]]]}}, {"type":"Feature","id":101,"properties":{"_id":"6994c8d92a624140943f6980","createdBy":"eBT9qSrxquPVguazo7MwJzzaf2p1","createdAt":"2026-02-17T20:00:25.652Z","updatedBy":"eBT9qSrxquPVguazo7MwJzzaf2p1","updatedAt":"2026-02-17T20:05:32.623Z","name":"LHR37 ZSANA","dataIngestion":true,"type":1,"icaoClass":8,"activity":0,"onDemand":false,"onRequest":false,"byNotam":false,"specialAgreement":false,"requestCompliance":false,"country":"HU","upperLimit":{"value":7500,"unit":1,"referenceDatum":1},"lowerLimit":{"value":0,"unit":1,"referenceDatum":0},"hoursOfOperation":{"operatingHours":[{"dayOfWeek":0,"startTime":"00:00","endTime":"00:00","byNotam":false,"sunrise":false,"sunset":false,"publicHolidaysExcluded":false},{"dayOfWeek":1,"startTime":"00:00","endTime":"00:00","byNotam":false,"sunrise":false,"sunset":false,"publicHolidaysExcluded":false},{"dayOfWeek":2,"startTime":"00:00","endTime":"00:00","byNotam":false,"sunrise":false,"sunset":false,"publicHolidaysExcluded":false},{"dayOfWeek":3,"startTime":"00:00","endTime":"00:00","byNotam":false,"sunrise":false,"sunset":false,"publicHolidaysExcluded":false},{"dayOfWeek":4,"startTime":"00:00","endTime":"00:00","byNotam":false,"sunrise":false,"sunset":false,"publicHolidaysExcluded":false},{"dayOfWeek":5,"startTime":"00:00","endTime":"00:00","byNotam":false,"sunrise":false,"sunset":false,"publicHolidaysExcluded":false},{"dayOfWeek":6,"startTime":"00:00","endTime":"00:00","byNotam":false,"sunrise":false,"sunset":false,"publicHolidaysExcluded":false}]},"deletable":true},"geometry":{"type":"Polygon","coordinates":[[[19.7,46.4461],[19.69693,46.446],[19.69389,46.4457],[19.6909,46.4452],[19.68799,46.44452],[19.68519,46.44364],[19.68252,46.44259],[19.68,46.44138],[19.67766,46.44],[19.67553,46.43848],[19.6736,46.43682],[19.67192,46.43505],[19.67048,46.43318],[19.66931,46.43122],[19.6684,46.4292],[19.66778,46.42712],[19.66745,46.42502],[19.6674,46.4229],[19.66764,46.42079],[19.66817,46.4187],[19.66898,46.41666],[19.67007,46.41468],[19.67142,46.41277],[19.67303,46.41097],[19.67487,46.40928],[19.67694,46.40771],[19.67922,46.40628],[19.68167,46.40501],[19.68429,46.40391],[19.68705,46.40297],[19.68992,46.40223],[19.69289,46.40167],[19.69591,46.4013],[19.69898,46.40114],[19.70205,46.40117],[19.7051,46.4014],[19.70811,46.40183],[19.71104,46.40245],[19.71388,46.40326],[19.7166,46.40426],[19.71917,46.40542],[19.72156,46.40674],[19.72377,46.40822],[19.72577,46.40983],[19.72754,46.41156],[19.72906,46.4134],[19.73032,46.41533],[19.73132,46.41733],[19.73204,46.41939],[19.73247,46.42149],[19.73262,46.42361],[19.73248,46.42572],[19.73204,46.42782],[19.73133,46.42988],[19.73033,46.43188],[19.72907,46.43381],[19.72755,46.43566],[19.72578,46.43739],[19.72379,46.439],[19.72158,46.44047],[19.71918,46.4418],[19.71661,46.44296],[19.71389,46.44395],[19.71105,46.44477],[19.70812,46.44539],[19.70511,46.44582],[19.7,46.4461]]]}}, {"type":"Feature","id":102,"properties":{"_id":"6994c8d92a624140943f6983","createdBy":"eBT9qSrxquPVguazo7MwJzzaf2p1","createdAt":"2026-02-17T20:00:25.665Z","updatedBy":"eBT9qSrxquPVguazo7MwJzzaf2p1","updatedAt":"2026-02-17T20:05:32.731Z","name":"LHR38 KARDOSKUT","dataIngestion":true,"type":1,"icaoClass":8,"activity":0,"onDemand":false,"onRequest":false,"byNotam":false,"specialAgreement":false,"requestCompliance":false,"country":"HU","upperLimit":{"value":7500,"unit":1,"referenceDatum":1},"lowerLimit":{"value":0,"unit":1,"referenceDatum":0},"hoursOfOperation":{"operatingHours":[{"dayOfWeek":0,"startTime":"00:00","endTime":"00:00","byNotam":false,"sunrise":false,"sunset":false,"publicHolidaysExcluded":false},{"dayOfWeek":1,"startTime":"00:00","endTime":"00:00","byNotam":false,"sunrise":false,"sunset":false,"publicHolidaysExcluded":false},{"dayOfWeek":2,"startTime":"00:00","endTime":"00:00","byNotam":false,"sunrise":false,"sunset":false,"publicHolidaysExcluded":false},{"dayOfWeek":3,"startTime":"00:00","endTime":"00:00","byNotam":false,"sunrise":false,"sunset":false,"publicHolidaysExcluded":false},{"dayOfWeek":4,"startTime":"00:00","endTime":"00:00","byNotam":false,"sunrise":false,"sunset":false,"publicHolidaysExcluded":false},{"dayOfWeek":5,"startTime":"00:00","endTime":"00:00","byNotam":false,"sunrise":false,"sunset":false,"publicHolidaysExcluded":false},{"dayOfWeek":6,"startTime":"00:00","endTime":"00:00","byNotam":false,"sunrise":false,"sunset":false,"publicHolidaysExcluded":false}]},"deletable":true},"geometry":{"type":"Polygon","coordinates":[[[20.73972,46.52214],[20.73235,46.52182],[20.72509,46.52087],[20.72154,46.52016],[20.71468,46.51829],[20.70821,46.51584],[20.70223,46.51285],[20.69946,46.51117],[20.69685,46.50937],[20.69441,46.50746],[20.69215,46.50545],[20.69007,46.50335],[20.6882,46.50116],[20.68652,46.49889],[20.68506,46.49656],[20.68381,46.49416],[20.68278,46.49172],[20.68198,46.48924],[20.6814,46.48673],[20.68106,46.4842],[20.68094,46.48166],[20.68106,46.47911],[20.68141,46.47658],[20.68199,46.47407],[20.6828,46.47159],[20.68383,46.46915],[20.68509,46.46676],[20.68655,46.46443],[20.68823,46.46216],[20.69011,46.45997],[20.69219,46.45787],[20.69445,46.45586],[20.6969,46.45396],[20.69951,46.45216],[20.70228,46.45048],[20.70825,46.44749],[20.71142,46.4462],[20.7181,46.44404],[20.72511,46.44247],[20.73236,46.44152],[20.73972,46.4412],[20.74708,46.44152],[20.75433,46.44247],[20.76134,46.44404],[20.76473,46.44505],[20.77119,46.44749],[20.77716,46.45048],[20.77993,46.45216],[20.78254,46.45396],[20.78499,46.45586],[20.78725,46.45787],[20.78933,46.45997],[20.79121,46.46216],[20.79289,46.46443],[20.79435,46.46676],[20.79561,46.46915],[20.79664,46.47159],[20.79745,46.47407],[20.79803,46.47658],[20.79838,46.47911],[20.7985,46.48166],[20.79838,46.4842],[20.79804,46.48673],[20.79746,46.48924],[20.79666,46.49172],[20.79563,46.49416],[20.79438,46.49656],[20.79292,46.49889],[20.79125,46.50116],[20.78937,46.50335],[20.78729,46.50545],[20.78503,46.50746],[20.78259,46.50937],[20.77998,46.51117],[20.77721,46.51285],[20.77123,46.51584],[20.76805,46.51713],[20.76476,46.51829],[20.7579,46.52016],[20.75074,46.52143],[20.74341,46.52206],[20.73972,46.52214]]]}}, {"type":"Feature","id":103,"properties":{"_id":"6994c8d92a624140943f6986","createdBy":"eBT9qSrxquPVguazo7MwJzzaf2p1","createdAt":"2026-02-17T20:00:25.677Z","updatedBy":"eBT9qSrxquPVguazo7MwJzzaf2p1","updatedAt":"2026-02-17T20:05:32.859Z","name":"LHR39 SZAZHALOMBATTA II","dataIngestion":true,"type":1,"icaoClass":8,"activity":0,"onDemand":false,"onRequest":false,"byNotam":false,"specialAgreement":false,"requestCompliance":false,"country":"HU","upperLimit":{"value":1500,"unit":1,"referenceDatum":1},"lowerLimit":{"value":0,"unit":1,"referenceDatum":0},"hoursOfOperation":{"operatingHours":[{"dayOfWeek":0,"startTime":"00:00","endTime":"00:00","byNotam":false,"sunrise":false,"sunset":false,"publicHolidaysExcluded":false},{"dayOfWeek":1,"startTime":"00:00","endTime":"00:00","byNotam":false,"sunrise":false,"sunset":false,"publicHolidaysExcluded":false},{"dayOfWeek":2,"startTime":"00:00","endTime":"00:00","byNotam":false,"sunrise":false,"sunset":false,"publicHolidaysExcluded":false},{"dayOfWeek":3,"startTime":"00:00","endTime":"00:00","byNotam":false,"sunrise":false,"sunset":false,"publicHolidaysExcluded":false},{"dayOfWeek":4,"startTime":"00:00","endTime":"00:00","byNotam":false,"sunrise":false,"sunset":false,"publicHolidaysExcluded":false},{"dayOfWeek":5,"startTime":"00:00","endTime":"00:00","byNotam":false,"sunrise":false,"sunset":false,"publicHolidaysExcluded":false},{"dayOfWeek":6,"startTime":"00:00","endTime":"00:00","byNotam":false,"sunrise":false,"sunset":false,"publicHolidaysExcluded":false}]},"deletable":true},"geometry":{"type":"Polygon","coordinates":[[[18.91083,47.33916],[18.90784,47.33896],[18.90495,47.3384],[18.90227,47.33747],[18.8999,47.33622],[18.89791,47.33469],[18.89638,47.33294],[18.89536,47.33102],[18.89489,47.32901],[18.89498,47.32697],[18.89564,47.32498],[18.89684,47.32311],[18.89853,47.32143],[18.90065,47.31999],[18.90314,47.31884],[18.9059,47.31803],[18.90883,47.31759],[18.91183,47.31753],[18.9148,47.31784],[18.91763,47.31853],[18.92022,47.31957],[18.92247,47.32092],[18.92431,47.32253],[18.92568,47.32434],[18.92652,47.3263],[18.9268,47.32833],[18.92652,47.33036],[18.92568,47.33231],[18.92432,47.33413],[18.92247,47.33574],[18.92022,47.33709],[18.91763,47.33813],[18.9148,47.33882],[18.91083,47.33916]]]}}, {"type":"Feature","id":104,"properties":{"_id":"6994c8d92a624140943f6956","createdBy":"eBT9qSrxquPVguazo7MwJzzaf2p1","createdAt":"2026-02-17T20:00:25.468Z","updatedBy":"eBT9qSrxquPVguazo7MwJzzaf2p1","updatedAt":"2026-02-17T20:05:31.119Z","name":"LHR4 ZALAEGERSZEG","dataIngestion":true,"type":1,"icaoClass":8,"activity":0,"onDemand":false,"onRequest":false,"byNotam":false,"specialAgreement":false,"requestCompliance":false,"country":"HU","upperLimit":{"value":3500,"unit":1,"referenceDatum":1},"lowerLimit":{"value":0,"unit":1,"referenceDatum":0},"hoursOfOperation":{"operatingHours":[{"dayOfWeek":0,"startTime":"00:00","endTime":"00:00","byNotam":false,"sunrise":false,"sunset":false,"publicHolidaysExcluded":false},{"dayOfWeek":1,"startTime":"00:00","endTime":"00:00","byNotam":false,"sunrise":false,"sunset":false,"publicHolidaysExcluded":false},{"dayOfWeek":2,"startTime":"00:00","endTime":"00:00","byNotam":false,"sunrise":false,"sunset":false,"publicHolidaysExcluded":false},{"dayOfWeek":3,"startTime":"00:00","endTime":"00:00","byNotam":false,"sunrise":false,"sunset":false,"publicHolidaysExcluded":false},{"dayOfWeek":4,"startTime":"00:00","endTime":"00:00","byNotam":false,"sunrise":false,"sunset":false,"publicHolidaysExcluded":false},{"dayOfWeek":5,"startTime":"00:00","endTime":"00:00","byNotam":false,"sunrise":false,"sunset":false,"publicHolidaysExcluded":false},{"dayOfWeek":6,"startTime":"00:00","endTime":"00:00","byNotam":false,"sunrise":false,"sunset":false,"publicHolidaysExcluded":false}]},"deletable":true},"geometry":{"type":"Polygon","coordinates":[[[16.85556,46.82843],[16.85269,46.82822],[16.84996,46.82758],[16.8475,46.82655],[16.84543,46.82517],[16.84385,46.82352],[16.84283,46.82168],[16.84242,46.81972],[16.84265,46.81775],[16.8435,46.81587],[16.84493,46.81415],[16.84687,46.81269],[16.84923,46.81156],[16.85189,46.8108],[16.85474,46.81046],[16.85762,46.81056],[16.8604,46.81108],[16.86295,46.812],[16.86514,46.81328],[16.86687,46.81486],[16.86806,46.81666],[16.86865,46.81859],[16.8686,46.82057],[16.86793,46.82249],[16.86666,46.82426],[16.86485,46.8258],[16.8626,46.82703],[16.86001,46.8279],[16.85556,46.82843]]]}}, {"type":"Feature","id":105,"properties":{"_id":"6994c8d92a624140943f6989","createdBy":"eBT9qSrxquPVguazo7MwJzzaf2p1","createdAt":"2026-02-17T20:00:25.688Z","updatedBy":"eBT9qSrxquPVguazo7MwJzzaf2p1","updatedAt":"2026-02-17T20:05:32.958Z","name":"LHR40 KISKUNFELEGYHAZA","dataIngestion":true,"type":1,"icaoClass":8,"activity":0,"onDemand":false,"onRequest":false,"byNotam":false,"specialAgreement":false,"requestCompliance":false,"country":"HU","upperLimit":{"value":2500,"unit":1,"referenceDatum":1},"lowerLimit":{"value":0,"unit":1,"referenceDatum":0},"hoursOfOperation":{"operatingHours":[{"dayOfWeek":0,"startTime":"00:00","endTime":"00:00","byNotam":false,"sunrise":false,"sunset":false,"publicHolidaysExcluded":false},{"dayOfWeek":1,"startTime":"00:00","endTime":"00:00","byNotam":false,"sunrise":false,"sunset":false,"publicHolidaysExcluded":false},{"dayOfWeek":2,"startTime":"00:00","endTime":"00:00","byNotam":false,"sunrise":false,"sunset":false,"publicHolidaysExcluded":false},{"dayOfWeek":3,"startTime":"00:00","endTime":"00:00","byNotam":false,"sunrise":false,"sunset":false,"publicHolidaysExcluded":false},{"dayOfWeek":4,"startTime":"00:00","endTime":"00:00","byNotam":false,"sunrise":false,"sunset":false,"publicHolidaysExcluded":false},{"dayOfWeek":5,"startTime":"00:00","endTime":"00:00","byNotam":false,"sunrise":false,"sunset":false,"publicHolidaysExcluded":false},{"dayOfWeek":6,"startTime":"00:00","endTime":"00:00","byNotam":false,"sunrise":false,"sunset":false,"publicHolidaysExcluded":false}]},"deletable":true},"geometry":{"type":"Polygon","coordinates":[[[19.8475,46.69593],[19.84464,46.69572],[19.84192,46.69508],[19.83946,46.69405],[19.8374,46.69267],[19.83582,46.69102],[19.8348,46.68918],[19.8344,46.68722],[19.83462,46.68525],[19.83547,46.68337],[19.83689,46.68165],[19.83883,46.68019],[19.84119,46.67906],[19.84384,46.6783],[19.84668,46.67796],[19.84955,46.67806],[19.85233,46.67858],[19.85487,46.6795],[19.85706,46.68078],[19.85878,46.68236],[19.85997,46.68416],[19.86055,46.68609],[19.86051,46.68807],[19.85984,46.68999],[19.85857,46.69176],[19.85677,46.6933],[19.85453,46.69453],[19.85194,46.6954],[19.8475,46.69593]]]}}, {"type":"Feature","id":106,"properties":{"_id":"6994c8d92a624140943f698c","createdBy":"eBT9qSrxquPVguazo7MwJzzaf2p1","createdAt":"2026-02-17T20:00:25.698Z","updatedBy":"eBT9qSrxquPVguazo7MwJzzaf2p1","updatedAt":"2026-02-17T20:05:33.057Z","name":"LHR41 VARPALOTA","dataIngestion":true,"type":1,"icaoClass":8,"activity":0,"onDemand":false,"onRequest":false,"byNotam":false,"specialAgreement":false,"requestCompliance":false,"country":"HU","upperLimit":{"value":7500,"unit":1,"referenceDatum":1},"lowerLimit":{"value":0,"unit":1,"referenceDatum":0},"hoursOfOperation":{"operatingHours":[{"dayOfWeek":0,"startTime":"00:00","endTime":"00:00","byNotam":false,"sunrise":false,"sunset":false,"publicHolidaysExcluded":false},{"dayOfWeek":1,"startTime":"00:00","endTime":"00:00","byNotam":false,"sunrise":false,"sunset":false,"publicHolidaysExcluded":false},{"dayOfWeek":2,"startTime":"00:00","endTime":"00:00","byNotam":false,"sunrise":false,"sunset":false,"publicHolidaysExcluded":false},{"dayOfWeek":3,"startTime":"00:00","endTime":"00:00","byNotam":false,"sunrise":false,"sunset":false,"publicHolidaysExcluded":false},{"dayOfWeek":4,"startTime":"00:00","endTime":"00:00","byNotam":false,"sunrise":false,"sunset":false,"publicHolidaysExcluded":false},{"dayOfWeek":5,"startTime":"00:00","endTime":"00:00","byNotam":false,"sunrise":false,"sunset":false,"publicHolidaysExcluded":false},{"dayOfWeek":6,"startTime":"00:00","endTime":"00:00","byNotam":false,"sunrise":false,"sunset":false,"publicHolidaysExcluded":false}]},"deletable":true},"geometry":{"type":"Polygon","coordinates":[[[18.21778,47.20549],[18.21446,47.20535],[18.2112,47.20492],[18.20803,47.20422],[18.20503,47.20326],[18.20222,47.20205],[18.19966,47.20061],[18.19738,47.19896],[18.19543,47.19714],[18.19383,47.19516],[18.19261,47.19306],[18.19178,47.19087],[18.19136,47.18863],[18.19137,47.18637],[18.19178,47.18413],[18.19261,47.18194],[18.19383,47.17984],[18.19544,47.17786],[18.19739,47.17603],[18.19967,47.17439],[18.20223,47.17295],[18.20503,47.17174],[18.20804,47.17078],[18.2112,47.17008],[18.21446,47.16965],[18.21778,47.16951],[18.2211,47.16965],[18.22436,47.17008],[18.22752,47.17078],[18.23053,47.17174],[18.23333,47.17295],[18.23589,47.17439],[18.23817,47.17603],[18.24012,47.17786],[18.24173,47.17984],[18.24295,47.18194],[18.24378,47.18413],[18.2442,47.18637],[18.2442,47.18863],[18.24378,47.19087],[18.24295,47.19306],[18.24173,47.19516],[18.24013,47.19714],[18.23818,47.19896],[18.2359,47.20061],[18.23334,47.20205],[18.23054,47.20326],[18.22753,47.20422],[18.22436,47.20492],[18.2211,47.20535],[18.21778,47.20549]]]}}, {"type":"Feature","id":107,"properties":{"_id":"6994c8d92a624140943f6959","createdBy":"eBT9qSrxquPVguazo7MwJzzaf2p1","createdAt":"2026-02-17T20:00:25.484Z","updatedBy":"eBT9qSrxquPVguazo7MwJzzaf2p1","updatedAt":"2026-02-17T20:05:31.225Z","name":"LHR6 SZAZHALOMBATTA","dataIngestion":true,"type":1,"icaoClass":8,"activity":0,"onDemand":false,"onRequest":false,"byNotam":false,"specialAgreement":false,"requestCompliance":false,"country":"HU","upperLimit":{"value":7500,"unit":1,"referenceDatum":1},"lowerLimit":{"value":0,"unit":1,"referenceDatum":0},"hoursOfOperation":{"operatingHours":[{"dayOfWeek":0,"startTime":"00:00","endTime":"00:00","byNotam":false,"sunrise":false,"sunset":false,"publicHolidaysExcluded":false},{"dayOfWeek":1,"startTime":"00:00","endTime":"00:00","byNotam":false,"sunrise":false,"sunset":false,"publicHolidaysExcluded":false},{"dayOfWeek":2,"startTime":"00:00","endTime":"00:00","byNotam":false,"sunrise":false,"sunset":false,"publicHolidaysExcluded":false},{"dayOfWeek":3,"startTime":"00:00","endTime":"00:00","byNotam":false,"sunrise":false,"sunset":false,"publicHolidaysExcluded":false},{"dayOfWeek":4,"startTime":"00:00","endTime":"00:00","byNotam":false,"sunrise":false,"sunset":false,"publicHolidaysExcluded":false},{"dayOfWeek":5,"startTime":"00:00","endTime":"00:00","byNotam":false,"sunrise":false,"sunset":false,"publicHolidaysExcluded":false},{"dayOfWeek":6,"startTime":"00:00","endTime":"00:00","byNotam":false,"sunrise":false,"sunset":false,"publicHolidaysExcluded":false}]},"deletable":true},"geometry":{"type":"Polygon","coordinates":[[[18.89944,47.31987],[18.89279,47.31958],[18.88624,47.31874],[18.88304,47.3181],[18.87685,47.31644],[18.87101,47.31426],[18.86825,47.31299],[18.86312,47.31011],[18.85856,47.30682],[18.85465,47.30316],[18.85295,47.30121],[18.85144,47.2992],[18.85012,47.29712],[18.84899,47.295],[18.84806,47.29283],[18.84734,47.29062],[18.84682,47.28839],[18.84651,47.28614],[18.84641,47.28388],[18.84651,47.28162],[18.84683,47.27937],[18.84735,47.27714],[18.84808,47.27493],[18.84901,47.27276],[18.85014,47.27064],[18.85147,47.26856],[18.85298,47.26655],[18.85468,47.26461],[18.8586,47.26095],[18.86316,47.25766],[18.86829,47.25478],[18.87391,47.25236],[18.87993,47.25044],[18.88306,47.24967],[18.88951,47.24855],[18.89611,47.24799],[18.90277,47.24799],[18.90937,47.24855],[18.91582,47.24967],[18.92201,47.25134],[18.92784,47.25351],[18.93323,47.25617],[18.93808,47.25926],[18.94029,47.26095],[18.94233,47.26274],[18.9442,47.26461],[18.9459,47.26655],[18.94741,47.26856],[18.94874,47.27064],[18.94987,47.27276],[18.9508,47.27493],[18.95153,47.27714],[18.95205,47.27937],[18.95237,47.28162],[18.95247,47.28388],[18.95237,47.28614],[18.95206,47.28839],[18.95154,47.29062],[18.95081,47.29283],[18.94989,47.295],[18.94876,47.29712],[18.94744,47.2992],[18.94593,47.30121],[18.94423,47.30316],[18.94236,47.30503],[18.93812,47.30851],[18.93326,47.31161],[18.93063,47.31299],[18.92787,47.31426],[18.92203,47.31644],[18.91584,47.3181],[18.91264,47.31874],[18.90609,47.31958],[18.89944,47.31987]]]}}, {"type":"Feature","id":108,"properties":{"_id":"6994c8d92a624140943f695c","createdBy":"eBT9qSrxquPVguazo7MwJzzaf2p1","createdAt":"2026-02-17T20:00:25.498Z","updatedBy":"eBT9qSrxquPVguazo7MwJzzaf2p1","updatedAt":"2026-02-17T20:05:31.334Z","name":"LHR8 KAZINCBARCIKA","dataIngestion":true,"type":1,"icaoClass":8,"activity":0,"onDemand":false,"onRequest":false,"byNotam":false,"specialAgreement":false,"requestCompliance":false,"country":"HU","upperLimit":{"value":3500,"unit":1,"referenceDatum":1},"lowerLimit":{"value":0,"unit":1,"referenceDatum":0},"hoursOfOperation":{"operatingHours":[{"dayOfWeek":0,"startTime":"00:00","endTime":"00:00","byNotam":false,"sunrise":false,"sunset":false,"publicHolidaysExcluded":false},{"dayOfWeek":1,"startTime":"00:00","endTime":"00:00","byNotam":false,"sunrise":false,"sunset":false,"publicHolidaysExcluded":false},{"dayOfWeek":2,"startTime":"00:00","endTime":"00:00","byNotam":false,"sunrise":false,"sunset":false,"publicHolidaysExcluded":false},{"dayOfWeek":3,"startTime":"00:00","endTime":"00:00","byNotam":false,"sunrise":false,"sunset":false,"publicHolidaysExcluded":false},{"dayOfWeek":4,"startTime":"00:00","endTime":"00:00","byNotam":false,"sunrise":false,"sunset":false,"publicHolidaysExcluded":false},{"dayOfWeek":5,"startTime":"00:00","endTime":"00:00","byNotam":false,"sunrise":false,"sunset":false,"publicHolidaysExcluded":false},{"dayOfWeek":6,"startTime":"00:00","endTime":"00:00","byNotam":false,"sunrise":false,"sunset":false,"publicHolidaysExcluded":false}]},"deletable":true},"geometry":{"type":"Polygon","coordinates":[[[20.66556,48.26388],[20.66238,48.26378],[20.65923,48.26348],[20.65614,48.26298],[20.65313,48.2623],[20.65023,48.26142],[20.64746,48.26037],[20.64486,48.25916],[20.64244,48.25778],[20.64023,48.25626],[20.63824,48.2546],[20.63649,48.25283],[20.63501,48.25096],[20.63379,48.249],[20.63286,48.24698],[20.63221,48.2449],[20.63186,48.2428],[20.63182,48.24068],[20.63207,48.23857],[20.63262,48.23648],[20.63346,48.23444],[20.63458,48.23246],[20.63598,48.23055],[20.63764,48.22875],[20.63955,48.22706],[20.64169,48.22549],[20.64405,48.22406],[20.64659,48.22279],[20.6493,48.22169],[20.65216,48.22075],[20.65513,48.22001],[20.6582,48.21945],[20.66133,48.21908],[20.6645,48.21892],[20.66768,48.21895],[20.67084,48.21918],[20.67395,48.21961],[20.67699,48.22023],[20.67993,48.22104],[20.68274,48.22204],[20.6854,48.2232],[20.68788,48.22452],[20.69016,48.226],[20.69223,48.22761],[20.69406,48.22934],[20.69564,48.23118],[20.69695,48.23311],[20.69798,48.23511],[20.69872,48.23717],[20.69917,48.23927],[20.69932,48.24139],[20.69917,48.2435],[20.69873,48.2456],[20.69799,48.24766],[20.69696,48.24966],[20.69565,48.25159],[20.69407,48.25343],[20.69224,48.25517],[20.69018,48.25678],[20.68789,48.25825],[20.68541,48.25958],[20.68275,48.26074],[20.67994,48.26173],[20.677,48.26255],[20.67396,48.26317],[20.67084,48.2636],[20.66556,48.26388]]]}}, {"type":"Feature","id":109,"properties":{"_id":"6994c8d92a624140943f695f","createdBy":"eBT9qSrxquPVguazo7MwJzzaf2p1","createdAt":"2026-02-17T20:00:25.511Z","updatedBy":"eBT9qSrxquPVguazo7MwJzzaf2p1","updatedAt":"2026-02-17T20:05:31.452Z","name":"LHR9 TISZAUJVAROS","dataIngestion":true,"type":1,"icaoClass":8,"activity":0,"onDemand":false,"onRequest":false,"byNotam":false,"specialAgreement":false,"requestCompliance":false,"country":"HU","upperLimit":{"value":7500,"unit":1,"referenceDatum":1},"lowerLimit":{"value":0,"unit":1,"referenceDatum":0},"hoursOfOperation":{"operatingHours":[{"dayOfWeek":0,"startTime":"00:00","endTime":"00:00","byNotam":false,"sunrise":false,"sunset":false,"publicHolidaysExcluded":false},{"dayOfWeek":1,"startTime":"00:00","endTime":"00:00","byNotam":false,"sunrise":false,"sunset":false,"publicHolidaysExcluded":false},{"dayOfWeek":2,"startTime":"00:00","endTime":"00:00","byNotam":false,"sunrise":false,"sunset":false,"publicHolidaysExcluded":false},{"dayOfWeek":3,"startTime":"00:00","endTime":"00:00","byNotam":false,"sunrise":false,"sunset":false,"publicHolidaysExcluded":false},{"dayOfWeek":4,"startTime":"00:00","endTime":"00:00","byNotam":false,"sunrise":false,"sunset":false,"publicHolidaysExcluded":false},{"dayOfWeek":5,"startTime":"00:00","endTime":"00:00","byNotam":false,"sunrise":false,"sunset":false,"publicHolidaysExcluded":false},{"dayOfWeek":6,"startTime":"00:00","endTime":"00:00","byNotam":false,"sunrise":false,"sunset":false,"publicHolidaysExcluded":false}]},"deletable":true},"geometry":{"type":"Polygon","coordinates":[[[21.02611,47.93059],[21.02232,47.93047],[21.01856,47.93011],[21.01488,47.92952],[21.01129,47.9287],[21.00783,47.92765],[21.00453,47.92639],[21.00143,47.92493],[20.99855,47.92328],[20.99591,47.92145],[20.99354,47.91947],[20.99146,47.91734],[20.98968,47.91509],[20.98823,47.91274],[20.98712,47.91031],[20.98635,47.90782],[20.98594,47.9053],[20.98588,47.90276],[20.98618,47.90022],[20.98684,47.89772],[20.98784,47.89527],[20.98918,47.89289],[20.99085,47.89061],[20.99283,47.88844],[20.99511,47.88641],[20.99766,47.88453],[21.00047,47.88282],[21.0035,47.88129],[21.00673,47.87996],[21.01013,47.87885],[21.01368,47.87795],[21.01734,47.87728],[21.02107,47.87684],[21.02485,47.87664],[21.02864,47.87668],[21.0324,47.87696],[21.03611,47.87748],[21.03974,47.87822],[21.04324,47.8792],[21.04659,47.88038],[21.04976,47.88178],[21.05272,47.88337],[21.05544,47.88514],[21.0579,47.88707],[21.06008,47.88915],[21.06196,47.89136],[21.06353,47.89367],[21.06476,47.89608],[21.06564,47.89855],[21.06618,47.90106],[21.06636,47.9036],[21.06618,47.90614],[21.06565,47.90866],[21.06477,47.91113],[21.06354,47.91354],[21.06198,47.91585],[21.0601,47.91806],[21.05792,47.92014],[21.05546,47.92208],[21.05274,47.92385],[21.04978,47.92544],[21.04661,47.92683],[21.04326,47.92802],[21.03975,47.929],[21.03612,47.92974],[21.03241,47.93026],[21.02611,47.93059]]]}}, {"type":"Feature","id":110,"properties":{"_id":"6994c8da2a624140943f69ef","createdBy":"eBT9qSrxquPVguazo7MwJzzaf2p1","createdAt":"2026-02-17T20:00:26.058Z","updatedBy":"eBT9qSrxquPVguazo7MwJzzaf2p1","updatedAt":"2026-02-17T20:05:36.380Z","name":"LHSA2A AEROBATICS AREA 2A","dataIngestion":true,"type":28,"icaoClass":8,"activity":0,"onDemand":false,"onRequest":false,"byNotam":false,"specialAgreement":false,"requestCompliance":false,"country":"HU","upperLimit":{"value":4500,"unit":1,"referenceDatum":1},"lowerLimit":{"value":1000,"unit":1,"referenceDatum":0},"hoursOfOperation":{"operatingHours":[{"dayOfWeek":0,"startTime":"00:00","endTime":"00:00","byNotam":false,"sunrise":false,"sunset":false,"publicHolidaysExcluded":false},{"dayOfWeek":1,"startTime":"00:00","endTime":"00:00","byNotam":false,"sunrise":false,"sunset":false,"publicHolidaysExcluded":false},{"dayOfWeek":2,"startTime":"00:00","endTime":"00:00","byNotam":false,"sunrise":false,"sunset":false,"publicHolidaysExcluded":false},{"dayOfWeek":3,"startTime":"00:00","endTime":"00:00","byNotam":false,"sunrise":false,"sunset":false,"publicHolidaysExcluded":false},{"dayOfWeek":4,"startTime":"00:00","endTime":"00:00","byNotam":false,"sunrise":false,"sunset":false,"publicHolidaysExcluded":false},{"dayOfWeek":5,"startTime":"00:00","endTime":"00:00","byNotam":false,"sunrise":false,"sunset":false,"publicHolidaysExcluded":false},{"dayOfWeek":6,"startTime":"00:00","endTime":"00:00","byNotam":false,"sunrise":false,"sunset":false,"publicHolidaysExcluded":false}]},"deletable":true},"geometry":{"type":"Polygon","coordinates":[[[18.67333,47.19083],[18.70194,47.16889],[18.78778,47.22056],[18.73611,47.22833],[18.67333,47.19083]]]}}, {"type":"Feature","id":111,"properties":{"_id":"6994c8da2a624140943f69f2","createdBy":"eBT9qSrxquPVguazo7MwJzzaf2p1","createdAt":"2026-02-17T20:00:26.069Z","updatedBy":"eBT9qSrxquPVguazo7MwJzzaf2p1","updatedAt":"2026-02-17T20:05:36.481Z","name":"LHSA2B AEROBATICS AREA 2B","dataIngestion":true,"type":28,"icaoClass":8,"activity":0,"onDemand":false,"onRequest":false,"byNotam":false,"specialAgreement":false,"requestCompliance":false,"country":"HU","upperLimit":{"value":4500,"unit":1,"referenceDatum":1},"lowerLimit":{"value":1000,"unit":1,"referenceDatum":0},"hoursOfOperation":{"operatingHours":[{"dayOfWeek":0,"startTime":"00:00","endTime":"00:00","byNotam":false,"sunrise":false,"sunset":false,"publicHolidaysExcluded":false},{"dayOfWeek":1,"startTime":"00:00","endTime":"00:00","byNotam":false,"sunrise":false,"sunset":false,"publicHolidaysExcluded":false},{"dayOfWeek":2,"startTime":"00:00","endTime":"00:00","byNotam":false,"sunrise":false,"sunset":false,"publicHolidaysExcluded":false},{"dayOfWeek":3,"startTime":"00:00","endTime":"00:00","byNotam":false,"sunrise":false,"sunset":false,"publicHolidaysExcluded":false},{"dayOfWeek":4,"startTime":"00:00","endTime":"00:00","byNotam":false,"sunrise":false,"sunset":false,"publicHolidaysExcluded":false},{"dayOfWeek":5,"startTime":"00:00","endTime":"00:00","byNotam":false,"sunrise":false,"sunset":false,"publicHolidaysExcluded":false},{"dayOfWeek":6,"startTime":"00:00","endTime":"00:00","byNotam":false,"sunrise":false,"sunset":false,"publicHolidaysExcluded":false}]},"deletable":true},"geometry":{"type":"Polygon","coordinates":[[[18.61139,47.15417],[18.63944,47.13278],[18.70194,47.16889],[18.67333,47.19083],[18.61139,47.15417]]]}}, {"type":"Feature","id":112,"properties":{"_id":"6994c8da2a624140943f6a27","createdBy":"eBT9qSrxquPVguazo7MwJzzaf2p1","createdAt":"2026-02-17T20:00:26.082Z","updatedBy":"eBT9qSrxquPVguazo7MwJzzaf2p1","updatedAt":"2026-02-17T20:05:36.596Z","name":"LHSA3 AEROBATICS AREA 3","dataIngestion":true,"type":28,"icaoClass":8,"activity":0,"onDemand":false,"onRequest":false,"byNotam":false,"specialAgreement":false,"requestCompliance":false,"country":"HU","upperLimit":{"value":4000,"unit":1,"referenceDatum":1},"lowerLimit":{"value":1000,"unit":1,"referenceDatum":0},"hoursOfOperation":{"operatingHours":[{"dayOfWeek":0,"startTime":"00:00","endTime":"00:00","byNotam":false,"sunrise":false,"sunset":false,"publicHolidaysExcluded":false},{"dayOfWeek":1,"startTime":"00:00","endTime":"00:00","byNotam":false,"sunrise":false,"sunset":false,"publicHolidaysExcluded":false},{"dayOfWeek":2,"startTime":"00:00","endTime":"00:00","byNotam":false,"sunrise":false,"sunset":false,"publicHolidaysExcluded":false},{"dayOfWeek":3,"startTime":"00:00","endTime":"00:00","byNotam":false,"sunrise":false,"sunset":false,"publicHolidaysExcluded":false},{"dayOfWeek":4,"startTime":"00:00","endTime":"00:00","byNotam":false,"sunrise":false,"sunset":false,"publicHolidaysExcluded":false},{"dayOfWeek":5,"startTime":"00:00","endTime":"00:00","byNotam":false,"sunrise":false,"sunset":false,"publicHolidaysExcluded":false},{"dayOfWeek":6,"startTime":"00:00","endTime":"00:00","byNotam":false,"sunrise":false,"sunset":false,"publicHolidaysExcluded":false}]},"deletable":true},"geometry":{"type":"Polygon","coordinates":[[[19.04167,46.17531],[19.038,46.17519],[19.03437,46.17483],[19.0308,46.17424],[19.02733,46.17342],[19.02398,46.17237],[19.02079,46.17111],[19.01779,46.16965],[19.015,46.168],[19.01245,46.16617],[19.01015,46.16419],[19.00814,46.16206],[19.00642,46.15981],[19.00502,46.15746],[19.00394,46.15503],[19.0032,46.15254],[19.0028,46.15002],[19.00274,46.14748],[19.00303,46.14494],[19.00367,46.14244],[19.00464,46.13999],[19.00593,46.13761],[19.00755,46.13533],[19.00947,46.13316],[19.01167,46.13113],[19.01414,46.12925],[19.01685,46.12754],[19.01979,46.12601],[19.02292,46.12468],[19.02621,46.12357],[19.02964,46.12267],[19.03318,46.122],[19.03679,46.12156],[19.04045,46.12136],[19.04411,46.1214],[19.04776,46.12168],[19.05135,46.1222],[19.05486,46.12294],[19.05825,46.12392],[19.06149,46.1251],[19.06455,46.1265],[19.06742,46.12809],[19.07005,46.12986],[19.07243,46.13179],[19.07455,46.13387],[19.07636,46.13608],[19.07787,46.13839],[19.07907,46.1408],[19.07992,46.14327],[19.08044,46.14578],[19.08062,46.14832],[19.08045,46.15086],[19.07993,46.15338],[19.07908,46.15585],[19.07789,46.15826],[19.07638,46.16057],[19.07456,46.16278],[19.07245,46.16486],[19.07007,46.1668],[19.06744,46.16857],[19.06457,46.17016],[19.0615,46.17155],[19.05826,46.17274],[19.05487,46.17372],[19.05136,46.17446],[19.04776,46.17498],[19.04167,46.17531]]]}}, {"type":"Feature","id":113,"properties":{"_id":"6994c8da2a624140943f6a7c","createdBy":"eBT9qSrxquPVguazo7MwJzzaf2p1","createdAt":"2026-02-17T20:00:26.381Z","updatedBy":"eBT9qSrxquPVguazo7MwJzzaf2p1","updatedAt":"2026-02-17T20:05:41.078Z","name":"LHSDZLHBC BEKESCSABA","dataIngestion":true,"type":28,"icaoClass":8,"activity":0,"onDemand":false,"onRequest":false,"byNotam":false,"specialAgreement":false,"requestCompliance":false,"country":"HU","upperLimit":{"value":155,"unit":6,"referenceDatum":2},"lowerLimit":{"value":4000,"unit":1,"referenceDatum":1},"frequencies":[{"value":"123.260","primary":false,"unit":2,"name":"BÉKÉSCSABA INFO","_id":"6994c8da2a624140943f6a7d"}],"hoursOfOperation":{"operatingHours":[{"dayOfWeek":0,"startTime":"00:00","endTime":"00:00","byNotam":false,"sunrise":false,"sunset":false,"publicHolidaysExcluded":false},{"dayOfWeek":1,"startTime":"00:00","endTime":"00:00","byNotam":false,"sunrise":false,"sunset":false,"publicHolidaysExcluded":false},{"dayOfWeek":2,"startTime":"00:00","endTime":"00:00","byNotam":false,"sunrise":false,"sunset":false,"publicHolidaysExcluded":false},{"dayOfWeek":3,"startTime":"00:00","endTime":"00:00","byNotam":false,"sunrise":false,"sunset":false,"publicHolidaysExcluded":false},{"dayOfWeek":4,"startTime":"00:00","endTime":"00:00","byNotam":false,"sunrise":false,"sunset":false,"publicHolidaysExcluded":false},{"dayOfWeek":5,"startTime":"00:00","endTime":"00:00","byNotam":false,"sunrise":false,"sunset":false,"publicHolidaysExcluded":false},{"dayOfWeek":6,"startTime":"00:00","endTime":"00:00","byNotam":false,"sunrise":false,"sunset":false,"publicHolidaysExcluded":false}]},"deletable":true},"geometry":{"type":"Polygon","coordinates":[[[21.16056,46.73963],[21.15192,46.73935],[21.14619,46.73885],[21.13772,46.73765],[21.13217,46.73654],[21.12408,46.73444],[21.11631,46.73183],[21.11134,46.72982],[21.10427,46.7264],[21.09983,46.72388],[21.09362,46.71975],[21.088,46.71523],[21.08462,46.71203],[21.08011,46.70697],[21.07631,46.70164],[21.07326,46.69609],[21.07166,46.69229],[21.07041,46.68843],[21.0692,46.68256],[21.06884,46.67861],[21.06885,46.67466],[21.06899,46.67268],[21.06954,46.66874],[21.07103,46.6629],[21.07332,46.65718],[21.07639,46.65164],[21.07885,46.64806],[21.08313,46.64291],[21.08811,46.63806],[21.09372,46.63355],[21.09993,46.62943],[21.10437,46.62691],[21.11144,46.6235],[21.11895,46.62057],[21.12416,46.61889],[21.12951,46.61743],[21.13777,46.61569],[21.14339,46.61483],[21.14907,46.61421],[21.15768,46.61374],[21.16632,46.61384],[21.17205,46.61421],[21.17773,46.61483],[21.18335,46.61569],[21.18888,46.61679],[21.1943,46.61813],[21.19959,46.6197],[21.20722,46.62247],[21.21209,46.62459],[21.21675,46.62691],[21.22119,46.62943],[21.22539,46.63213],[21.22934,46.63502],[21.23301,46.63806],[21.23799,46.64291],[21.24092,46.64631],[21.24355,46.64983],[21.24686,46.65531],[21.24865,46.65907],[21.25009,46.6629],[21.25117,46.66679],[21.2519,46.67071],[21.25227,46.67466],[21.25228,46.67861],[21.25215,46.68059],[21.25161,46.68453],[21.25071,46.68843],[21.24946,46.69229],[21.24693,46.69796],[21.24481,46.70164],[21.24236,46.70522],[21.23959,46.70869],[21.2365,46.71203],[21.23131,46.71678],[21.2275,46.71975],[21.22343,46.72255],[21.21685,46.7264],[21.21219,46.72873],[21.20732,46.73085],[21.19967,46.73363],[21.19438,46.7352],[21.18895,46.73654],[21.1806,46.73811],[21.17493,46.73885],[21.16921,46.73935],[21.16056,46.73963]]]}}, {"type":"Feature","id":114,"properties":{"_id":"6994c8da2a624140943f6a80","createdBy":"eBT9qSrxquPVguazo7MwJzzaf2p1","createdAt":"2026-02-17T20:00:26.397Z","updatedBy":"eBT9qSrxquPVguazo7MwJzzaf2p1","updatedAt":"2026-02-17T20:05:41.180Z","name":"LHSDZLHBD BORGOND","dataIngestion":true,"type":28,"icaoClass":8,"activity":0,"onDemand":false,"onRequest":false,"byNotam":false,"specialAgreement":false,"requestCompliance":false,"country":"HU","upperLimit":{"value":155,"unit":6,"referenceDatum":2},"lowerLimit":{"value":0,"unit":1,"referenceDatum":0},"hoursOfOperation":{"operatingHours":[{"dayOfWeek":0,"startTime":"00:00","endTime":"00:00","byNotam":false,"sunrise":false,"sunset":false,"publicHolidaysExcluded":false},{"dayOfWeek":1,"startTime":"00:00","endTime":"00:00","byNotam":false,"sunrise":false,"sunset":false,"publicHolidaysExcluded":false},{"dayOfWeek":2,"startTime":"00:00","endTime":"00:00","byNotam":false,"sunrise":false,"sunset":false,"publicHolidaysExcluded":false},{"dayOfWeek":3,"startTime":"00:00","endTime":"00:00","byNotam":false,"sunrise":false,"sunset":false,"publicHolidaysExcluded":false},{"dayOfWeek":4,"startTime":"00:00","endTime":"00:00","byNotam":false,"sunrise":false,"sunset":false,"publicHolidaysExcluded":false},{"dayOfWeek":5,"startTime":"00:00","endTime":"00:00","byNotam":false,"sunrise":false,"sunset":false,"publicHolidaysExcluded":false},{"dayOfWeek":6,"startTime":"00:00","endTime":"00:00","byNotam":false,"sunrise":false,"sunset":false,"publicHolidaysExcluded":false}]},"deletable":true},"geometry":{"type":"Polygon","coordinates":[[[18.4825,47.17694],[18.38806,47.10528],[18.44333,47.02917],[18.52972,47.04361],[18.57361,47.14444],[18.4825,47.17694]]]}}, {"type":"Feature","id":115,"properties":{"_id":"6994c8da2a624140943f6a85","createdBy":"eBT9qSrxquPVguazo7MwJzzaf2p1","createdAt":"2026-02-17T20:00:26.409Z","updatedBy":"eBT9qSrxquPVguazo7MwJzzaf2p1","updatedAt":"2026-02-17T20:05:41.276Z","name":"LHSDZLHBK BALATONKERESZTUR","dataIngestion":true,"type":28,"icaoClass":8,"activity":0,"onDemand":false,"onRequest":false,"byNotam":false,"specialAgreement":false,"requestCompliance":false,"country":"HU","upperLimit":{"value":145,"unit":6,"referenceDatum":2},"lowerLimit":{"value":0,"unit":1,"referenceDatum":0},"hoursOfOperation":{"operatingHours":[{"dayOfWeek":0,"startTime":"00:00","endTime":"00:00","byNotam":false,"sunrise":false,"sunset":false,"publicHolidaysExcluded":false},{"dayOfWeek":1,"startTime":"00:00","endTime":"00:00","byNotam":false,"sunrise":false,"sunset":false,"publicHolidaysExcluded":false},{"dayOfWeek":2,"startTime":"00:00","endTime":"00:00","byNotam":false,"sunrise":false,"sunset":false,"publicHolidaysExcluded":false},{"dayOfWeek":3,"startTime":"00:00","endTime":"00:00","byNotam":false,"sunrise":false,"sunset":false,"publicHolidaysExcluded":false},{"dayOfWeek":4,"startTime":"00:00","endTime":"00:00","byNotam":false,"sunrise":false,"sunset":false,"publicHolidaysExcluded":false},{"dayOfWeek":5,"startTime":"00:00","endTime":"00:00","byNotam":false,"sunrise":false,"sunset":false,"publicHolidaysExcluded":false},{"dayOfWeek":6,"startTime":"00:00","endTime":"00:00","byNotam":false,"sunrise":false,"sunset":false,"publicHolidaysExcluded":false}]},"deletable":true},"geometry":{"type":"Polygon","coordinates":[[[17.39444,46.72254],[17.39074,46.72242],[17.38707,46.72206],[17.38346,46.72147],[17.37995,46.72065],[17.37657,46.7196],[17.37335,46.71834],[17.37032,46.71688],[17.3675,46.71523],[17.36492,46.7134],[17.3626,46.71142],[17.36057,46.70929],[17.35884,46.70704],[17.35742,46.70469],[17.35633,46.70226],[17.35558,46.69977],[17.35518,46.69725],[17.35512,46.69471],[17.35541,46.69217],[17.35605,46.68967],[17.35703,46.68722],[17.35834,46.68484],[17.35997,46.68256],[17.36191,46.68039],[17.36414,46.67836],[17.36663,46.67648],[17.36937,46.67477],[17.37234,46.67324],[17.3755,46.67191],[17.37882,46.6708],[17.38229,46.6699],[17.38586,46.66923],[17.38951,46.66879],[17.3932,46.66859],[17.39691,46.66863],[17.40059,46.66891],[17.40422,46.66943],[17.40776,46.67017],[17.41118,46.67115],[17.41446,46.67233],[17.41755,46.67373],[17.42045,46.67532],[17.42311,46.67709],[17.42552,46.67902],[17.42765,46.6811],[17.42948,46.68331],[17.43101,46.68562],[17.43221,46.68803],[17.43308,46.6905],[17.4336,46.69301],[17.43378,46.69555],[17.43361,46.69809],[17.43309,46.70061],[17.43222,46.70308],[17.43102,46.70549],[17.4295,46.7078],[17.42766,46.71001],[17.42553,46.71209],[17.42313,46.71403],[17.42047,46.7158],[17.41757,46.71739],[17.41447,46.71878],[17.4112,46.71997],[17.40777,46.72095],[17.40423,46.72169],[17.4006,46.72221],[17.39444,46.72254]]]}}, {"type":"Feature","id":116,"properties":{"_id":"6994c8da2a624140943f6a88","createdBy":"eBT9qSrxquPVguazo7MwJzzaf2p1","createdAt":"2026-02-17T20:00:26.420Z","updatedBy":"eBT9qSrxquPVguazo7MwJzzaf2p1","updatedAt":"2026-02-17T20:05:41.371Z","name":"LHSDZLHDV DUNAUJVAROS","dataIngestion":true,"type":28,"icaoClass":8,"activity":0,"onDemand":false,"onRequest":false,"byNotam":false,"specialAgreement":false,"requestCompliance":false,"country":"HU","upperLimit":{"value":135,"unit":6,"referenceDatum":2},"lowerLimit":{"value":0,"unit":1,"referenceDatum":0},"hoursOfOperation":{"operatingHours":[{"dayOfWeek":0,"startTime":"00:00","endTime":"00:00","byNotam":false,"sunrise":false,"sunset":false,"publicHolidaysExcluded":false},{"dayOfWeek":1,"startTime":"00:00","endTime":"00:00","byNotam":false,"sunrise":false,"sunset":false,"publicHolidaysExcluded":false},{"dayOfWeek":2,"startTime":"00:00","endTime":"00:00","byNotam":false,"sunrise":false,"sunset":false,"publicHolidaysExcluded":false},{"dayOfWeek":3,"startTime":"00:00","endTime":"00:00","byNotam":false,"sunrise":false,"sunset":false,"publicHolidaysExcluded":false},{"dayOfWeek":4,"startTime":"00:00","endTime":"00:00","byNotam":false,"sunrise":false,"sunset":false,"publicHolidaysExcluded":false},{"dayOfWeek":5,"startTime":"00:00","endTime":"00:00","byNotam":false,"sunrise":false,"sunset":false,"publicHolidaysExcluded":false},{"dayOfWeek":6,"startTime":"00:00","endTime":"00:00","byNotam":false,"sunrise":false,"sunset":false,"publicHolidaysExcluded":false}]},"deletable":true},"geometry":{"type":"Polygon","coordinates":[[[18.91056,46.9333],[18.90231,46.93295],[18.89418,46.93189],[18.89021,46.9311],[18.88632,46.93014],[18.88252,46.92902],[18.87884,46.92773],[18.87528,46.92629],[18.87186,46.92471],[18.86859,46.92297],[18.86549,46.9211],[18.86257,46.9191],[18.85983,46.91698],[18.8573,46.91475],[18.85498,46.91241],[18.85288,46.90998],[18.851,46.90746],[18.84936,46.90487],[18.84796,46.90221],[18.84681,46.8995],[18.84592,46.89674],[18.84527,46.89395],[18.84489,46.89114],[18.84476,46.88831],[18.84489,46.88549],[18.84529,46.88268],[18.84594,46.87989],[18.84684,46.87713],[18.848,46.87442],[18.8494,46.87176],[18.85104,46.86917],[18.85292,46.86665],[18.85503,46.86422],[18.85735,46.86189],[18.85989,46.85965],[18.86262,46.85754],[18.86554,46.85554],[18.86864,46.85367],[18.87191,46.85194],[18.87533,46.85036],[18.87888,46.84892],[18.88257,46.84764],[18.88636,46.84652],[18.89024,46.84556],[18.89421,46.84477],[18.89824,46.84416],[18.90232,46.84372],[18.91056,46.84336],[18.91469,46.84345],[18.92288,46.84416],[18.92691,46.84477],[18.93088,46.84556],[18.93476,46.84652],[18.93856,46.84764],[18.94224,46.84892],[18.94579,46.85036],[18.94921,46.85194],[18.95248,46.85367],[18.95558,46.85554],[18.9585,46.85754],[18.96123,46.85965],[18.96377,46.86189],[18.96609,46.86422],[18.9682,46.86665],[18.97008,46.86917],[18.97172,46.87176],[18.97312,46.87442],[18.97428,46.87713],[18.97519,46.87989],[18.97584,46.88268],[18.97623,46.88549],[18.97636,46.88831],[18.97623,46.89114],[18.97585,46.89395],[18.97521,46.89674],[18.97431,46.8995],[18.97316,46.90221],[18.97176,46.90487],[18.97012,46.90746],[18.96825,46.90998],[18.96614,46.91241],[18.96382,46.91475],[18.96129,46.91698],[18.95855,46.9191],[18.95563,46.9211],[18.95253,46.92297],[18.94926,46.92471],[18.94584,46.92629],[18.94228,46.92773],[18.9386,46.92902],[18.9348,46.93014],[18.93091,46.9311],[18.92694,46.93189],[18.91881,46.93295],[18.91056,46.9333]]]}}, {"type":"Feature","id":117,"properties":{"_id":"6994c8da2a624140943f6a8b","createdBy":"eBT9qSrxquPVguazo7MwJzzaf2p1","createdAt":"2026-02-17T20:00:26.434Z","updatedBy":"eBT9qSrxquPVguazo7MwJzzaf2p1","updatedAt":"2026-02-17T20:05:41.475Z","name":"LHSDZLHFM FERTOSZENTMIKLOS","dataIngestion":true,"type":28,"icaoClass":8,"activity":0,"onDemand":false,"onRequest":false,"byNotam":false,"specialAgreement":false,"requestCompliance":false,"country":"HU","upperLimit":{"value":125,"unit":6,"referenceDatum":2},"lowerLimit":{"value":0,"unit":1,"referenceDatum":0},"hoursOfOperation":{"operatingHours":[{"dayOfWeek":0,"startTime":"00:00","endTime":"00:00","byNotam":false,"sunrise":false,"sunset":false,"publicHolidaysExcluded":false},{"dayOfWeek":1,"startTime":"00:00","endTime":"00:00","byNotam":false,"sunrise":false,"sunset":false,"publicHolidaysExcluded":false},{"dayOfWeek":2,"startTime":"00:00","endTime":"00:00","byNotam":false,"sunrise":false,"sunset":false,"publicHolidaysExcluded":false},{"dayOfWeek":3,"startTime":"00:00","endTime":"00:00","byNotam":false,"sunrise":false,"sunset":false,"publicHolidaysExcluded":false},{"dayOfWeek":4,"startTime":"00:00","endTime":"00:00","byNotam":false,"sunrise":false,"sunset":false,"publicHolidaysExcluded":false},{"dayOfWeek":5,"startTime":"00:00","endTime":"00:00","byNotam":false,"sunrise":false,"sunset":false,"publicHolidaysExcluded":false},{"dayOfWeek":6,"startTime":"00:00","endTime":"00:00","byNotam":false,"sunrise":false,"sunset":false,"publicHolidaysExcluded":false}]},"deletable":true},"geometry":{"type":"Polygon","coordinates":[[[16.85611,47.59917],[16.75889,47.59889],[16.77361,47.57806],[16.80556,47.56083],[16.83583,47.55611],[16.87139,47.57111],[16.85611,47.59917]]]}}, {"type":"Feature","id":118,"properties":{"_id":"6994c8da2a624140943f6a8e","createdBy":"eBT9qSrxquPVguazo7MwJzzaf2p1","createdAt":"2026-02-17T20:00:26.445Z","updatedBy":"eBT9qSrxquPVguazo7MwJzzaf2p1","updatedAt":"2026-02-17T20:05:41.572Z","name":"LHSDZLHGD GODOLLO","dataIngestion":true,"type":28,"icaoClass":8,"activity":0,"onDemand":false,"onRequest":false,"byNotam":false,"specialAgreement":false,"requestCompliance":false,"country":"HU","upperLimit":{"value":6500,"unit":1,"referenceDatum":1},"lowerLimit":{"value":0,"unit":1,"referenceDatum":0},"hoursOfOperation":{"operatingHours":[{"dayOfWeek":0,"startTime":"00:00","endTime":"00:00","byNotam":false,"sunrise":false,"sunset":false,"publicHolidaysExcluded":false},{"dayOfWeek":1,"startTime":"00:00","endTime":"00:00","byNotam":false,"sunrise":false,"sunset":false,"publicHolidaysExcluded":false},{"dayOfWeek":2,"startTime":"00:00","endTime":"00:00","byNotam":false,"sunrise":false,"sunset":false,"publicHolidaysExcluded":false},{"dayOfWeek":3,"startTime":"00:00","endTime":"00:00","byNotam":false,"sunrise":false,"sunset":false,"publicHolidaysExcluded":false},{"dayOfWeek":4,"startTime":"00:00","endTime":"00:00","byNotam":false,"sunrise":false,"sunset":false,"publicHolidaysExcluded":false},{"dayOfWeek":5,"startTime":"00:00","endTime":"00:00","byNotam":false,"sunrise":false,"sunset":false,"publicHolidaysExcluded":false},{"dayOfWeek":6,"startTime":"00:00","endTime":"00:00","byNotam":false,"sunrise":false,"sunset":false,"publicHolidaysExcluded":false}]},"deletable":true},"geometry":{"type":"Polygon","coordinates":[[[19.31667,47.61278],[19.29472,47.5775],[19.37861,47.56],[19.39778,47.59667],[19.31667,47.61278]]]}}, {"type":"Feature","id":119,"properties":{"_id":"6994c8da2a624140943f6a91","createdBy":"eBT9qSrxquPVguazo7MwJzzaf2p1","createdAt":"2026-02-17T20:00:26.458Z","updatedBy":"eBT9qSrxquPVguazo7MwJzzaf2p1","updatedAt":"2026-02-17T20:05:41.668Z","name":"LHSDZLHGR1 GYURO1","dataIngestion":true,"type":28,"icaoClass":8,"activity":0,"onDemand":false,"onRequest":false,"byNotam":false,"specialAgreement":false,"requestCompliance":false,"country":"HU","upperLimit":{"value":5500,"unit":1,"referenceDatum":1},"lowerLimit":{"value":0,"unit":1,"referenceDatum":0},"hoursOfOperation":{"operatingHours":[{"dayOfWeek":0,"startTime":"00:00","endTime":"00:00","byNotam":false,"sunrise":false,"sunset":false,"publicHolidaysExcluded":false},{"dayOfWeek":1,"startTime":"00:00","endTime":"00:00","byNotam":false,"sunrise":false,"sunset":false,"publicHolidaysExcluded":false},{"dayOfWeek":2,"startTime":"00:00","endTime":"00:00","byNotam":false,"sunrise":false,"sunset":false,"publicHolidaysExcluded":false},{"dayOfWeek":3,"startTime":"00:00","endTime":"00:00","byNotam":false,"sunrise":false,"sunset":false,"publicHolidaysExcluded":false},{"dayOfWeek":4,"startTime":"00:00","endTime":"00:00","byNotam":false,"sunrise":false,"sunset":false,"publicHolidaysExcluded":false},{"dayOfWeek":5,"startTime":"00:00","endTime":"00:00","byNotam":false,"sunrise":false,"sunset":false,"publicHolidaysExcluded":false},{"dayOfWeek":6,"startTime":"00:00","endTime":"00:00","byNotam":false,"sunrise":false,"sunset":false,"publicHolidaysExcluded":false}]},"deletable":true},"geometry":{"type":"Polygon","coordinates":[[[18.75139,47.445],[18.69444,47.4025],[18.77306,47.35417],[18.83,47.39639],[18.75139,47.445]]]}}, {"type":"Feature","id":120,"properties":{"_id":"6994c8da2a624140943f6a94","createdBy":"eBT9qSrxquPVguazo7MwJzzaf2p1","createdAt":"2026-02-17T20:00:26.469Z","updatedBy":"eBT9qSrxquPVguazo7MwJzzaf2p1","updatedAt":"2026-02-17T20:05:41.769Z","name":"LHSDZLHGR2 GYURO2","dataIngestion":true,"type":28,"icaoClass":8,"activity":0,"onDemand":false,"onRequest":false,"byNotam":false,"specialAgreement":false,"requestCompliance":false,"country":"HU","upperLimit":{"value":6500,"unit":1,"referenceDatum":1},"lowerLimit":{"value":0,"unit":1,"referenceDatum":0},"hoursOfOperation":{"operatingHours":[{"dayOfWeek":0,"startTime":"00:00","endTime":"00:00","byNotam":false,"sunrise":false,"sunset":false,"publicHolidaysExcluded":false},{"dayOfWeek":1,"startTime":"00:00","endTime":"00:00","byNotam":false,"sunrise":false,"sunset":false,"publicHolidaysExcluded":false},{"dayOfWeek":2,"startTime":"00:00","endTime":"00:00","byNotam":false,"sunrise":false,"sunset":false,"publicHolidaysExcluded":false},{"dayOfWeek":3,"startTime":"00:00","endTime":"00:00","byNotam":false,"sunrise":false,"sunset":false,"publicHolidaysExcluded":false},{"dayOfWeek":4,"startTime":"00:00","endTime":"00:00","byNotam":false,"sunrise":false,"sunset":false,"publicHolidaysExcluded":false},{"dayOfWeek":5,"startTime":"00:00","endTime":"00:00","byNotam":false,"sunrise":false,"sunset":false,"publicHolidaysExcluded":false},{"dayOfWeek":6,"startTime":"00:00","endTime":"00:00","byNotam":false,"sunrise":false,"sunset":false,"publicHolidaysExcluded":false}]},"deletable":true},"geometry":{"type":"Polygon","coordinates":[[[18.69444,47.4025],[18.67,47.38444],[18.74861,47.33583],[18.77306,47.35417],[18.69444,47.4025]]]}}, {"type":"Feature","id":121,"properties":{"_id":"6994c8da2a624140943f6a97","createdBy":"eBT9qSrxquPVguazo7MwJzzaf2p1","createdAt":"2026-02-17T20:00:26.479Z","updatedBy":"eBT9qSrxquPVguazo7MwJzzaf2p1","updatedAt":"2026-02-17T20:05:41.864Z","name":"LHSDZLHHO HAJDUSZOBOSZLO","dataIngestion":true,"type":28,"icaoClass":8,"activity":0,"onDemand":false,"onRequest":false,"byNotam":false,"specialAgreement":false,"requestCompliance":false,"country":"HU","upperLimit":{"value":145,"unit":6,"referenceDatum":2},"lowerLimit":{"value":0,"unit":1,"referenceDatum":0},"hoursOfOperation":{"operatingHours":[{"dayOfWeek":0,"startTime":"00:00","endTime":"00:00","byNotam":false,"sunrise":false,"sunset":false,"publicHolidaysExcluded":false},{"dayOfWeek":1,"startTime":"00:00","endTime":"00:00","byNotam":false,"sunrise":false,"sunset":false,"publicHolidaysExcluded":false},{"dayOfWeek":2,"startTime":"00:00","endTime":"00:00","byNotam":false,"sunrise":false,"sunset":false,"publicHolidaysExcluded":false},{"dayOfWeek":3,"startTime":"00:00","endTime":"00:00","byNotam":false,"sunrise":false,"sunset":false,"publicHolidaysExcluded":false},{"dayOfWeek":4,"startTime":"00:00","endTime":"00:00","byNotam":false,"sunrise":false,"sunset":false,"publicHolidaysExcluded":false},{"dayOfWeek":5,"startTime":"00:00","endTime":"00:00","byNotam":false,"sunrise":false,"sunset":false,"publicHolidaysExcluded":false},{"dayOfWeek":6,"startTime":"00:00","endTime":"00:00","byNotam":false,"sunrise":false,"sunset":false,"publicHolidaysExcluded":false}]},"deletable":true},"geometry":{"type":"Polygon","coordinates":[[[21.41389,47.46944],[21.31083,47.495],[21.25,47.45917],[21.25,47.37444],[21.41389,47.46944]]]}}, {"type":"Feature","id":122,"properties":{"_id":"6994c8da2a624140943f6a9a","createdBy":"eBT9qSrxquPVguazo7MwJzzaf2p1","createdAt":"2026-02-17T20:00:26.490Z","updatedBy":"eBT9qSrxquPVguazo7MwJzzaf2p1","updatedAt":"2026-02-17T20:05:41.970Z","name":"LHSDZLHKA KALOCSA","dataIngestion":true,"type":28,"icaoClass":8,"activity":0,"onDemand":false,"onRequest":false,"byNotam":false,"specialAgreement":false,"requestCompliance":false,"country":"HU","upperLimit":{"value":135,"unit":6,"referenceDatum":2},"lowerLimit":{"value":0,"unit":1,"referenceDatum":0},"hoursOfOperation":{"operatingHours":[{"dayOfWeek":0,"startTime":"00:00","endTime":"00:00","byNotam":false,"sunrise":false,"sunset":false,"publicHolidaysExcluded":false},{"dayOfWeek":1,"startTime":"00:00","endTime":"00:00","byNotam":false,"sunrise":false,"sunset":false,"publicHolidaysExcluded":false},{"dayOfWeek":2,"startTime":"00:00","endTime":"00:00","byNotam":false,"sunrise":false,"sunset":false,"publicHolidaysExcluded":false},{"dayOfWeek":3,"startTime":"00:00","endTime":"00:00","byNotam":false,"sunrise":false,"sunset":false,"publicHolidaysExcluded":false},{"dayOfWeek":4,"startTime":"00:00","endTime":"00:00","byNotam":false,"sunrise":false,"sunset":false,"publicHolidaysExcluded":false},{"dayOfWeek":5,"startTime":"00:00","endTime":"00:00","byNotam":false,"sunrise":false,"sunset":false,"publicHolidaysExcluded":false},{"dayOfWeek":6,"startTime":"00:00","endTime":"00:00","byNotam":false,"sunrise":false,"sunset":false,"publicHolidaysExcluded":false}]},"deletable":true},"geometry":{"type":"Polygon","coordinates":[[[18.90528,46.56556],[18.92194,46.5],[19.02306,46.52167],[18.97139,46.57639],[18.90528,46.56556]]]}}, {"type":"Feature","id":123,"properties":{"_id":"6994c8da2a624140943f6a9d","createdBy":"eBT9qSrxquPVguazo7MwJzzaf2p1","createdAt":"2026-02-17T20:00:26.500Z","updatedBy":"eBT9qSrxquPVguazo7MwJzzaf2p1","updatedAt":"2026-02-17T20:05:42.090Z","name":"LHSDZLHKH KISKUNFELEGYHAZA","dataIngestion":true,"type":28,"icaoClass":8,"activity":0,"onDemand":false,"onRequest":false,"byNotam":false,"specialAgreement":false,"requestCompliance":false,"country":"HU","upperLimit":{"value":135,"unit":6,"referenceDatum":2},"lowerLimit":{"value":0,"unit":1,"referenceDatum":0},"hoursOfOperation":{"operatingHours":[{"dayOfWeek":0,"startTime":"00:00","endTime":"00:00","byNotam":false,"sunrise":false,"sunset":false,"publicHolidaysExcluded":false},{"dayOfWeek":1,"startTime":"00:00","endTime":"00:00","byNotam":false,"sunrise":false,"sunset":false,"publicHolidaysExcluded":false},{"dayOfWeek":2,"startTime":"00:00","endTime":"00:00","byNotam":false,"sunrise":false,"sunset":false,"publicHolidaysExcluded":false},{"dayOfWeek":3,"startTime":"00:00","endTime":"00:00","byNotam":false,"sunrise":false,"sunset":false,"publicHolidaysExcluded":false},{"dayOfWeek":4,"startTime":"00:00","endTime":"00:00","byNotam":false,"sunrise":false,"sunset":false,"publicHolidaysExcluded":false},{"dayOfWeek":5,"startTime":"00:00","endTime":"00:00","byNotam":false,"sunrise":false,"sunset":false,"publicHolidaysExcluded":false},{"dayOfWeek":6,"startTime":"00:00","endTime":"00:00","byNotam":false,"sunrise":false,"sunset":false,"publicHolidaysExcluded":false}]},"deletable":true},"geometry":{"type":"Polygon","coordinates":[[[19.76278,46.76667],[19.93333,46.7],[19.92583,46.76611],[19.85,46.8],[19.76278,46.76667]]]}}, {"type":"Feature","id":124,"properties":{"_id":"6994c8da2a624140943f6aa0","createdBy":"eBT9qSrxquPVguazo7MwJzzaf2p1","createdAt":"2026-02-17T20:00:26.510Z","updatedBy":"eBT9qSrxquPVguazo7MwJzzaf2p1","updatedAt":"2026-02-17T20:05:42.188Z","name":"LHSDZLHKI KISKOROS","dataIngestion":true,"type":28,"icaoClass":8,"activity":0,"onDemand":false,"onRequest":false,"byNotam":false,"specialAgreement":false,"requestCompliance":false,"country":"HU","upperLimit":{"value":3500,"unit":1,"referenceDatum":1},"lowerLimit":{"value":0,"unit":1,"referenceDatum":0},"hoursOfOperation":{"operatingHours":[{"dayOfWeek":0,"startTime":"00:00","endTime":"00:00","byNotam":false,"sunrise":false,"sunset":false,"publicHolidaysExcluded":false},{"dayOfWeek":1,"startTime":"00:00","endTime":"00:00","byNotam":false,"sunrise":false,"sunset":false,"publicHolidaysExcluded":false},{"dayOfWeek":2,"startTime":"00:00","endTime":"00:00","byNotam":false,"sunrise":false,"sunset":false,"publicHolidaysExcluded":false},{"dayOfWeek":3,"startTime":"00:00","endTime":"00:00","byNotam":false,"sunrise":false,"sunset":false,"publicHolidaysExcluded":false},{"dayOfWeek":4,"startTime":"00:00","endTime":"00:00","byNotam":false,"sunrise":false,"sunset":false,"publicHolidaysExcluded":false},{"dayOfWeek":5,"startTime":"00:00","endTime":"00:00","byNotam":false,"sunrise":false,"sunset":false,"publicHolidaysExcluded":false},{"dayOfWeek":6,"startTime":"00:00","endTime":"00:00","byNotam":false,"sunrise":false,"sunset":false,"publicHolidaysExcluded":false}]},"deletable":true},"geometry":{"type":"Polygon","coordinates":[[[19.245,46.66083],[19.23417,46.65528],[19.24278,46.64833],[19.25306,46.65389],[19.245,46.66083]]]}}, {"type":"Feature","id":125,"properties":{"_id":"6994c8da2a624140943f6aa3","createdBy":"eBT9qSrxquPVguazo7MwJzzaf2p1","createdAt":"2026-02-17T20:00:26.519Z","updatedBy":"eBT9qSrxquPVguazo7MwJzzaf2p1","updatedAt":"2026-02-17T20:05:42.285Z","name":"LHSDZLHKV KAPOSUJLAK","dataIngestion":true,"type":28,"icaoClass":8,"activity":0,"onDemand":false,"onRequest":false,"byNotam":false,"specialAgreement":false,"requestCompliance":false,"country":"HU","upperLimit":{"value":165,"unit":6,"referenceDatum":2},"lowerLimit":{"value":0,"unit":1,"referenceDatum":0},"hoursOfOperation":{"operatingHours":[{"dayOfWeek":0,"startTime":"00:00","endTime":"00:00","byNotam":false,"sunrise":false,"sunset":false,"publicHolidaysExcluded":false},{"dayOfWeek":1,"startTime":"00:00","endTime":"00:00","byNotam":false,"sunrise":false,"sunset":false,"publicHolidaysExcluded":false},{"dayOfWeek":2,"startTime":"00:00","endTime":"00:00","byNotam":false,"sunrise":false,"sunset":false,"publicHolidaysExcluded":false},{"dayOfWeek":3,"startTime":"00:00","endTime":"00:00","byNotam":false,"sunrise":false,"sunset":false,"publicHolidaysExcluded":false},{"dayOfWeek":4,"startTime":"00:00","endTime":"00:00","byNotam":false,"sunrise":false,"sunset":false,"publicHolidaysExcluded":false},{"dayOfWeek":5,"startTime":"00:00","endTime":"00:00","byNotam":false,"sunrise":false,"sunset":false,"publicHolidaysExcluded":false},{"dayOfWeek":6,"startTime":"00:00","endTime":"00:00","byNotam":false,"sunrise":false,"sunset":false,"publicHolidaysExcluded":false}]},"deletable":true},"geometry":{"type":"Polygon","coordinates":[[[17.56667,46.51667],[17.56667,46.3],[17.78333,46.3],[17.78333,46.51667],[17.56667,46.51667]]]}}, {"type":"Feature","id":126,"properties":{"_id":"6994c8da2a624140943f6aa9","createdBy":"eBT9qSrxquPVguazo7MwJzzaf2p1","createdAt":"2026-02-17T20:00:26.559Z","updatedBy":"eBT9qSrxquPVguazo7MwJzzaf2p1","updatedAt":"2026-02-17T20:05:42.504Z","name":"LHSDZLHMC MISKOLC","dataIngestion":true,"type":28,"icaoClass":8,"activity":0,"onDemand":false,"onRequest":false,"byNotam":false,"specialAgreement":false,"requestCompliance":false,"country":"HU","upperLimit":{"value":145,"unit":6,"referenceDatum":2},"lowerLimit":{"value":0,"unit":1,"referenceDatum":0},"hoursOfOperation":{"operatingHours":[{"dayOfWeek":0,"startTime":"00:00","endTime":"00:00","byNotam":false,"sunrise":false,"sunset":false,"publicHolidaysExcluded":false},{"dayOfWeek":1,"startTime":"00:00","endTime":"00:00","byNotam":false,"sunrise":false,"sunset":false,"publicHolidaysExcluded":false},{"dayOfWeek":2,"startTime":"00:00","endTime":"00:00","byNotam":false,"sunrise":false,"sunset":false,"publicHolidaysExcluded":false},{"dayOfWeek":3,"startTime":"00:00","endTime":"00:00","byNotam":false,"sunrise":false,"sunset":false,"publicHolidaysExcluded":false},{"dayOfWeek":4,"startTime":"00:00","endTime":"00:00","byNotam":false,"sunrise":false,"sunset":false,"publicHolidaysExcluded":false},{"dayOfWeek":5,"startTime":"00:00","endTime":"00:00","byNotam":false,"sunrise":false,"sunset":false,"publicHolidaysExcluded":false},{"dayOfWeek":6,"startTime":"00:00","endTime":"00:00","byNotam":false,"sunrise":false,"sunset":false,"publicHolidaysExcluded":false}]},"deletable":true},"geometry":{"type":"Polygon","coordinates":[[[20.79167,48.17664],[20.78322,48.17629],[20.7749,48.17523],[20.77083,48.17444],[20.76685,48.17348],[20.76296,48.17236],[20.75918,48.17107],[20.75554,48.16963],[20.75204,48.16804],[20.74869,48.16631],[20.74552,48.16444],[20.74252,48.16244],[20.73973,48.16032],[20.73713,48.15809],[20.73475,48.15575],[20.7326,48.15332],[20.73068,48.1508],[20.729,48.14821],[20.72757,48.14555],[20.72639,48.14284],[20.72547,48.14008],[20.72482,48.13729],[20.72442,48.13447],[20.72429,48.13165],[20.72443,48.12883],[20.72483,48.12601],[20.7255,48.12323],[20.72642,48.12047],[20.72761,48.11776],[20.72904,48.1151],[20.73073,48.11251],[20.73265,48.10999],[20.73481,48.10756],[20.73719,48.10523],[20.73978,48.10299],[20.74258,48.10088],[20.74558,48.09888],[20.74875,48.09701],[20.75209,48.09528],[20.75559,48.0937],[20.75924,48.09226],[20.763,48.09098],[20.76689,48.08986],[20.77087,48.0889],[20.77906,48.0875],[20.78744,48.08679],[20.7959,48.08679],[20.80429,48.0875],[20.81247,48.0889],[20.81645,48.08986],[20.82034,48.09098],[20.82411,48.09226],[20.82775,48.0937],[20.83125,48.09528],[20.83459,48.09701],[20.83776,48.09888],[20.84076,48.10088],[20.84356,48.10299],[20.84615,48.10523],[20.84853,48.10756],[20.85069,48.10999],[20.85261,48.11251],[20.8543,48.1151],[20.85573,48.11776],[20.85692,48.12047],[20.85784,48.12323],[20.85851,48.12601],[20.85891,48.12883],[20.85905,48.13165],[20.85892,48.13447],[20.85852,48.13729],[20.85787,48.14008],[20.85695,48.14284],[20.85577,48.14555],[20.85434,48.14821],[20.85266,48.1508],[20.85074,48.15332],[20.84859,48.15575],[20.84621,48.15809],[20.84362,48.16032],[20.84082,48.16244],[20.83782,48.16444],[20.83465,48.16631],[20.8313,48.16804],[20.8278,48.16963],[20.82416,48.17107],[20.82038,48.17236],[20.81649,48.17348],[20.81251,48.17444],[20.80844,48.17523],[20.80012,48.17629],[20.79167,48.17664]]]}}, {"type":"Feature","id":127,"properties":{"_id":"6994c8da2a624140943f6aa6","createdBy":"eBT9qSrxquPVguazo7MwJzzaf2p1","createdAt":"2026-02-17T20:00:26.532Z","updatedBy":"eBT9qSrxquPVguazo7MwJzzaf2p1","updatedAt":"2026-02-17T20:05:42.380Z","name":"LHSDZLHMP MATKOPUSZTA","dataIngestion":true,"type":28,"icaoClass":8,"activity":0,"onDemand":false,"onRequest":false,"byNotam":false,"specialAgreement":false,"requestCompliance":false,"country":"HU","upperLimit":{"value":145,"unit":6,"referenceDatum":2},"lowerLimit":{"value":0,"unit":1,"referenceDatum":0},"hoursOfOperation":{"operatingHours":[{"dayOfWeek":0,"startTime":"00:00","endTime":"00:00","byNotam":false,"sunrise":false,"sunset":false,"publicHolidaysExcluded":false},{"dayOfWeek":1,"startTime":"00:00","endTime":"00:00","byNotam":false,"sunrise":false,"sunset":false,"publicHolidaysExcluded":false},{"dayOfWeek":2,"startTime":"00:00","endTime":"00:00","byNotam":false,"sunrise":false,"sunset":false,"publicHolidaysExcluded":false},{"dayOfWeek":3,"startTime":"00:00","endTime":"00:00","byNotam":false,"sunrise":false,"sunset":false,"publicHolidaysExcluded":false},{"dayOfWeek":4,"startTime":"00:00","endTime":"00:00","byNotam":false,"sunrise":false,"sunset":false,"publicHolidaysExcluded":false},{"dayOfWeek":5,"startTime":"00:00","endTime":"00:00","byNotam":false,"sunrise":false,"sunset":false,"publicHolidaysExcluded":false},{"dayOfWeek":6,"startTime":"00:00","endTime":"00:00","byNotam":false,"sunrise":false,"sunset":false,"publicHolidaysExcluded":false}]},"deletable":true},"geometry":{"type":"Polygon","coordinates":[[[19.74611,46.82778],[19.73558,46.82834],[19.72429,46.82961],[19.71362,46.83143],[19.70362,46.83374],[19.69353,46.83673],[19.68843,46.83851],[19.68345,46.84043],[19.67424,46.84455],[19.66556,46.84917],[19.66011,46.84808],[19.65479,46.8467],[19.64965,46.84505],[19.64311,46.84244],[19.63847,46.8402],[19.6341,46.83772],[19.62873,46.83407],[19.62507,46.83111],[19.62175,46.82796],[19.61789,46.82352],[19.6147,46.81883],[19.61277,46.81518],[19.61124,46.81145],[19.61045,46.80892],[19.60985,46.80637],[19.60944,46.8038],[19.60921,46.80122],[19.60923,46.79735],[19.60968,46.79348],[19.61056,46.78965],[19.61137,46.78713],[19.61238,46.78464],[19.61356,46.78218],[19.61567,46.77859],[19.6191,46.77398],[19.62318,46.76964],[19.62788,46.7656],[19.63178,46.76279],[19.63455,46.76104],[19.63745,46.75938],[19.64201,46.75709],[19.64846,46.75441],[19.65354,46.7527],[19.65703,46.75171],[19.66419,46.7501],[19.67156,46.74899],[19.67905,46.7484],[19.68659,46.74832],[19.69035,46.74848],[19.69596,46.74896],[19.69967,46.74944],[19.70515,46.75041],[19.71226,46.75212],[19.71741,46.75373],[19.72074,46.75495],[19.7271,46.75772],[19.73159,46.76008],[19.73443,46.76178],[19.73973,46.76546],[19.74445,46.76949],[19.74855,46.77383],[19.7512,46.77725],[19.75275,46.77961],[19.75533,46.78447],[19.75634,46.78695],[19.75717,46.78948],[19.75807,46.7933],[19.75843,46.79588],[19.75861,46.79975],[19.75849,46.80233],[19.75819,46.80491],[19.75769,46.80747],[19.75701,46.81001],[19.75563,46.81377],[19.75315,46.81865],[19.74997,46.82334],[19.74611,46.82778]]]}}, {"type":"Feature","id":128,"properties":{"_id":"6994c8da2a624140943f6aac","createdBy":"eBT9qSrxquPVguazo7MwJzzaf2p1","createdAt":"2026-02-17T20:00:26.576Z","updatedBy":"eBT9qSrxquPVguazo7MwJzzaf2p1","updatedAt":"2026-02-17T20:05:42.601Z","name":"LHSDZLHNY NYIREGYHAZA","dataIngestion":true,"type":28,"icaoClass":8,"activity":0,"onDemand":false,"onRequest":false,"byNotam":false,"specialAgreement":false,"requestCompliance":false,"country":"HU","upperLimit":{"value":155,"unit":6,"referenceDatum":2},"lowerLimit":{"value":9500,"unit":1,"referenceDatum":1},"hoursOfOperation":{"operatingHours":[{"dayOfWeek":0,"startTime":"00:00","endTime":"00:00","byNotam":false,"sunrise":false,"sunset":false,"publicHolidaysExcluded":false},{"dayOfWeek":1,"startTime":"00:00","endTime":"00:00","byNotam":false,"sunrise":false,"sunset":false,"publicHolidaysExcluded":false},{"dayOfWeek":2,"startTime":"00:00","endTime":"00:00","byNotam":false,"sunrise":false,"sunset":false,"publicHolidaysExcluded":false},{"dayOfWeek":3,"startTime":"00:00","endTime":"00:00","byNotam":false,"sunrise":false,"sunset":false,"publicHolidaysExcluded":false},{"dayOfWeek":4,"startTime":"00:00","endTime":"00:00","byNotam":false,"sunrise":false,"sunset":false,"publicHolidaysExcluded":false},{"dayOfWeek":5,"startTime":"00:00","endTime":"00:00","byNotam":false,"sunrise":false,"sunset":false,"publicHolidaysExcluded":false},{"dayOfWeek":6,"startTime":"00:00","endTime":"00:00","byNotam":false,"sunrise":false,"sunset":false,"publicHolidaysExcluded":false}]},"deletable":true},"geometry":{"type":"Polygon","coordinates":[[[21.68333,48.07216],[21.67066,48.07176],[21.66227,48.07105],[21.64986,48.06933],[21.64174,48.06775],[21.63379,48.06583],[21.62988,48.06475],[21.62223,48.06234],[21.6185,48.06102],[21.61123,48.05814],[21.60424,48.05496],[21.59757,48.05149],[21.59436,48.04965],[21.5882,48.04578],[21.58527,48.04375],[21.57968,48.0395],[21.57451,48.03503],[21.56978,48.03036],[21.56757,48.02795],[21.56352,48.02299],[21.55993,48.01787],[21.55683,48.01262],[21.55547,48.00994],[21.55313,48.00451],[21.55215,48.00177],[21.55058,47.99621],[21.54954,47.99061],[21.54922,47.98779],[21.54896,47.98214],[21.54924,47.9765],[21.55005,47.97087],[21.55066,47.96807],[21.55225,47.96253],[21.55324,47.95978],[21.55561,47.95436],[21.55848,47.94904],[21.56184,47.94386],[21.5637,47.94133],[21.56778,47.93638],[21.57231,47.93161],[21.57474,47.9293],[21.57991,47.92484],[21.5855,47.92061],[21.58844,47.91858],[21.59459,47.91472],[21.60109,47.91113],[21.60446,47.90943],[21.61144,47.90626],[21.6187,47.90339],[21.62621,47.90083],[21.63395,47.89859],[21.64188,47.89668],[21.64591,47.89585],[21.65407,47.89444],[21.66235,47.89339],[21.67071,47.89268],[21.67912,47.89233],[21.68754,47.89233],[21.69595,47.89268],[21.70847,47.89387],[21.71669,47.8951],[21.72478,47.89668],[21.73271,47.89859],[21.74045,47.90083],[21.74796,47.90339],[21.75522,47.90626],[21.75875,47.90781],[21.76557,47.91113],[21.77207,47.91472],[21.77822,47.91858],[21.784,47.9227],[21.78939,47.92705],[21.79435,47.93161],[21.79888,47.93638],[21.80098,47.93883],[21.80482,47.94386],[21.80818,47.94904],[21.81105,47.95436],[21.81342,47.95978],[21.81527,47.96529],[21.81661,47.97087],[21.81742,47.9765],[21.8177,47.98214],[21.81764,47.98497],[21.81712,47.99061],[21.81608,47.99621],[21.81451,48.00177],[21.81242,48.00724],[21.80983,48.01262],[21.80673,48.01787],[21.80315,48.02299],[21.79909,48.02795],[21.79689,48.03036],[21.79215,48.03503],[21.78698,48.0395],[21.7814,48.04375],[21.77543,48.04775],[21.7723,48.04965],[21.7658,48.05326],[21.75896,48.05658],[21.75183,48.05961],[21.74443,48.06234],[21.73678,48.06475],[21.73287,48.06583],[21.72492,48.06775],[21.7168,48.06933],[21.70855,48.07056],[21.7002,48.07145],[21.69178,48.07198],[21.68333,48.07216]]]}}, {"type":"Feature","id":129,"properties":{"_id":"6994c8da2a624140943f6aaf","createdBy":"eBT9qSrxquPVguazo7MwJzzaf2p1","createdAt":"2026-02-17T20:00:26.595Z","updatedBy":"eBT9qSrxquPVguazo7MwJzzaf2p1","updatedAt":"2026-02-17T20:05:42.698Z","name":"LHSDZLHOY OCSENY","dataIngestion":true,"type":28,"icaoClass":8,"activity":0,"onDemand":false,"onRequest":false,"byNotam":false,"specialAgreement":false,"requestCompliance":false,"country":"HU","upperLimit":{"value":145,"unit":6,"referenceDatum":2},"lowerLimit":{"value":0,"unit":1,"referenceDatum":0},"hoursOfOperation":{"operatingHours":[{"dayOfWeek":0,"startTime":"00:00","endTime":"00:00","byNotam":false,"sunrise":false,"sunset":false,"publicHolidaysExcluded":false},{"dayOfWeek":1,"startTime":"00:00","endTime":"00:00","byNotam":false,"sunrise":false,"sunset":false,"publicHolidaysExcluded":false},{"dayOfWeek":2,"startTime":"00:00","endTime":"00:00","byNotam":false,"sunrise":false,"sunset":false,"publicHolidaysExcluded":false},{"dayOfWeek":3,"startTime":"00:00","endTime":"00:00","byNotam":false,"sunrise":false,"sunset":false,"publicHolidaysExcluded":false},{"dayOfWeek":4,"startTime":"00:00","endTime":"00:00","byNotam":false,"sunrise":false,"sunset":false,"publicHolidaysExcluded":false},{"dayOfWeek":5,"startTime":"00:00","endTime":"00:00","byNotam":false,"sunrise":false,"sunset":false,"publicHolidaysExcluded":false},{"dayOfWeek":6,"startTime":"00:00","endTime":"00:00","byNotam":false,"sunrise":false,"sunset":false,"publicHolidaysExcluded":false}]},"deletable":true},"geometry":{"type":"Polygon","coordinates":[[[18.76361,46.34525],[18.75756,46.34499],[18.75161,46.3442],[18.7487,46.34362],[18.74307,46.34208],[18.74037,46.34113],[18.73525,46.33889],[18.73058,46.33622],[18.72844,46.33474],[18.72644,46.33317],[18.72288,46.32978],[18.72134,46.32798],[18.71876,46.32419],[18.71774,46.32222],[18.71689,46.32022],[18.71623,46.31817],[18.71576,46.31611],[18.71548,46.31402],[18.71539,46.31193],[18.71548,46.30984],[18.71577,46.30776],[18.71624,46.30569],[18.71691,46.30365],[18.71775,46.30164],[18.71878,46.29967],[18.71999,46.29775],[18.72291,46.29408],[18.72461,46.29235],[18.72647,46.2907],[18.73061,46.28765],[18.73528,46.28499],[18.74039,46.28275],[18.74309,46.2818],[18.74587,46.28097],[18.75162,46.27968],[18.75757,46.27889],[18.76361,46.27863],[18.76965,46.27889],[18.7756,46.27968],[18.78135,46.28097],[18.78683,46.28275],[18.79194,46.28499],[18.79434,46.28627],[18.79875,46.28913],[18.80261,46.29235],[18.80586,46.29589],[18.80844,46.29967],[18.80947,46.30164],[18.81031,46.30365],[18.81098,46.30569],[18.81145,46.30776],[18.81174,46.30984],[18.81183,46.31193],[18.81174,46.31402],[18.81146,46.31611],[18.81099,46.31817],[18.81033,46.32022],[18.80948,46.32222],[18.80846,46.32419],[18.80588,46.32798],[18.80434,46.32978],[18.80078,46.33317],[18.79664,46.33622],[18.79197,46.33889],[18.78686,46.34113],[18.78415,46.34208],[18.77852,46.34362],[18.77561,46.3442],[18.76966,46.34499],[18.76361,46.34525]]]}}, {"type":"Feature","id":130,"properties":{"_id":"6994c8da2a624140943f6ab2","createdBy":"eBT9qSrxquPVguazo7MwJzzaf2p1","createdAt":"2026-02-17T20:00:26.612Z","updatedBy":"eBT9qSrxquPVguazo7MwJzzaf2p1","updatedAt":"2026-02-17T20:05:42.810Z","name":"LHSDZLHPR PER","dataIngestion":true,"type":28,"icaoClass":8,"activity":0,"onDemand":false,"onRequest":false,"byNotam":false,"specialAgreement":false,"requestCompliance":false,"country":"HU","upperLimit":{"value":125,"unit":6,"referenceDatum":2},"lowerLimit":{"value":9500,"unit":1,"referenceDatum":1},"hoursOfOperation":{"operatingHours":[{"dayOfWeek":0,"startTime":"00:00","endTime":"00:00","byNotam":false,"sunrise":false,"sunset":false,"publicHolidaysExcluded":false},{"dayOfWeek":1,"startTime":"00:00","endTime":"00:00","byNotam":false,"sunrise":false,"sunset":false,"publicHolidaysExcluded":false},{"dayOfWeek":2,"startTime":"00:00","endTime":"00:00","byNotam":false,"sunrise":false,"sunset":false,"publicHolidaysExcluded":false},{"dayOfWeek":3,"startTime":"00:00","endTime":"00:00","byNotam":false,"sunrise":false,"sunset":false,"publicHolidaysExcluded":false},{"dayOfWeek":4,"startTime":"00:00","endTime":"00:00","byNotam":false,"sunrise":false,"sunset":false,"publicHolidaysExcluded":false},{"dayOfWeek":5,"startTime":"00:00","endTime":"00:00","byNotam":false,"sunrise":false,"sunset":false,"publicHolidaysExcluded":false},{"dayOfWeek":6,"startTime":"00:00","endTime":"00:00","byNotam":false,"sunrise":false,"sunset":false,"publicHolidaysExcluded":false}]},"deletable":true},"geometry":{"type":"Polygon","coordinates":[[[17.80833,47.69384],[17.79902,47.69355],[17.79285,47.69302],[17.78372,47.69175],[17.77775,47.69058],[17.76903,47.68836],[17.7634,47.68657],[17.75531,47.68346],[17.75017,47.6811],[17.74526,47.67854],[17.73837,47.67431],[17.73412,47.67125],[17.7283,47.66635],[17.72319,47.6611],[17.7202,47.65743],[17.71638,47.65171],[17.71428,47.64777],[17.71255,47.64375],[17.71183,47.64171],[17.71067,47.6376],[17.70991,47.63345],[17.70967,47.63136],[17.70948,47.62718],[17.70953,47.62509],[17.70993,47.62091],[17.71071,47.61676],[17.71188,47.61265],[17.71261,47.61061],[17.71435,47.60659],[17.71536,47.60462],[17.71765,47.60073],[17.72176,47.59509],[17.72492,47.59149],[17.73028,47.58636],[17.73424,47.58314],[17.74072,47.57864],[17.74538,47.57587],[17.75283,47.57211],[17.75806,47.56987],[17.7635,47.56785],[17.76912,47.56607],[17.77489,47.56453],[17.78079,47.56324],[17.78679,47.5622],[17.79596,47.56112],[17.80213,47.56073],[17.80833,47.5606],[17.81453,47.56073],[17.8207,47.56112],[17.82987,47.5622],[17.83588,47.56324],[17.84177,47.56453],[17.85037,47.56693],[17.8559,47.56883],[17.86124,47.57096],[17.86637,47.57331],[17.87128,47.57587],[17.87594,47.57864],[17.88033,47.58159],[17.88444,47.58473],[17.88824,47.58803],[17.89174,47.59149],[17.8949,47.59509],[17.89773,47.59882],[17.9002,47.60266],[17.90231,47.60659],[17.90322,47.60859],[17.90478,47.61265],[17.90595,47.61676],[17.90673,47.62091],[17.90713,47.62509],[17.90718,47.62718],[17.90699,47.63136],[17.90642,47.63553],[17.90545,47.63966],[17.90411,47.64375],[17.90238,47.64777],[17.90028,47.65171],[17.89782,47.65555],[17.89347,47.6611],[17.89015,47.66464],[17.8865,47.66803],[17.88045,47.6728],[17.87606,47.67577],[17.8714,47.67854],[17.86395,47.68231],[17.85871,47.68455],[17.85326,47.68657],[17.84764,47.68836],[17.84186,47.6899],[17.83294,47.69175],[17.82688,47.69266],[17.82074,47.69332],[17.81455,47.69371],[17.80833,47.69384]]]}}, {"type":"Feature","id":131,"properties":{"_id":"6994c8da2a624140943f6ab5","createdBy":"eBT9qSrxquPVguazo7MwJzzaf2p1","createdAt":"2026-02-17T20:00:26.633Z","updatedBy":"eBT9qSrxquPVguazo7MwJzzaf2p1","updatedAt":"2026-02-17T20:05:42.928Z","name":"LHSDZLHSK KILITI SKYDIVE BALATON","dataIngestion":true,"type":28,"icaoClass":8,"activity":0,"onDemand":false,"onRequest":false,"byNotam":false,"specialAgreement":false,"requestCompliance":false,"country":"HU","upperLimit":{"value":155,"unit":6,"referenceDatum":2},"lowerLimit":{"value":0,"unit":1,"referenceDatum":0},"hoursOfOperation":{"operatingHours":[{"dayOfWeek":0,"startTime":"00:00","endTime":"00:00","byNotam":false,"sunrise":false,"sunset":false,"publicHolidaysExcluded":false},{"dayOfWeek":1,"startTime":"00:00","endTime":"00:00","byNotam":false,"sunrise":false,"sunset":false,"publicHolidaysExcluded":false},{"dayOfWeek":2,"startTime":"00:00","endTime":"00:00","byNotam":false,"sunrise":false,"sunset":false,"publicHolidaysExcluded":false},{"dayOfWeek":3,"startTime":"00:00","endTime":"00:00","byNotam":false,"sunrise":false,"sunset":false,"publicHolidaysExcluded":false},{"dayOfWeek":4,"startTime":"00:00","endTime":"00:00","byNotam":false,"sunrise":false,"sunset":false,"publicHolidaysExcluded":false},{"dayOfWeek":5,"startTime":"00:00","endTime":"00:00","byNotam":false,"sunrise":false,"sunset":false,"publicHolidaysExcluded":false},{"dayOfWeek":6,"startTime":"00:00","endTime":"00:00","byNotam":false,"sunrise":false,"sunset":false,"publicHolidaysExcluded":false}]},"deletable":true},"geometry":{"type":"Polygon","coordinates":[[[18.0975,46.95521],[18.08831,46.95502],[18.07915,46.95442],[18.0746,46.95398],[18.07007,46.95344],[18.06109,46.95207],[18.05226,46.95031],[18.04791,46.94929],[18.03936,46.94698],[18.03517,46.94569],[18.02699,46.94283],[18.01907,46.93963],[18.01523,46.9379],[18.0078,46.93421],[18.00073,46.9302],[17.99733,46.92808],[17.99084,46.92364],[17.98477,46.91892],[17.97915,46.91396],[17.97651,46.91139],[17.97399,46.90876],[17.96933,46.90335],[17.96718,46.90057],[17.96329,46.89489],[17.95992,46.88905],[17.95844,46.88608],[17.95589,46.88005],[17.95391,46.87392],[17.95249,46.86771],[17.95199,46.86459],[17.95143,46.85833],[17.95145,46.85205],[17.95167,46.84891],[17.95204,46.84578],[17.95321,46.83956],[17.954,46.83647],[17.95602,46.83034],[17.95724,46.82731],[17.96009,46.82135],[17.96348,46.81551],[17.9674,46.80984],[17.97184,46.80434],[17.97424,46.80167],[17.97941,46.79648],[17.98216,46.79397],[17.98802,46.78914],[17.99111,46.78682],[17.9976,46.78239],[18.00448,46.77824],[18.00806,46.77628],[18.01549,46.7726],[18.02323,46.76924],[18.02721,46.76769],[18.03127,46.76622],[18.03956,46.76355],[18.04809,46.76125],[18.0568,46.75931],[18.06122,46.75848],[18.07017,46.75711],[18.07922,46.75613],[18.08834,46.75554],[18.0975,46.75535],[18.10666,46.75554],[18.11578,46.75613],[18.12483,46.75711],[18.13378,46.75848],[18.1382,46.75931],[18.14691,46.76125],[18.15544,46.76355],[18.16373,46.76622],[18.16779,46.76769],[18.17568,46.77088],[18.18327,46.7744],[18.19052,46.77824],[18.1974,46.78239],[18.20389,46.78682],[18.20698,46.78914],[18.21284,46.79397],[18.21824,46.79905],[18.22316,46.80434],[18.2276,46.80984],[18.23152,46.81551],[18.23491,46.82135],[18.23776,46.82731],[18.23898,46.83034],[18.241,46.83647],[18.24179,46.83956],[18.24296,46.84578],[18.24355,46.85205],[18.24357,46.85833],[18.24301,46.86459],[18.24188,46.87082],[18.24017,46.87699],[18.2379,46.88307],[18.23508,46.88905],[18.23171,46.89489],[18.22983,46.89775],[18.22567,46.90335],[18.22101,46.90876],[18.21849,46.91139],[18.2131,46.91647],[18.20725,46.92131],[18.20097,46.9259],[18.19428,46.9302],[18.1872,46.93421],[18.18353,46.9361],[18.17593,46.93963],[18.16802,46.94283],[18.15983,46.94569],[18.15139,46.94818],[18.14274,46.95031],[18.13391,46.95207],[18.12944,46.9528],[18.1204,46.95398],[18.11585,46.95442],[18.10669,46.95502],[18.0975,46.95521]]]}}, {"type":"Feature","id":132,"properties":{"_id":"6994c8da2a624140943f6ab8","createdBy":"eBT9qSrxquPVguazo7MwJzzaf2p1","createdAt":"2026-02-17T20:00:26.652Z","updatedBy":"eBT9qSrxquPVguazo7MwJzzaf2p1","updatedAt":"2026-02-17T20:05:43.042Z","name":"LHSDZLHTL TOKOL","dataIngestion":true,"type":28,"icaoClass":8,"activity":0,"onDemand":false,"onRequest":false,"byNotam":false,"specialAgreement":false,"requestCompliance":false,"country":"HU","upperLimit":{"value":145,"unit":6,"referenceDatum":2},"lowerLimit":{"value":3500,"unit":1,"referenceDatum":1},"hoursOfOperation":{"operatingHours":[{"dayOfWeek":0,"startTime":"00:00","endTime":"00:00","byNotam":false,"sunrise":false,"sunset":false,"publicHolidaysExcluded":false},{"dayOfWeek":1,"startTime":"00:00","endTime":"00:00","byNotam":false,"sunrise":false,"sunset":false,"publicHolidaysExcluded":false},{"dayOfWeek":2,"startTime":"00:00","endTime":"00:00","byNotam":false,"sunrise":false,"sunset":false,"publicHolidaysExcluded":false},{"dayOfWeek":3,"startTime":"00:00","endTime":"00:00","byNotam":false,"sunrise":false,"sunset":false,"publicHolidaysExcluded":false},{"dayOfWeek":4,"startTime":"00:00","endTime":"00:00","byNotam":false,"sunrise":false,"sunset":false,"publicHolidaysExcluded":false},{"dayOfWeek":5,"startTime":"00:00","endTime":"00:00","byNotam":false,"sunrise":false,"sunset":false,"publicHolidaysExcluded":false},{"dayOfWeek":6,"startTime":"00:00","endTime":"00:00","byNotam":false,"sunrise":false,"sunset":false,"publicHolidaysExcluded":false}]},"deletable":true},"geometry":{"type":"Polygon","coordinates":[[[18.98583,47.37192],[18.9819,47.3718],[18.978,47.37142],[18.97417,47.3708],[18.97044,47.36994],[18.96685,47.36884],[18.96343,47.36751],[18.96021,47.36598],[18.95721,47.36425],[18.95447,47.36233],[18.95201,47.36025],[18.94985,47.35802],[18.94801,47.35566],[18.94651,47.35319],[18.94535,47.35064],[18.94456,47.34803],[18.94413,47.34538],[18.94406,47.34271],[18.94438,47.34005],[18.94506,47.33743],[18.9461,47.33485],[18.94749,47.33236],[18.94922,47.32996],[18.95128,47.32769],[18.95364,47.32556],[18.95629,47.32359],[18.95921,47.32179],[18.96235,47.32019],[18.96571,47.3188],[18.96924,47.31762],[18.97292,47.31668],[18.97672,47.31598],[18.9806,47.31552],[18.98452,47.31531],[18.98845,47.31535],[18.99236,47.31564],[18.99622,47.31619],[18.99998,47.31697],[19.00361,47.31799],[19.00709,47.31924],[19.01038,47.3207],[19.01345,47.32237],[19.01628,47.32422],[19.01884,47.32625],[19.0211,47.32843],[19.02305,47.33075],[19.02467,47.33318],[19.02595,47.3357],[19.02687,47.3383],[19.02743,47.34094],[19.02762,47.3436],[19.02743,47.34627],[19.02688,47.34891],[19.02596,47.3515],[19.02469,47.35403],[19.02307,47.35646],[19.02112,47.35878],[19.01886,47.36096],[19.0163,47.36299],[19.01348,47.36485],[19.0104,47.36651],[19.00711,47.36798],[19.00363,47.36923],[18.99999,47.37025],[18.99623,47.37103],[18.99237,47.37158],[18.98583,47.37192]]]}}, {"type":"Feature","id":133,"properties":{"_id":"6994c8da2a624140943f6abb","createdBy":"eBT9qSrxquPVguazo7MwJzzaf2p1","createdAt":"2026-02-17T20:00:26.666Z","updatedBy":"eBT9qSrxquPVguazo7MwJzzaf2p1","updatedAt":"2026-02-17T20:05:43.153Z","name":"LHSDZLHUD SZEGED","dataIngestion":true,"type":28,"icaoClass":8,"activity":0,"onDemand":false,"onRequest":false,"byNotam":false,"specialAgreement":false,"requestCompliance":false,"country":"HU","upperLimit":{"value":135,"unit":6,"referenceDatum":2},"lowerLimit":{"value":9500,"unit":1,"referenceDatum":1},"hoursOfOperation":{"operatingHours":[{"dayOfWeek":0,"startTime":"00:00","endTime":"00:00","byNotam":false,"sunrise":false,"sunset":false,"publicHolidaysExcluded":false},{"dayOfWeek":1,"startTime":"00:00","endTime":"00:00","byNotam":false,"sunrise":false,"sunset":false,"publicHolidaysExcluded":false},{"dayOfWeek":2,"startTime":"00:00","endTime":"00:00","byNotam":false,"sunrise":false,"sunset":false,"publicHolidaysExcluded":false},{"dayOfWeek":3,"startTime":"00:00","endTime":"00:00","byNotam":false,"sunrise":false,"sunset":false,"publicHolidaysExcluded":false},{"dayOfWeek":4,"startTime":"00:00","endTime":"00:00","byNotam":false,"sunrise":false,"sunset":false,"publicHolidaysExcluded":false},{"dayOfWeek":5,"startTime":"00:00","endTime":"00:00","byNotam":false,"sunrise":false,"sunset":false,"publicHolidaysExcluded":false},{"dayOfWeek":6,"startTime":"00:00","endTime":"00:00","byNotam":false,"sunrise":false,"sunset":false,"publicHolidaysExcluded":false}]},"deletable":true},"geometry":{"type":"Polygon","coordinates":[[[20,46.25],[20.09056,46.20472],[20.12278,46.28833],[20,46.28917],[20,46.25]]]}}, {"type":"Feature","id":134,"properties":{"_id":"6994c8da2a624140943f6a2b","createdBy":"eBT9qSrxquPVguazo7MwJzzaf2p1","createdAt":"2026-02-17T20:00:26.096Z","updatedBy":"eBT9qSrxquPVguazo7MwJzzaf2p1","updatedAt":"2026-02-17T20:05:36.699Z","name":"LHSG100 GLIDER AREA100","dataIngestion":true,"type":21,"icaoClass":8,"activity":0,"onDemand":false,"onRequest":false,"byNotam":false,"specialAgreement":false,"requestCompliance":false,"country":"HU","upperLimit":{"value":4500,"unit":1,"referenceDatum":1},"lowerLimit":{"value":3500,"unit":1,"referenceDatum":1},"hoursOfOperation":{"operatingHours":[{"dayOfWeek":0,"startTime":"00:00","endTime":"00:00","byNotam":false,"sunrise":false,"sunset":false,"publicHolidaysExcluded":false},{"dayOfWeek":1,"startTime":"00:00","endTime":"00:00","byNotam":false,"sunrise":false,"sunset":false,"publicHolidaysExcluded":false},{"dayOfWeek":2,"startTime":"00:00","endTime":"00:00","byNotam":false,"sunrise":false,"sunset":false,"publicHolidaysExcluded":false},{"dayOfWeek":3,"startTime":"00:00","endTime":"00:00","byNotam":false,"sunrise":false,"sunset":false,"publicHolidaysExcluded":false},{"dayOfWeek":4,"startTime":"00:00","endTime":"00:00","byNotam":false,"sunrise":false,"sunset":false,"publicHolidaysExcluded":false},{"dayOfWeek":5,"startTime":"00:00","endTime":"00:00","byNotam":false,"sunrise":false,"sunset":false,"publicHolidaysExcluded":false},{"dayOfWeek":6,"startTime":"00:00","endTime":"00:00","byNotam":false,"sunrise":false,"sunset":false,"publicHolidaysExcluded":false}]},"deletable":true},"geometry":{"type":"Polygon","coordinates":[[[19.15139,47.77667],[19.1025,47.71694],[19.27083,47.61833],[19.35,47.63333],[19.38917,47.63639],[19.15139,47.77667]]]}}, {"type":"Feature","id":135,"properties":{"_id":"6994c8da2a624140943f6a2e","createdBy":"eBT9qSrxquPVguazo7MwJzzaf2p1","createdAt":"2026-02-17T20:00:26.108Z","updatedBy":"eBT9qSrxquPVguazo7MwJzzaf2p1","updatedAt":"2026-02-17T20:05:36.808Z","name":"LHSG101 GLIDER AREA101","dataIngestion":true,"type":21,"icaoClass":8,"activity":0,"onDemand":false,"onRequest":false,"byNotam":false,"specialAgreement":false,"requestCompliance":false,"country":"HU","upperLimit":{"value":5500,"unit":1,"referenceDatum":1},"lowerLimit":{"value":3500,"unit":1,"referenceDatum":1},"hoursOfOperation":{"operatingHours":[{"dayOfWeek":0,"startTime":"00:00","endTime":"00:00","byNotam":false,"sunrise":false,"sunset":false,"publicHolidaysExcluded":false},{"dayOfWeek":1,"startTime":"00:00","endTime":"00:00","byNotam":false,"sunrise":false,"sunset":false,"publicHolidaysExcluded":false},{"dayOfWeek":2,"startTime":"00:00","endTime":"00:00","byNotam":false,"sunrise":false,"sunset":false,"publicHolidaysExcluded":false},{"dayOfWeek":3,"startTime":"00:00","endTime":"00:00","byNotam":false,"sunrise":false,"sunset":false,"publicHolidaysExcluded":false},{"dayOfWeek":4,"startTime":"00:00","endTime":"00:00","byNotam":false,"sunrise":false,"sunset":false,"publicHolidaysExcluded":false},{"dayOfWeek":5,"startTime":"00:00","endTime":"00:00","byNotam":false,"sunrise":false,"sunset":false,"publicHolidaysExcluded":false},{"dayOfWeek":6,"startTime":"00:00","endTime":"00:00","byNotam":false,"sunrise":false,"sunset":false,"publicHolidaysExcluded":false}]},"deletable":true},"geometry":{"type":"Polygon","coordinates":[[[19.20083,47.85222],[19.07556,47.82056],[19.15139,47.77667],[19.38917,47.63639],[19.53111,47.64694],[19.20083,47.85222]]]}}, {"type":"Feature","id":136,"properties":{"_id":"6994c8da2a624140943f6a31","createdBy":"eBT9qSrxquPVguazo7MwJzzaf2p1","createdAt":"2026-02-17T20:00:26.119Z","updatedBy":"eBT9qSrxquPVguazo7MwJzzaf2p1","updatedAt":"2026-02-17T20:05:36.917Z","name":"LHSG102/S GLIDER AREA102/S","dataIngestion":true,"type":21,"icaoClass":8,"activity":0,"onDemand":false,"onRequest":false,"byNotam":false,"specialAgreement":false,"requestCompliance":false,"country":"HU","upperLimit":{"value":6500,"unit":1,"referenceDatum":1},"lowerLimit":{"value":5500,"unit":1,"referenceDatum":1},"hoursOfOperation":{"operatingHours":[{"dayOfWeek":0,"startTime":"00:00","endTime":"00:00","byNotam":false,"sunrise":false,"sunset":false,"publicHolidaysExcluded":false},{"dayOfWeek":1,"startTime":"00:00","endTime":"00:00","byNotam":false,"sunrise":false,"sunset":false,"publicHolidaysExcluded":false},{"dayOfWeek":2,"startTime":"00:00","endTime":"00:00","byNotam":false,"sunrise":false,"sunset":false,"publicHolidaysExcluded":false},{"dayOfWeek":3,"startTime":"00:00","endTime":"00:00","byNotam":false,"sunrise":false,"sunset":false,"publicHolidaysExcluded":false},{"dayOfWeek":4,"startTime":"00:00","endTime":"00:00","byNotam":false,"sunrise":false,"sunset":false,"publicHolidaysExcluded":false},{"dayOfWeek":5,"startTime":"00:00","endTime":"00:00","byNotam":false,"sunrise":false,"sunset":false,"publicHolidaysExcluded":false},{"dayOfWeek":6,"startTime":"00:00","endTime":"00:00","byNotam":false,"sunrise":false,"sunset":false,"publicHolidaysExcluded":false}]},"deletable":true},"geometry":{"type":"Polygon","coordinates":[[[19.33639,47.88667],[19.20083,47.85222],[19.53111,47.64694],[19.70444,47.65972],[19.33639,47.88667]]]}}, {"type":"Feature","id":137,"properties":{"_id":"6994c8da2a624140943f6a34","createdBy":"eBT9qSrxquPVguazo7MwJzzaf2p1","createdAt":"2026-02-17T20:00:26.130Z","updatedBy":"eBT9qSrxquPVguazo7MwJzzaf2p1","updatedAt":"2026-02-17T20:05:37.022Z","name":"LHSG102/V GLIDER AREA102/V","dataIngestion":true,"type":21,"icaoClass":8,"activity":0,"onDemand":false,"onRequest":false,"byNotam":false,"specialAgreement":false,"requestCompliance":false,"country":"HU","upperLimit":{"value":6500,"unit":1,"referenceDatum":1},"lowerLimit":{"value":5500,"unit":1,"referenceDatum":1},"hoursOfOperation":{"operatingHours":[{"dayOfWeek":0,"startTime":"00:00","endTime":"00:00","byNotam":false,"sunrise":false,"sunset":false,"publicHolidaysExcluded":false},{"dayOfWeek":1,"startTime":"00:00","endTime":"00:00","byNotam":false,"sunrise":false,"sunset":false,"publicHolidaysExcluded":false},{"dayOfWeek":2,"startTime":"00:00","endTime":"00:00","byNotam":false,"sunrise":false,"sunset":false,"publicHolidaysExcluded":false},{"dayOfWeek":3,"startTime":"00:00","endTime":"00:00","byNotam":false,"sunrise":false,"sunset":false,"publicHolidaysExcluded":false},{"dayOfWeek":4,"startTime":"00:00","endTime":"00:00","byNotam":false,"sunrise":false,"sunset":false,"publicHolidaysExcluded":false},{"dayOfWeek":5,"startTime":"00:00","endTime":"00:00","byNotam":false,"sunrise":false,"sunset":false,"publicHolidaysExcluded":false},{"dayOfWeek":6,"startTime":"00:00","endTime":"00:00","byNotam":false,"sunrise":false,"sunset":false,"publicHolidaysExcluded":false}]},"deletable":true},"geometry":{"type":"Polygon","coordinates":[[[19.33639,47.88667],[19.20083,47.85222],[19.53111,47.64694],[19.70444,47.65972],[19.33639,47.88667]]]}}, {"type":"Feature","id":138,"properties":{"_id":"6994c8da2a624140943f6a37","createdBy":"eBT9qSrxquPVguazo7MwJzzaf2p1","createdAt":"2026-02-17T20:00:26.141Z","updatedBy":"eBT9qSrxquPVguazo7MwJzzaf2p1","updatedAt":"2026-02-17T20:05:37.140Z","name":"LHSG103/S GLIDER AREA103/S","dataIngestion":true,"type":21,"icaoClass":8,"activity":0,"onDemand":false,"onRequest":false,"byNotam":false,"specialAgreement":false,"requestCompliance":false,"country":"HU","upperLimit":{"value":7500,"unit":1,"referenceDatum":1},"lowerLimit":{"value":5500,"unit":1,"referenceDatum":1},"hoursOfOperation":{"operatingHours":[{"dayOfWeek":0,"startTime":"00:00","endTime":"00:00","byNotam":false,"sunrise":false,"sunset":false,"publicHolidaysExcluded":false},{"dayOfWeek":1,"startTime":"00:00","endTime":"00:00","byNotam":false,"sunrise":false,"sunset":false,"publicHolidaysExcluded":false},{"dayOfWeek":2,"startTime":"00:00","endTime":"00:00","byNotam":false,"sunrise":false,"sunset":false,"publicHolidaysExcluded":false},{"dayOfWeek":3,"startTime":"00:00","endTime":"00:00","byNotam":false,"sunrise":false,"sunset":false,"publicHolidaysExcluded":false},{"dayOfWeek":4,"startTime":"00:00","endTime":"00:00","byNotam":false,"sunrise":false,"sunset":false,"publicHolidaysExcluded":false},{"dayOfWeek":5,"startTime":"00:00","endTime":"00:00","byNotam":false,"sunrise":false,"sunset":false,"publicHolidaysExcluded":false},{"dayOfWeek":6,"startTime":"00:00","endTime":"00:00","byNotam":false,"sunrise":false,"sunset":false,"publicHolidaysExcluded":false}]},"deletable":true},"geometry":{"type":"Polygon","coordinates":[[[19.56889,47.94556],[19.33639,47.88667],[19.70444,47.65972],[19.99444,47.68111],[19.77444,47.81833],[19.56889,47.94556]]]}}, {"type":"Feature","id":139,"properties":{"_id":"6994c8da2a624140943f6a3a","createdBy":"eBT9qSrxquPVguazo7MwJzzaf2p1","createdAt":"2026-02-17T20:00:26.152Z","updatedBy":"eBT9qSrxquPVguazo7MwJzzaf2p1","updatedAt":"2026-02-17T20:05:37.263Z","name":"LHSG103/V GLIDER AREA103/V","dataIngestion":true,"type":21,"icaoClass":8,"activity":0,"onDemand":false,"onRequest":false,"byNotam":false,"specialAgreement":false,"requestCompliance":false,"country":"HU","upperLimit":{"value":7500,"unit":1,"referenceDatum":1},"lowerLimit":{"value":5500,"unit":1,"referenceDatum":1},"hoursOfOperation":{"operatingHours":[{"dayOfWeek":0,"startTime":"00:00","endTime":"00:00","byNotam":false,"sunrise":false,"sunset":false,"publicHolidaysExcluded":false},{"dayOfWeek":1,"startTime":"00:00","endTime":"00:00","byNotam":false,"sunrise":false,"sunset":false,"publicHolidaysExcluded":false},{"dayOfWeek":2,"startTime":"00:00","endTime":"00:00","byNotam":false,"sunrise":false,"sunset":false,"publicHolidaysExcluded":false},{"dayOfWeek":3,"startTime":"00:00","endTime":"00:00","byNotam":false,"sunrise":false,"sunset":false,"publicHolidaysExcluded":false},{"dayOfWeek":4,"startTime":"00:00","endTime":"00:00","byNotam":false,"sunrise":false,"sunset":false,"publicHolidaysExcluded":false},{"dayOfWeek":5,"startTime":"00:00","endTime":"00:00","byNotam":false,"sunrise":false,"sunset":false,"publicHolidaysExcluded":false},{"dayOfWeek":6,"startTime":"00:00","endTime":"00:00","byNotam":false,"sunrise":false,"sunset":false,"publicHolidaysExcluded":false}]},"deletable":true},"geometry":{"type":"Polygon","coordinates":[[[19.56889,47.94556],[19.33639,47.88667],[19.70444,47.65972],[19.99444,47.68111],[19.77444,47.81833],[19.56889,47.94556]]]}}, {"type":"Feature","id":140,"properties":{"_id":"6994c8da2a624140943f6a3d","createdBy":"eBT9qSrxquPVguazo7MwJzzaf2p1","createdAt":"2026-02-17T20:00:26.164Z","updatedBy":"eBT9qSrxquPVguazo7MwJzzaf2p1","updatedAt":"2026-02-17T20:05:37.379Z","name":"LHSG110 GLIDER AREA110","dataIngestion":true,"type":21,"icaoClass":8,"activity":0,"onDemand":false,"onRequest":false,"byNotam":false,"specialAgreement":false,"requestCompliance":false,"country":"HU","upperLimit":{"value":6500,"unit":1,"referenceDatum":1},"lowerLimit":{"value":0,"unit":1,"referenceDatum":0},"hoursOfOperation":{"operatingHours":[{"dayOfWeek":0,"startTime":"00:00","endTime":"00:00","byNotam":false,"sunrise":false,"sunset":false,"publicHolidaysExcluded":false},{"dayOfWeek":1,"startTime":"00:00","endTime":"00:00","byNotam":false,"sunrise":false,"sunset":false,"publicHolidaysExcluded":false},{"dayOfWeek":2,"startTime":"00:00","endTime":"00:00","byNotam":false,"sunrise":false,"sunset":false,"publicHolidaysExcluded":false},{"dayOfWeek":3,"startTime":"00:00","endTime":"00:00","byNotam":false,"sunrise":false,"sunset":false,"publicHolidaysExcluded":false},{"dayOfWeek":4,"startTime":"00:00","endTime":"00:00","byNotam":false,"sunrise":false,"sunset":false,"publicHolidaysExcluded":false},{"dayOfWeek":5,"startTime":"00:00","endTime":"00:00","byNotam":false,"sunrise":false,"sunset":false,"publicHolidaysExcluded":false},{"dayOfWeek":6,"startTime":"00:00","endTime":"00:00","byNotam":false,"sunrise":false,"sunset":false,"publicHolidaysExcluded":false}]},"deletable":true},"geometry":{"type":"Polygon","coordinates":[[[18.85194,47.82306],[18.85194,47.82278],[18.84889,47.82028],[18.84833,47.81833],[18.83972,47.81694],[18.81694,47.81833],[18.80972,47.82083],[18.79278,47.82306],[18.77278,47.82],[18.76611,47.81694],[18.74194,47.81361],[18.73333,47.80889],[18.73056,47.80222],[18.73028,47.79417],[18.72556,47.78889],[18.71444,47.78333],[18.70833,47.78222],[18.69889,47.77583],[18.67278,47.76556],[18.65917,47.76167],[18.65778,47.76139],[18.65778,47.61472],[18.85778,47.76306],[18.93694,47.82194],[18.85194,47.82306]]]}}, {"type":"Feature","id":141,"properties":{"_id":"6994c8da2a624140943f6a40","createdBy":"eBT9qSrxquPVguazo7MwJzzaf2p1","createdAt":"2026-02-17T20:00:26.175Z","updatedBy":"eBT9qSrxquPVguazo7MwJzzaf2p1","updatedAt":"2026-02-17T20:05:37.482Z","name":"LHSG111 GLIDER AREA111","dataIngestion":true,"type":21,"icaoClass":8,"activity":0,"onDemand":false,"onRequest":false,"byNotam":false,"specialAgreement":false,"requestCompliance":false,"country":"HU","upperLimit":{"value":6500,"unit":1,"referenceDatum":1},"lowerLimit":{"value":5500,"unit":1,"referenceDatum":1},"hoursOfOperation":{"operatingHours":[{"dayOfWeek":0,"startTime":"00:00","endTime":"00:00","byNotam":false,"sunrise":false,"sunset":false,"publicHolidaysExcluded":false},{"dayOfWeek":1,"startTime":"00:00","endTime":"00:00","byNotam":false,"sunrise":false,"sunset":false,"publicHolidaysExcluded":false},{"dayOfWeek":2,"startTime":"00:00","endTime":"00:00","byNotam":false,"sunrise":false,"sunset":false,"publicHolidaysExcluded":false},{"dayOfWeek":3,"startTime":"00:00","endTime":"00:00","byNotam":false,"sunrise":false,"sunset":false,"publicHolidaysExcluded":false},{"dayOfWeek":4,"startTime":"00:00","endTime":"00:00","byNotam":false,"sunrise":false,"sunset":false,"publicHolidaysExcluded":false},{"dayOfWeek":5,"startTime":"00:00","endTime":"00:00","byNotam":false,"sunrise":false,"sunset":false,"publicHolidaysExcluded":false},{"dayOfWeek":6,"startTime":"00:00","endTime":"00:00","byNotam":false,"sunrise":false,"sunset":false,"publicHolidaysExcluded":false}]},"deletable":true},"geometry":{"type":"Polygon","coordinates":[[[18.65778,47.76139],[18.64611,47.75889],[18.6375,47.75917],[18.61806,47.7575],[18.59917,47.76],[18.57389,47.76472],[18.56083,47.76583],[18.55083,47.76417],[18.5375,47.76389],[18.52694,47.75861],[18.50278,47.75333],[18.49,47.75278],[18.48417,47.755],[18.46833,47.76333],[18.46833,47.47417],[18.53778,47.49889],[18.65778,47.54194],[18.65778,47.76139]]]}}, {"type":"Feature","id":142,"properties":{"_id":"6994c8da2a624140943f6a43","createdBy":"eBT9qSrxquPVguazo7MwJzzaf2p1","createdAt":"2026-02-17T20:00:26.188Z","updatedBy":"eBT9qSrxquPVguazo7MwJzzaf2p1","updatedAt":"2026-02-17T20:05:37.611Z","name":"LHSG112 GLIDER AREA112","dataIngestion":true,"type":21,"icaoClass":8,"activity":0,"onDemand":false,"onRequest":false,"byNotam":false,"specialAgreement":false,"requestCompliance":false,"country":"HU","upperLimit":{"value":6500,"unit":1,"referenceDatum":1},"lowerLimit":{"value":5500,"unit":1,"referenceDatum":1},"hoursOfOperation":{"operatingHours":[{"dayOfWeek":0,"startTime":"00:00","endTime":"00:00","byNotam":false,"sunrise":false,"sunset":false,"publicHolidaysExcluded":false},{"dayOfWeek":1,"startTime":"00:00","endTime":"00:00","byNotam":false,"sunrise":false,"sunset":false,"publicHolidaysExcluded":false},{"dayOfWeek":2,"startTime":"00:00","endTime":"00:00","byNotam":false,"sunrise":false,"sunset":false,"publicHolidaysExcluded":false},{"dayOfWeek":3,"startTime":"00:00","endTime":"00:00","byNotam":false,"sunrise":false,"sunset":false,"publicHolidaysExcluded":false},{"dayOfWeek":4,"startTime":"00:00","endTime":"00:00","byNotam":false,"sunrise":false,"sunset":false,"publicHolidaysExcluded":false},{"dayOfWeek":5,"startTime":"00:00","endTime":"00:00","byNotam":false,"sunrise":false,"sunset":false,"publicHolidaysExcluded":false},{"dayOfWeek":6,"startTime":"00:00","endTime":"00:00","byNotam":false,"sunrise":false,"sunset":false,"publicHolidaysExcluded":false}]},"deletable":true},"geometry":{"type":"Polygon","coordinates":[[[19.06056,48.05778],[19.06,48.0575],[19.05778,48.0575],[19.05222,48.06167],[19.04806,48.06528],[19.04444,48.06611],[19.04139,48.065],[19.03917,48.065],[19.03778,48.06472],[19.03667,48.06639],[19.03333,48.06417],[19.03333,48.06639],[19.03111,48.06778],[19.03028,48.06694],[19.02944,48.06861],[19.02722,48.07],[19.025,48.07222],[19.02194,48.07222],[19.02028,48.0725],[19.02083,48.07389],[19.0175,48.075],[19.01722,48.07583],[19.01444,48.07583],[19.01722,48.0775],[19.01472,48.07806],[19.01278,48.07611],[19.01056,48.07528],[19.00917,48.07611],[19.00917,48.07444],[19.0125,48.07333],[19.01056,48.07306],[19.00861,48.07361],[19.0075,48.0725],[19.00917,48.07056],[19.0075,48.07],[19.00472,48.06972],[18.99667,48.06806],[18.995,48.06694],[18.99167,48.06444],[18.99194,48.0625],[18.99028,48.06167],[18.9925,48.06083],[18.98972,48.05889],[18.99111,48.05778],[18.98806,48.05722],[18.98694,48.05583],[18.98417,48.055],[18.98222,48.05389],[18.98028,48.05361],[18.97611,48.05639],[18.97389,48.055],[18.97139,48.05583],[18.96972,48.0575],[18.96722,48.05694],[18.96528,48.05694],[18.96028,48.05833],[18.94722,48.05806],[18.93778,48.05861],[18.92778,48.05694],[18.91611,48.05278],[18.90889,48.05111],[18.89306,48.055],[18.89139,48.05417],[18.88944,48.05667],[18.88583,48.05722],[18.88333,48.05167],[18.885,48.05028],[18.88417,48.05056],[18.88278,48.05056],[18.88111,48.04944],[18.87806,48.04917],[18.87528,48.04861],[18.86,48.05],[18.85361,48.04778],[18.85167,48.04972],[18.84556,48.0525],[18.83778,48.04667],[18.82889,48.04139],[18.82194,48.0425],[18.82056,48.03833],[18.82139,48.03694],[18.82444,48.03583],[18.82583,48.03389],[18.82611,48.03056],[18.82389,48.02722],[18.81972,48.02444],[18.81639,48.0225],[18.81528,48.02083],[18.81722,48.015],[18.81694,48.01139],[18.81917,48.00917],[18.82083,48.00611],[18.81917,48.00333],[18.81722,48.00083],[18.8175,47.99861],[18.81556,47.99694],[18.8175,47.99639],[18.81333,47.99194],[18.80556,47.98722],[18.79917,47.985],[18.78583,47.98667],[18.77722,47.98417],[18.77417,47.98389],[18.76972,47.98528],[18.76639,47.98417],[18.76167,47.98056],[18.75667,47.97778],[18.755,47.97611],[18.75639,47.97083],[18.76472,47.96611],[18.77167,47.9625],[18.775,47.95722],[18.77639,47.95556],[18.77583,47.95333],[18.77222,47.95083],[18.77167,47.94833],[18.77278,47.94444],[18.77222,47.94139],[18.77333,47.93639],[18.77278,47.93194],[18.77028,47.92944],[18.76667,47.92667],[18.75972,47.92194],[18.75778,47.92],[18.75806,47.91583],[18.76167,47.91194],[18.7625,47.90944],[18.76111,47.90889],[18.75889,47.9075],[18.75861,47.90556],[18.75972,47.90417],[18.76194,47.90306],[18.76,47.90194],[18.75722,47.89861],[18.75667,47.89667],[18.76028,47.89556],[18.76111,47.89028],[18.76194,47.88917],[18.76444,47.88139],[18.76333,47.87778],[18.76389,47.875],[18.76333,47.87139],[18.7675,47.87194],[18.76917,47.87139],[18.76833,47.86889],[18.77028,47.86833],[18.77472,47.86861],[18.77722,47.86944],[18.77861,47.86917],[18.78083,47.86694],[18.78167,47.86528],[18.78528,47.86583],[18.79222,47.86528],[18.795,47.85917],[18.8025,47.85667],[18.8125,47.85556],[18.81556,47.85389],[18.82194,47.85],[18.82194,47.84583],[18.8225,47.84194],[18.82806,47.83722],[18.8275,47.83444],[18.83111,47.8325],[18.83778,47.82944],[18.84056,47.82861],[18.84861,47.82972],[18.85139,47.82972],[18.85194,47.82861],[18.85333,47.8275],[18.85583,47.82694],[18.85194,47.82278],[19.07556,47.82056],[19.33639,47.88667],[19.06056,48.05778]]]}}, {"type":"Feature","id":143,"properties":{"_id":"6994c8da2a624140943f6a46","createdBy":"eBT9qSrxquPVguazo7MwJzzaf2p1","createdAt":"2026-02-17T20:00:26.207Z","updatedBy":"eBT9qSrxquPVguazo7MwJzzaf2p1","updatedAt":"2026-02-17T20:05:37.756Z","name":"LHSG113/S GLIDER AREA113/S","dataIngestion":true,"type":21,"icaoClass":8,"activity":0,"onDemand":false,"onRequest":false,"byNotam":false,"specialAgreement":false,"requestCompliance":false,"country":"HU","upperLimit":{"value":7500,"unit":1,"referenceDatum":1},"lowerLimit":{"value":5500,"unit":1,"referenceDatum":1},"hoursOfOperation":{"operatingHours":[{"dayOfWeek":0,"startTime":"00:00","endTime":"00:00","byNotam":false,"sunrise":false,"sunset":false,"publicHolidaysExcluded":false},{"dayOfWeek":1,"startTime":"00:00","endTime":"00:00","byNotam":false,"sunrise":false,"sunset":false,"publicHolidaysExcluded":false},{"dayOfWeek":2,"startTime":"00:00","endTime":"00:00","byNotam":false,"sunrise":false,"sunset":false,"publicHolidaysExcluded":false},{"dayOfWeek":3,"startTime":"00:00","endTime":"00:00","byNotam":false,"sunrise":false,"sunset":false,"publicHolidaysExcluded":false},{"dayOfWeek":4,"startTime":"00:00","endTime":"00:00","byNotam":false,"sunrise":false,"sunset":false,"publicHolidaysExcluded":false},{"dayOfWeek":5,"startTime":"00:00","endTime":"00:00","byNotam":false,"sunrise":false,"sunset":false,"publicHolidaysExcluded":false},{"dayOfWeek":6,"startTime":"00:00","endTime":"00:00","byNotam":false,"sunrise":false,"sunset":false,"publicHolidaysExcluded":false}]},"deletable":true},"geometry":{"type":"Polygon","coordinates":[[[18.46833,47.76333],[18.45861,47.76472],[18.45056,47.76417],[18.43944,47.76],[18.42889,47.755],[18.38722,47.75],[18.37278,47.74472],[18.36611,47.74361],[18.32861,47.73639],[18.31083,47.73389],[18.29694,47.73139],[18.28778,47.73139],[18.27417,47.73361],[18.26806,47.73667],[18.25833,47.73861],[18.25861,47.48333],[18.27833,47.40583],[18.37833,47.44167],[18.46833,47.47417],[18.46833,47.76333]]]}}, {"type":"Feature","id":144,"properties":{"_id":"6994c8da2a624140943f6a49","createdBy":"eBT9qSrxquPVguazo7MwJzzaf2p1","createdAt":"2026-02-17T20:00:26.217Z","updatedBy":"eBT9qSrxquPVguazo7MwJzzaf2p1","updatedAt":"2026-02-17T20:05:37.872Z","name":"LHSG113/V GLIDER AREA113/V","dataIngestion":true,"type":21,"icaoClass":8,"activity":0,"onDemand":false,"onRequest":false,"byNotam":false,"specialAgreement":false,"requestCompliance":false,"country":"HU","upperLimit":{"value":7500,"unit":1,"referenceDatum":1},"lowerLimit":{"value":5500,"unit":1,"referenceDatum":1},"hoursOfOperation":{"operatingHours":[{"dayOfWeek":0,"startTime":"00:00","endTime":"00:00","byNotam":false,"sunrise":false,"sunset":false,"publicHolidaysExcluded":false},{"dayOfWeek":1,"startTime":"00:00","endTime":"00:00","byNotam":false,"sunrise":false,"sunset":false,"publicHolidaysExcluded":false},{"dayOfWeek":2,"startTime":"00:00","endTime":"00:00","byNotam":false,"sunrise":false,"sunset":false,"publicHolidaysExcluded":false},{"dayOfWeek":3,"startTime":"00:00","endTime":"00:00","byNotam":false,"sunrise":false,"sunset":false,"publicHolidaysExcluded":false},{"dayOfWeek":4,"startTime":"00:00","endTime":"00:00","byNotam":false,"sunrise":false,"sunset":false,"publicHolidaysExcluded":false},{"dayOfWeek":5,"startTime":"00:00","endTime":"00:00","byNotam":false,"sunrise":false,"sunset":false,"publicHolidaysExcluded":false},{"dayOfWeek":6,"startTime":"00:00","endTime":"00:00","byNotam":false,"sunrise":false,"sunset":false,"publicHolidaysExcluded":false}]},"deletable":true},"geometry":{"type":"Polygon","coordinates":[[[18.46833,47.76333],[18.45861,47.76472],[18.45056,47.76417],[18.43944,47.76],[18.42889,47.755],[18.38722,47.75],[18.37278,47.74472],[18.36611,47.74361],[18.32861,47.73639],[18.31083,47.73389],[18.29694,47.73139],[18.28778,47.73139],[18.27417,47.73361],[18.26806,47.73667],[18.25833,47.73861],[18.25861,47.48333],[18.27833,47.40583],[18.37833,47.44167],[18.46833,47.47417],[18.46833,47.76333]]]}}, {"type":"Feature","id":145,"properties":{"_id":"6994c8da2a624140943f6a4c","createdBy":"eBT9qSrxquPVguazo7MwJzzaf2p1","createdAt":"2026-02-17T20:00:26.228Z","updatedBy":"eBT9qSrxquPVguazo7MwJzzaf2p1","updatedAt":"2026-02-17T20:05:38.004Z","name":"LHSG114 GLIDER AREA114","dataIngestion":true,"type":21,"icaoClass":8,"activity":0,"onDemand":false,"onRequest":false,"byNotam":false,"specialAgreement":false,"requestCompliance":false,"country":"HU","upperLimit":{"value":7500,"unit":1,"referenceDatum":1},"lowerLimit":{"value":5500,"unit":1,"referenceDatum":1},"hoursOfOperation":{"operatingHours":[{"dayOfWeek":0,"startTime":"00:00","endTime":"00:00","byNotam":false,"sunrise":false,"sunset":false,"publicHolidaysExcluded":false},{"dayOfWeek":1,"startTime":"00:00","endTime":"00:00","byNotam":false,"sunrise":false,"sunset":false,"publicHolidaysExcluded":false},{"dayOfWeek":2,"startTime":"00:00","endTime":"00:00","byNotam":false,"sunrise":false,"sunset":false,"publicHolidaysExcluded":false},{"dayOfWeek":3,"startTime":"00:00","endTime":"00:00","byNotam":false,"sunrise":false,"sunset":false,"publicHolidaysExcluded":false},{"dayOfWeek":4,"startTime":"00:00","endTime":"00:00","byNotam":false,"sunrise":false,"sunset":false,"publicHolidaysExcluded":false},{"dayOfWeek":5,"startTime":"00:00","endTime":"00:00","byNotam":false,"sunrise":false,"sunset":false,"publicHolidaysExcluded":false},{"dayOfWeek":6,"startTime":"00:00","endTime":"00:00","byNotam":false,"sunrise":false,"sunset":false,"publicHolidaysExcluded":false}]},"deletable":true},"geometry":{"type":"Polygon","coordinates":[[[19.33806,48.08861],[19.32944,48.09028],[19.31639,48.08722],[19.31167,48.08722],[19.30306,48.08861],[19.28361,48.08194],[19.28,48.07611],[19.27583,48.07361],[19.26694,48.07417],[19.25722,48.07222],[19.25389,48.07028],[19.24944,48.06444],[19.24833,48.06167],[19.24778,48.0575],[19.24361,48.05417],[19.23944,48.05361],[19.22889,48.05611],[19.22639,48.05778],[19.22167,48.06222],[19.21694,48.06278],[19.21083,48.06417],[19.20444,48.06306],[19.20056,48.06306],[19.18806,48.06028],[19.18417,48.06139],[19.17917,48.06139],[19.17417,48.06333],[19.16722,48.06528],[19.15972,48.065],[19.15583,48.06556],[19.15028,48.06667],[19.145,48.06861],[19.14361,48.07167],[19.13917,48.0725],[19.13667,48.07361],[19.1325,48.07333],[19.12778,48.07361],[19.12444,48.07111],[19.12139,48.06972],[19.11889,48.06639],[19.11639,48.06611],[19.11139,48.06639],[19.10667,48.06556],[19.09889,48.06722],[19.09472,48.07],[19.0875,48.07278],[19.08333,48.07222],[19.07917,48.06944],[19.07833,48.06722],[19.07083,48.06472],[19.06917,48.065],[19.06694,48.06417],[19.06361,48.0625],[19.06,48.0575],[19.06056,48.05778],[19.33639,47.88667],[19.56889,47.94556],[19.33806,48.08861]]]}}, {"type":"Feature","id":146,"properties":{"_id":"6994c8da2a624140943f6a4f","createdBy":"eBT9qSrxquPVguazo7MwJzzaf2p1","createdAt":"2026-02-17T20:00:26.240Z","updatedBy":"eBT9qSrxquPVguazo7MwJzzaf2p1","updatedAt":"2026-02-17T20:05:38.116Z","name":"LHSG120 GLIDER AREA120","dataIngestion":true,"type":21,"icaoClass":8,"activity":0,"onDemand":false,"onRequest":false,"byNotam":false,"specialAgreement":false,"requestCompliance":false,"country":"HU","upperLimit":{"value":4500,"unit":1,"referenceDatum":1},"lowerLimit":{"value":3500,"unit":1,"referenceDatum":1},"hoursOfOperation":{"operatingHours":[{"dayOfWeek":0,"startTime":"00:00","endTime":"00:00","byNotam":false,"sunrise":false,"sunset":false,"publicHolidaysExcluded":false},{"dayOfWeek":1,"startTime":"00:00","endTime":"00:00","byNotam":false,"sunrise":false,"sunset":false,"publicHolidaysExcluded":false},{"dayOfWeek":2,"startTime":"00:00","endTime":"00:00","byNotam":false,"sunrise":false,"sunset":false,"publicHolidaysExcluded":false},{"dayOfWeek":3,"startTime":"00:00","endTime":"00:00","byNotam":false,"sunrise":false,"sunset":false,"publicHolidaysExcluded":false},{"dayOfWeek":4,"startTime":"00:00","endTime":"00:00","byNotam":false,"sunrise":false,"sunset":false,"publicHolidaysExcluded":false},{"dayOfWeek":5,"startTime":"00:00","endTime":"00:00","byNotam":false,"sunrise":false,"sunset":false,"publicHolidaysExcluded":false},{"dayOfWeek":6,"startTime":"00:00","endTime":"00:00","byNotam":false,"sunrise":false,"sunset":false,"publicHolidaysExcluded":false}]},"deletable":true},"geometry":{"type":"Polygon","coordinates":[[[18.91722,47.56528],[18.88583,47.54194],[18.805,47.52417],[18.91944,47.45389],[18.97778,47.47944],[19.00806,47.46972],[19.015,47.4925],[18.9975,47.51583],[18.91722,47.56528]]]}}, {"type":"Feature","id":147,"properties":{"_id":"6994c8da2a624140943f6a52","createdBy":"eBT9qSrxquPVguazo7MwJzzaf2p1","createdAt":"2026-02-17T20:00:26.248Z","updatedBy":"eBT9qSrxquPVguazo7MwJzzaf2p1","updatedAt":"2026-02-17T20:05:38.262Z","name":"LHSG121 GLIDER AREA121","dataIngestion":true,"type":21,"icaoClass":8,"activity":0,"onDemand":false,"onRequest":false,"byNotam":false,"specialAgreement":false,"requestCompliance":false,"country":"HU","upperLimit":{"value":5500,"unit":1,"referenceDatum":1},"lowerLimit":{"value":3500,"unit":1,"referenceDatum":1},"hoursOfOperation":{"operatingHours":[{"dayOfWeek":0,"startTime":"00:00","endTime":"00:00","byNotam":false,"sunrise":false,"sunset":false,"publicHolidaysExcluded":false},{"dayOfWeek":1,"startTime":"00:00","endTime":"00:00","byNotam":false,"sunrise":false,"sunset":false,"publicHolidaysExcluded":false},{"dayOfWeek":2,"startTime":"00:00","endTime":"00:00","byNotam":false,"sunrise":false,"sunset":false,"publicHolidaysExcluded":false},{"dayOfWeek":3,"startTime":"00:00","endTime":"00:00","byNotam":false,"sunrise":false,"sunset":false,"publicHolidaysExcluded":false},{"dayOfWeek":4,"startTime":"00:00","endTime":"00:00","byNotam":false,"sunrise":false,"sunset":false,"publicHolidaysExcluded":false},{"dayOfWeek":5,"startTime":"00:00","endTime":"00:00","byNotam":false,"sunrise":false,"sunset":false,"publicHolidaysExcluded":false},{"dayOfWeek":6,"startTime":"00:00","endTime":"00:00","byNotam":false,"sunrise":false,"sunset":false,"publicHolidaysExcluded":false}]},"deletable":true},"geometry":{"type":"Polygon","coordinates":[[[18.805,47.52417],[18.71806,47.505],[18.92861,47.37556],[18.98306,47.41528],[18.91944,47.45389],[18.805,47.52417]]]}}, {"type":"Feature","id":148,"properties":{"_id":"6994c8da2a624140943f6a55","createdBy":"eBT9qSrxquPVguazo7MwJzzaf2p1","createdAt":"2026-02-17T20:00:26.258Z","updatedBy":"eBT9qSrxquPVguazo7MwJzzaf2p1","updatedAt":"2026-02-17T20:05:38.373Z","name":"LHSG122 GLIDER AREA122","dataIngestion":true,"type":21,"icaoClass":8,"activity":0,"onDemand":false,"onRequest":false,"byNotam":false,"specialAgreement":false,"requestCompliance":false,"country":"HU","upperLimit":{"value":6500,"unit":1,"referenceDatum":1},"lowerLimit":{"value":3500,"unit":1,"referenceDatum":1},"hoursOfOperation":{"operatingHours":[{"dayOfWeek":0,"startTime":"00:00","endTime":"00:00","byNotam":false,"sunrise":false,"sunset":false,"publicHolidaysExcluded":false},{"dayOfWeek":1,"startTime":"00:00","endTime":"00:00","byNotam":false,"sunrise":false,"sunset":false,"publicHolidaysExcluded":false},{"dayOfWeek":2,"startTime":"00:00","endTime":"00:00","byNotam":false,"sunrise":false,"sunset":false,"publicHolidaysExcluded":false},{"dayOfWeek":3,"startTime":"00:00","endTime":"00:00","byNotam":false,"sunrise":false,"sunset":false,"publicHolidaysExcluded":false},{"dayOfWeek":4,"startTime":"00:00","endTime":"00:00","byNotam":false,"sunrise":false,"sunset":false,"publicHolidaysExcluded":false},{"dayOfWeek":5,"startTime":"00:00","endTime":"00:00","byNotam":false,"sunrise":false,"sunset":false,"publicHolidaysExcluded":false},{"dayOfWeek":6,"startTime":"00:00","endTime":"00:00","byNotam":false,"sunrise":false,"sunset":false,"publicHolidaysExcluded":false}]},"deletable":true},"geometry":{"type":"Polygon","coordinates":[[[18.65778,47.54194],[18.53778,47.49889],[18.65778,47.42528],[18.69444,47.4025],[18.84139,47.31222],[18.92861,47.37556],[18.65778,47.54194]]]}}, {"type":"Feature","id":149,"properties":{"_id":"6994c8da2a624140943f6a58","createdBy":"eBT9qSrxquPVguazo7MwJzzaf2p1","createdAt":"2026-02-17T20:00:26.267Z","updatedBy":"eBT9qSrxquPVguazo7MwJzzaf2p1","updatedAt":"2026-02-17T20:05:38.477Z","name":"LHSG123/S GLIDER AREA123/S","dataIngestion":true,"type":21,"icaoClass":8,"activity":0,"onDemand":false,"onRequest":false,"byNotam":false,"specialAgreement":false,"requestCompliance":false,"country":"HU","upperLimit":{"value":6500,"unit":1,"referenceDatum":1},"lowerLimit":{"value":5500,"unit":1,"referenceDatum":1},"hoursOfOperation":{"operatingHours":[{"dayOfWeek":0,"startTime":"00:00","endTime":"00:00","byNotam":false,"sunrise":false,"sunset":false,"publicHolidaysExcluded":false},{"dayOfWeek":1,"startTime":"00:00","endTime":"00:00","byNotam":false,"sunrise":false,"sunset":false,"publicHolidaysExcluded":false},{"dayOfWeek":2,"startTime":"00:00","endTime":"00:00","byNotam":false,"sunrise":false,"sunset":false,"publicHolidaysExcluded":false},{"dayOfWeek":3,"startTime":"00:00","endTime":"00:00","byNotam":false,"sunrise":false,"sunset":false,"publicHolidaysExcluded":false},{"dayOfWeek":4,"startTime":"00:00","endTime":"00:00","byNotam":false,"sunrise":false,"sunset":false,"publicHolidaysExcluded":false},{"dayOfWeek":5,"startTime":"00:00","endTime":"00:00","byNotam":false,"sunrise":false,"sunset":false,"publicHolidaysExcluded":false},{"dayOfWeek":6,"startTime":"00:00","endTime":"00:00","byNotam":false,"sunrise":false,"sunset":false,"publicHolidaysExcluded":false}]},"deletable":true},"geometry":{"type":"Polygon","coordinates":[[[18.53778,47.49889],[18.46833,47.47417],[18.82639,47.25417],[18.84139,47.31222],[18.69444,47.4025],[18.65778,47.42528],[18.53778,47.49889]]]}}, {"type":"Feature","id":150,"properties":{"_id":"6994c8da2a624140943f6a5b","createdBy":"eBT9qSrxquPVguazo7MwJzzaf2p1","createdAt":"2026-02-17T20:00:26.276Z","updatedBy":"eBT9qSrxquPVguazo7MwJzzaf2p1","updatedAt":"2026-02-17T20:05:38.601Z","name":"LHSG123/V GLIDER AREA123/V","dataIngestion":true,"type":21,"icaoClass":8,"activity":0,"onDemand":false,"onRequest":false,"byNotam":false,"specialAgreement":false,"requestCompliance":false,"country":"HU","upperLimit":{"value":6500,"unit":1,"referenceDatum":1},"lowerLimit":{"value":5500,"unit":1,"referenceDatum":1},"hoursOfOperation":{"operatingHours":[{"dayOfWeek":0,"startTime":"00:00","endTime":"00:00","byNotam":false,"sunrise":false,"sunset":false,"publicHolidaysExcluded":false},{"dayOfWeek":1,"startTime":"00:00","endTime":"00:00","byNotam":false,"sunrise":false,"sunset":false,"publicHolidaysExcluded":false},{"dayOfWeek":2,"startTime":"00:00","endTime":"00:00","byNotam":false,"sunrise":false,"sunset":false,"publicHolidaysExcluded":false},{"dayOfWeek":3,"startTime":"00:00","endTime":"00:00","byNotam":false,"sunrise":false,"sunset":false,"publicHolidaysExcluded":false},{"dayOfWeek":4,"startTime":"00:00","endTime":"00:00","byNotam":false,"sunrise":false,"sunset":false,"publicHolidaysExcluded":false},{"dayOfWeek":5,"startTime":"00:00","endTime":"00:00","byNotam":false,"sunrise":false,"sunset":false,"publicHolidaysExcluded":false},{"dayOfWeek":6,"startTime":"00:00","endTime":"00:00","byNotam":false,"sunrise":false,"sunset":false,"publicHolidaysExcluded":false}]},"deletable":true},"geometry":{"type":"Polygon","coordinates":[[[18.53778,47.49889],[18.46833,47.47417],[18.82639,47.25417],[18.84139,47.31222],[18.69444,47.4025],[18.65778,47.42528],[18.53778,47.49889]]]}}, {"type":"Feature","id":151,"properties":{"_id":"6994c8da2a624140943f6a5e","createdBy":"eBT9qSrxquPVguazo7MwJzzaf2p1","createdAt":"2026-02-17T20:00:26.285Z","updatedBy":"eBT9qSrxquPVguazo7MwJzzaf2p1","updatedAt":"2026-02-17T20:05:38.698Z","name":"LHSG124/S GLIDER AREA124/S","dataIngestion":true,"type":21,"icaoClass":8,"activity":0,"onDemand":false,"onRequest":false,"byNotam":false,"specialAgreement":false,"requestCompliance":false,"country":"HU","upperLimit":{"value":7500,"unit":1,"referenceDatum":1},"lowerLimit":{"value":5500,"unit":1,"referenceDatum":1},"hoursOfOperation":{"operatingHours":[{"dayOfWeek":0,"startTime":"00:00","endTime":"00:00","byNotam":false,"sunrise":false,"sunset":false,"publicHolidaysExcluded":false},{"dayOfWeek":1,"startTime":"00:00","endTime":"00:00","byNotam":false,"sunrise":false,"sunset":false,"publicHolidaysExcluded":false},{"dayOfWeek":2,"startTime":"00:00","endTime":"00:00","byNotam":false,"sunrise":false,"sunset":false,"publicHolidaysExcluded":false},{"dayOfWeek":3,"startTime":"00:00","endTime":"00:00","byNotam":false,"sunrise":false,"sunset":false,"publicHolidaysExcluded":false},{"dayOfWeek":4,"startTime":"00:00","endTime":"00:00","byNotam":false,"sunrise":false,"sunset":false,"publicHolidaysExcluded":false},{"dayOfWeek":5,"startTime":"00:00","endTime":"00:00","byNotam":false,"sunrise":false,"sunset":false,"publicHolidaysExcluded":false},{"dayOfWeek":6,"startTime":"00:00","endTime":"00:00","byNotam":false,"sunrise":false,"sunset":false,"publicHolidaysExcluded":false}]},"deletable":true},"geometry":{"type":"Polygon","coordinates":[[[18.46833,47.47417],[18.27833,47.40583],[18.29556,47.33639],[18.90583,46.95722],[18.82639,47.25417],[18.46833,47.47417]]]}}, {"type":"Feature","id":152,"properties":{"_id":"6994c8da2a624140943f6a61","createdBy":"eBT9qSrxquPVguazo7MwJzzaf2p1","createdAt":"2026-02-17T20:00:26.296Z","updatedBy":"eBT9qSrxquPVguazo7MwJzzaf2p1","updatedAt":"2026-02-17T20:05:38.799Z","name":"LHSG124/V GLIDER AREA124/V","dataIngestion":true,"type":21,"icaoClass":8,"activity":0,"onDemand":false,"onRequest":false,"byNotam":false,"specialAgreement":false,"requestCompliance":false,"country":"HU","upperLimit":{"value":7500,"unit":1,"referenceDatum":1},"lowerLimit":{"value":5500,"unit":1,"referenceDatum":1},"hoursOfOperation":{"operatingHours":[{"dayOfWeek":0,"startTime":"00:00","endTime":"00:00","byNotam":false,"sunrise":false,"sunset":false,"publicHolidaysExcluded":false},{"dayOfWeek":1,"startTime":"00:00","endTime":"00:00","byNotam":false,"sunrise":false,"sunset":false,"publicHolidaysExcluded":false},{"dayOfWeek":2,"startTime":"00:00","endTime":"00:00","byNotam":false,"sunrise":false,"sunset":false,"publicHolidaysExcluded":false},{"dayOfWeek":3,"startTime":"00:00","endTime":"00:00","byNotam":false,"sunrise":false,"sunset":false,"publicHolidaysExcluded":false},{"dayOfWeek":4,"startTime":"00:00","endTime":"00:00","byNotam":false,"sunrise":false,"sunset":false,"publicHolidaysExcluded":false},{"dayOfWeek":5,"startTime":"00:00","endTime":"00:00","byNotam":false,"sunrise":false,"sunset":false,"publicHolidaysExcluded":false},{"dayOfWeek":6,"startTime":"00:00","endTime":"00:00","byNotam":false,"sunrise":false,"sunset":false,"publicHolidaysExcluded":false}]},"deletable":true},"geometry":{"type":"Polygon","coordinates":[[[18.46833,47.47417],[18.27833,47.40583],[18.29556,47.33639],[18.90583,46.95722],[18.82639,47.25417],[18.46833,47.47417]]]}}, {"type":"Feature","id":153,"properties":{"_id":"6994c8da2a624140943f6a64","createdBy":"eBT9qSrxquPVguazo7MwJzzaf2p1","createdAt":"2026-02-17T20:00:26.306Z","updatedBy":"eBT9qSrxquPVguazo7MwJzzaf2p1","updatedAt":"2026-02-17T20:05:38.925Z","name":"LHSG130 GLIDER AREA130","dataIngestion":true,"type":21,"icaoClass":8,"activity":0,"onDemand":false,"onRequest":false,"byNotam":false,"specialAgreement":false,"requestCompliance":false,"country":"HU","upperLimit":{"value":285,"unit":6,"referenceDatum":2},"lowerLimit":{"value":3500,"unit":1,"referenceDatum":1},"hoursOfOperation":{"operatingHours":[{"dayOfWeek":0,"startTime":"00:00","endTime":"00:00","byNotam":false,"sunrise":false,"sunset":false,"publicHolidaysExcluded":false},{"dayOfWeek":1,"startTime":"00:00","endTime":"00:00","byNotam":false,"sunrise":false,"sunset":false,"publicHolidaysExcluded":false},{"dayOfWeek":2,"startTime":"00:00","endTime":"00:00","byNotam":false,"sunrise":false,"sunset":false,"publicHolidaysExcluded":false},{"dayOfWeek":3,"startTime":"00:00","endTime":"00:00","byNotam":false,"sunrise":false,"sunset":false,"publicHolidaysExcluded":false},{"dayOfWeek":4,"startTime":"00:00","endTime":"00:00","byNotam":false,"sunrise":false,"sunset":false,"publicHolidaysExcluded":false},{"dayOfWeek":5,"startTime":"00:00","endTime":"00:00","byNotam":false,"sunrise":false,"sunset":false,"publicHolidaysExcluded":false},{"dayOfWeek":6,"startTime":"00:00","endTime":"00:00","byNotam":false,"sunrise":false,"sunset":false,"publicHolidaysExcluded":false}]},"deletable":true},"geometry":{"type":"Polygon","coordinates":[[[19.19806,47.84333],[18.99417,47.76222],[19.05444,47.64083],[19.24972,47.71833],[19.19806,47.84333]]]}}, {"type":"Feature","id":154,"properties":{"_id":"6994c8da2a624140943f6a67","createdBy":"eBT9qSrxquPVguazo7MwJzzaf2p1","createdAt":"2026-02-17T20:00:26.318Z","updatedBy":"eBT9qSrxquPVguazo7MwJzzaf2p1","updatedAt":"2026-02-17T20:05:39.022Z","name":"LHSG131 GLIDER AREA131","dataIngestion":true,"type":21,"icaoClass":8,"activity":0,"onDemand":false,"onRequest":false,"byNotam":false,"specialAgreement":false,"requestCompliance":false,"country":"HU","upperLimit":{"value":285,"unit":6,"referenceDatum":2},"lowerLimit":{"value":3500,"unit":1,"referenceDatum":1},"hoursOfOperation":{"operatingHours":[{"dayOfWeek":0,"startTime":"00:00","endTime":"00:00","byNotam":false,"sunrise":false,"sunset":false,"publicHolidaysExcluded":false},{"dayOfWeek":1,"startTime":"00:00","endTime":"00:00","byNotam":false,"sunrise":false,"sunset":false,"publicHolidaysExcluded":false},{"dayOfWeek":2,"startTime":"00:00","endTime":"00:00","byNotam":false,"sunrise":false,"sunset":false,"publicHolidaysExcluded":false},{"dayOfWeek":3,"startTime":"00:00","endTime":"00:00","byNotam":false,"sunrise":false,"sunset":false,"publicHolidaysExcluded":false},{"dayOfWeek":4,"startTime":"00:00","endTime":"00:00","byNotam":false,"sunrise":false,"sunset":false,"publicHolidaysExcluded":false},{"dayOfWeek":5,"startTime":"00:00","endTime":"00:00","byNotam":false,"sunrise":false,"sunset":false,"publicHolidaysExcluded":false},{"dayOfWeek":6,"startTime":"00:00","endTime":"00:00","byNotam":false,"sunrise":false,"sunset":false,"publicHolidaysExcluded":false}]},"deletable":true},"geometry":{"type":"Polygon","coordinates":[[[19.13333,48],[18.93333,47.88333],[18.99417,47.76222],[19.19806,47.84333],[19.13333,48]]]}}, {"type":"Feature","id":155,"properties":{"_id":"6994c8da2a624140943f6a6a","createdBy":"eBT9qSrxquPVguazo7MwJzzaf2p1","createdAt":"2026-02-17T20:00:26.327Z","updatedBy":"eBT9qSrxquPVguazo7MwJzzaf2p1","updatedAt":"2026-02-17T20:05:39.125Z","name":"LHSG132 GLIDER AREA132","dataIngestion":true,"type":21,"icaoClass":8,"activity":0,"onDemand":false,"onRequest":false,"byNotam":false,"specialAgreement":false,"requestCompliance":false,"country":"HU","upperLimit":{"value":285,"unit":6,"referenceDatum":2},"lowerLimit":{"value":3500,"unit":1,"referenceDatum":1},"hoursOfOperation":{"operatingHours":[{"dayOfWeek":0,"startTime":"00:00","endTime":"00:00","byNotam":false,"sunrise":false,"sunset":false,"publicHolidaysExcluded":false},{"dayOfWeek":1,"startTime":"00:00","endTime":"00:00","byNotam":false,"sunrise":false,"sunset":false,"publicHolidaysExcluded":false},{"dayOfWeek":2,"startTime":"00:00","endTime":"00:00","byNotam":false,"sunrise":false,"sunset":false,"publicHolidaysExcluded":false},{"dayOfWeek":3,"startTime":"00:00","endTime":"00:00","byNotam":false,"sunrise":false,"sunset":false,"publicHolidaysExcluded":false},{"dayOfWeek":4,"startTime":"00:00","endTime":"00:00","byNotam":false,"sunrise":false,"sunset":false,"publicHolidaysExcluded":false},{"dayOfWeek":5,"startTime":"00:00","endTime":"00:00","byNotam":false,"sunrise":false,"sunset":false,"publicHolidaysExcluded":false},{"dayOfWeek":6,"startTime":"00:00","endTime":"00:00","byNotam":false,"sunrise":false,"sunset":false,"publicHolidaysExcluded":false}]},"deletable":true},"geometry":{"type":"Polygon","coordinates":[[[19.24972,47.71833],[19.05444,47.64083],[19.12778,47.61278],[19.24972,47.71833]]]}}, {"type":"Feature","id":156,"properties":{"_id":"6994c8da2a624140943f6a6d","createdBy":"eBT9qSrxquPVguazo7MwJzzaf2p1","createdAt":"2026-02-17T20:00:26.336Z","updatedBy":"eBT9qSrxquPVguazo7MwJzzaf2p1","updatedAt":"2026-02-17T20:05:39.235Z","name":"LHSG141 GLIDER AREA141","dataIngestion":true,"type":21,"icaoClass":8,"activity":0,"onDemand":false,"onRequest":false,"byNotam":false,"specialAgreement":false,"requestCompliance":false,"country":"HU","upperLimit":{"value":7500,"unit":1,"referenceDatum":1},"lowerLimit":{"value":5500,"unit":1,"referenceDatum":1},"hoursOfOperation":{"operatingHours":[{"dayOfWeek":0,"startTime":"00:00","endTime":"00:00","byNotam":false,"sunrise":false,"sunset":false,"publicHolidaysExcluded":false},{"dayOfWeek":1,"startTime":"00:00","endTime":"00:00","byNotam":false,"sunrise":false,"sunset":false,"publicHolidaysExcluded":false},{"dayOfWeek":2,"startTime":"00:00","endTime":"00:00","byNotam":false,"sunrise":false,"sunset":false,"publicHolidaysExcluded":false},{"dayOfWeek":3,"startTime":"00:00","endTime":"00:00","byNotam":false,"sunrise":false,"sunset":false,"publicHolidaysExcluded":false},{"dayOfWeek":4,"startTime":"00:00","endTime":"00:00","byNotam":false,"sunrise":false,"sunset":false,"publicHolidaysExcluded":false},{"dayOfWeek":5,"startTime":"00:00","endTime":"00:00","byNotam":false,"sunrise":false,"sunset":false,"publicHolidaysExcluded":false},{"dayOfWeek":6,"startTime":"00:00","endTime":"00:00","byNotam":false,"sunrise":false,"sunset":false,"publicHolidaysExcluded":false}]},"deletable":true},"geometry":{"type":"Polygon","coordinates":[[[18.82639,47.25417],[18.90583,46.95722],[19.00861,46.89361],[19.19861,47.01778],[18.82639,47.25417]]]}}, {"type":"Feature","id":157,"properties":{"_id":"6994c8da2a624140943f6a70","createdBy":"eBT9qSrxquPVguazo7MwJzzaf2p1","createdAt":"2026-02-17T20:00:26.345Z","updatedBy":"eBT9qSrxquPVguazo7MwJzzaf2p1","updatedAt":"2026-02-17T20:05:40.050Z","name":"LHSG142/A GLIDER AREA142/A","dataIngestion":true,"type":21,"icaoClass":8,"activity":0,"onDemand":false,"onRequest":false,"byNotam":false,"specialAgreement":false,"requestCompliance":false,"country":"HU","upperLimit":{"value":5500,"unit":1,"referenceDatum":1},"lowerLimit":{"value":4000,"unit":1,"referenceDatum":1},"hoursOfOperation":{"operatingHours":[{"dayOfWeek":0,"startTime":"00:00","endTime":"00:00","byNotam":false,"sunrise":false,"sunset":false,"publicHolidaysExcluded":false},{"dayOfWeek":1,"startTime":"00:00","endTime":"00:00","byNotam":false,"sunrise":false,"sunset":false,"publicHolidaysExcluded":false},{"dayOfWeek":2,"startTime":"00:00","endTime":"00:00","byNotam":false,"sunrise":false,"sunset":false,"publicHolidaysExcluded":false},{"dayOfWeek":3,"startTime":"00:00","endTime":"00:00","byNotam":false,"sunrise":false,"sunset":false,"publicHolidaysExcluded":false},{"dayOfWeek":4,"startTime":"00:00","endTime":"00:00","byNotam":false,"sunrise":false,"sunset":false,"publicHolidaysExcluded":false},{"dayOfWeek":5,"startTime":"00:00","endTime":"00:00","byNotam":false,"sunrise":false,"sunset":false,"publicHolidaysExcluded":false},{"dayOfWeek":6,"startTime":"00:00","endTime":"00:00","byNotam":false,"sunrise":false,"sunset":false,"publicHolidaysExcluded":false}]},"deletable":true},"geometry":{"type":"Polygon","coordinates":[[[19.19861,47.01778],[19.00861,46.89361],[19.39694,46.80528],[19.49306,46.82083],[19.19861,47.01778]]]}}, {"type":"Feature","id":158,"properties":{"_id":"6994c8da2a624140943f6a73","createdBy":"eBT9qSrxquPVguazo7MwJzzaf2p1","createdAt":"2026-02-17T20:00:26.353Z","updatedBy":"eBT9qSrxquPVguazo7MwJzzaf2p1","updatedAt":"2026-02-17T20:05:40.155Z","name":"LHSG142/B GLIDER AREA142/B","dataIngestion":true,"type":21,"icaoClass":8,"activity":0,"onDemand":false,"onRequest":false,"byNotam":false,"specialAgreement":false,"requestCompliance":false,"country":"HU","upperLimit":{"value":7500,"unit":1,"referenceDatum":1},"lowerLimit":{"value":5500,"unit":1,"referenceDatum":1},"hoursOfOperation":{"operatingHours":[{"dayOfWeek":0,"startTime":"00:00","endTime":"00:00","byNotam":false,"sunrise":false,"sunset":false,"publicHolidaysExcluded":false},{"dayOfWeek":1,"startTime":"00:00","endTime":"00:00","byNotam":false,"sunrise":false,"sunset":false,"publicHolidaysExcluded":false},{"dayOfWeek":2,"startTime":"00:00","endTime":"00:00","byNotam":false,"sunrise":false,"sunset":false,"publicHolidaysExcluded":false},{"dayOfWeek":3,"startTime":"00:00","endTime":"00:00","byNotam":false,"sunrise":false,"sunset":false,"publicHolidaysExcluded":false},{"dayOfWeek":4,"startTime":"00:00","endTime":"00:00","byNotam":false,"sunrise":false,"sunset":false,"publicHolidaysExcluded":false},{"dayOfWeek":5,"startTime":"00:00","endTime":"00:00","byNotam":false,"sunrise":false,"sunset":false,"publicHolidaysExcluded":false},{"dayOfWeek":6,"startTime":"00:00","endTime":"00:00","byNotam":false,"sunrise":false,"sunset":false,"publicHolidaysExcluded":false}]},"deletable":true},"geometry":{"type":"Polygon","coordinates":[[[19.19861,47.01778],[19.00861,46.89361],[19.39694,46.80528],[19.49306,46.82083],[19.19861,47.01778]]]}}, {"type":"Feature","id":159,"properties":{"_id":"6994c8da2a624140943f6a76","createdBy":"eBT9qSrxquPVguazo7MwJzzaf2p1","createdAt":"2026-02-17T20:00:26.362Z","updatedBy":"eBT9qSrxquPVguazo7MwJzzaf2p1","updatedAt":"2026-02-17T20:05:40.261Z","name":"LHSG143 GLIDER AREA143","dataIngestion":true,"type":21,"icaoClass":8,"activity":0,"onDemand":false,"onRequest":false,"byNotam":false,"specialAgreement":false,"requestCompliance":false,"country":"HU","upperLimit":{"value":7500,"unit":1,"referenceDatum":1},"lowerLimit":{"value":4000,"unit":1,"referenceDatum":1},"hoursOfOperation":{"operatingHours":[{"dayOfWeek":0,"startTime":"00:00","endTime":"00:00","byNotam":false,"sunrise":false,"sunset":false,"publicHolidaysExcluded":false},{"dayOfWeek":1,"startTime":"00:00","endTime":"00:00","byNotam":false,"sunrise":false,"sunset":false,"publicHolidaysExcluded":false},{"dayOfWeek":2,"startTime":"00:00","endTime":"00:00","byNotam":false,"sunrise":false,"sunset":false,"publicHolidaysExcluded":false},{"dayOfWeek":3,"startTime":"00:00","endTime":"00:00","byNotam":false,"sunrise":false,"sunset":false,"publicHolidaysExcluded":false},{"dayOfWeek":4,"startTime":"00:00","endTime":"00:00","byNotam":false,"sunrise":false,"sunset":false,"publicHolidaysExcluded":false},{"dayOfWeek":5,"startTime":"00:00","endTime":"00:00","byNotam":false,"sunrise":false,"sunset":false,"publicHolidaysExcluded":false},{"dayOfWeek":6,"startTime":"00:00","endTime":"00:00","byNotam":false,"sunrise":false,"sunset":false,"publicHolidaysExcluded":false}]},"deletable":true},"geometry":{"type":"Polygon","coordinates":[[[19.00861,46.89361],[19.37028,46.66583],[19.49306,46.82083],[19.39694,46.80528],[19.00861,46.89361]]]}}, {"type":"Feature","id":160,"properties":{"_id":"6994c8da2a624140943f6a79","createdBy":"eBT9qSrxquPVguazo7MwJzzaf2p1","createdAt":"2026-02-17T20:00:26.371Z","updatedBy":"eBT9qSrxquPVguazo7MwJzzaf2p1","updatedAt":"2026-02-17T20:05:40.981Z","name":"LHSG144 GLIDER AREA144","dataIngestion":true,"type":21,"icaoClass":8,"activity":0,"onDemand":false,"onRequest":false,"byNotam":false,"specialAgreement":false,"requestCompliance":false,"country":"HU","upperLimit":{"value":7500,"unit":1,"referenceDatum":1},"lowerLimit":{"value":4000,"unit":1,"referenceDatum":1},"hoursOfOperation":{"operatingHours":[{"dayOfWeek":0,"startTime":"00:00","endTime":"00:00","byNotam":false,"sunrise":false,"sunset":false,"publicHolidaysExcluded":false},{"dayOfWeek":1,"startTime":"00:00","endTime":"00:00","byNotam":false,"sunrise":false,"sunset":false,"publicHolidaysExcluded":false},{"dayOfWeek":2,"startTime":"00:00","endTime":"00:00","byNotam":false,"sunrise":false,"sunset":false,"publicHolidaysExcluded":false},{"dayOfWeek":3,"startTime":"00:00","endTime":"00:00","byNotam":false,"sunrise":false,"sunset":false,"publicHolidaysExcluded":false},{"dayOfWeek":4,"startTime":"00:00","endTime":"00:00","byNotam":false,"sunrise":false,"sunset":false,"publicHolidaysExcluded":false},{"dayOfWeek":5,"startTime":"00:00","endTime":"00:00","byNotam":false,"sunrise":false,"sunset":false,"publicHolidaysExcluded":false},{"dayOfWeek":6,"startTime":"00:00","endTime":"00:00","byNotam":false,"sunrise":false,"sunset":false,"publicHolidaysExcluded":false}]},"deletable":true},"geometry":{"type":"Polygon","coordinates":[[[19.49306,46.82083],[19.37028,46.66583],[19.80944,46.60917],[19.49306,46.82083]]]}}, {"type":"Feature","id":161,"properties":{"_id":"6994c8d92a624140943f69c8","createdBy":"eBT9qSrxquPVguazo7MwJzzaf2p1","createdAt":"2026-02-17T20:00:25.918Z","updatedBy":"eBT9qSrxquPVguazo7MwJzzaf2p1","updatedAt":"2026-02-17T20:05:35.041Z","name":"LHTRA11A PAPA ALPHA","dataIngestion":true,"type":8,"icaoClass":8,"activity":0,"onDemand":false,"onRequest":false,"byNotam":false,"specialAgreement":false,"requestCompliance":false,"country":"HU","upperLimit":{"value":125,"unit":6,"referenceDatum":2},"lowerLimit":{"value":0,"unit":1,"referenceDatum":0},"hoursOfOperation":{"operatingHours":[{"dayOfWeek":0,"startTime":"00:00","endTime":"00:00","byNotam":false,"sunrise":false,"sunset":false,"publicHolidaysExcluded":false},{"dayOfWeek":1,"startTime":"00:00","endTime":"00:00","byNotam":false,"sunrise":false,"sunset":false,"publicHolidaysExcluded":false},{"dayOfWeek":2,"startTime":"00:00","endTime":"00:00","byNotam":false,"sunrise":false,"sunset":false,"publicHolidaysExcluded":false},{"dayOfWeek":3,"startTime":"00:00","endTime":"00:00","byNotam":false,"sunrise":false,"sunset":false,"publicHolidaysExcluded":false},{"dayOfWeek":4,"startTime":"00:00","endTime":"00:00","byNotam":false,"sunrise":false,"sunset":false,"publicHolidaysExcluded":false},{"dayOfWeek":5,"startTime":"00:00","endTime":"00:00","byNotam":false,"sunrise":false,"sunset":false,"publicHolidaysExcluded":false},{"dayOfWeek":6,"startTime":"00:00","endTime":"00:00","byNotam":false,"sunrise":false,"sunset":false,"publicHolidaysExcluded":false}]},"deletable":true},"geometry":{"type":"Polygon","coordinates":[[[17.8375,47.49972],[17.98333,47.21639],[18.25194,47.22528],[18.25806,47.49972],[17.8375,47.49972]]]}}, {"type":"Feature","id":162,"properties":{"_id":"6994c8d92a624140943f69cb","createdBy":"eBT9qSrxquPVguazo7MwJzzaf2p1","createdAt":"2026-02-17T20:00:25.929Z","updatedBy":"eBT9qSrxquPVguazo7MwJzzaf2p1","updatedAt":"2026-02-17T20:05:35.140Z","name":"LHTRA11B PAPA BRAVO","dataIngestion":true,"type":8,"icaoClass":8,"activity":0,"onDemand":false,"onRequest":false,"byNotam":false,"specialAgreement":false,"requestCompliance":false,"country":"HU","upperLimit":{"value":9500,"unit":1,"referenceDatum":1},"lowerLimit":{"value":4000,"unit":1,"referenceDatum":1},"hoursOfOperation":{"operatingHours":[{"dayOfWeek":0,"startTime":"00:00","endTime":"00:00","byNotam":false,"sunrise":false,"sunset":false,"publicHolidaysExcluded":false},{"dayOfWeek":1,"startTime":"00:00","endTime":"00:00","byNotam":false,"sunrise":false,"sunset":false,"publicHolidaysExcluded":false},{"dayOfWeek":2,"startTime":"00:00","endTime":"00:00","byNotam":false,"sunrise":false,"sunset":false,"publicHolidaysExcluded":false},{"dayOfWeek":3,"startTime":"00:00","endTime":"00:00","byNotam":false,"sunrise":false,"sunset":false,"publicHolidaysExcluded":false},{"dayOfWeek":4,"startTime":"00:00","endTime":"00:00","byNotam":false,"sunrise":false,"sunset":false,"publicHolidaysExcluded":false},{"dayOfWeek":5,"startTime":"00:00","endTime":"00:00","byNotam":false,"sunrise":false,"sunset":false,"publicHolidaysExcluded":false},{"dayOfWeek":6,"startTime":"00:00","endTime":"00:00","byNotam":false,"sunrise":false,"sunset":false,"publicHolidaysExcluded":false}]},"deletable":true},"geometry":{"type":"Polygon","coordinates":[[[17.98333,47.21639],[17.72639,47.11278],[17.85972,46.92472],[18.24917,47.03667],[18.25194,47.22528],[17.98333,47.21639]]]}}, {"type":"Feature","id":163,"properties":{"_id":"6994c8d92a624140943f69ce","createdBy":"eBT9qSrxquPVguazo7MwJzzaf2p1","createdAt":"2026-02-17T20:00:25.939Z","updatedBy":"eBT9qSrxquPVguazo7MwJzzaf2p1","updatedAt":"2026-02-17T20:05:35.241Z","name":"LHTRA11C PAPA CHARLIE","dataIngestion":true,"type":8,"icaoClass":8,"activity":0,"onDemand":false,"onRequest":false,"byNotam":false,"specialAgreement":false,"requestCompliance":false,"country":"HU","upperLimit":{"value":4000,"unit":1,"referenceDatum":1},"lowerLimit":{"value":0,"unit":1,"referenceDatum":0},"hoursOfOperation":{"operatingHours":[{"dayOfWeek":0,"startTime":"00:00","endTime":"00:00","byNotam":false,"sunrise":false,"sunset":false,"publicHolidaysExcluded":false},{"dayOfWeek":1,"startTime":"00:00","endTime":"00:00","byNotam":false,"sunrise":false,"sunset":false,"publicHolidaysExcluded":false},{"dayOfWeek":2,"startTime":"00:00","endTime":"00:00","byNotam":false,"sunrise":false,"sunset":false,"publicHolidaysExcluded":false},{"dayOfWeek":3,"startTime":"00:00","endTime":"00:00","byNotam":false,"sunrise":false,"sunset":false,"publicHolidaysExcluded":false},{"dayOfWeek":4,"startTime":"00:00","endTime":"00:00","byNotam":false,"sunrise":false,"sunset":false,"publicHolidaysExcluded":false},{"dayOfWeek":5,"startTime":"00:00","endTime":"00:00","byNotam":false,"sunrise":false,"sunset":false,"publicHolidaysExcluded":false},{"dayOfWeek":6,"startTime":"00:00","endTime":"00:00","byNotam":false,"sunrise":false,"sunset":false,"publicHolidaysExcluded":false}]},"deletable":true},"geometry":{"type":"Polygon","coordinates":[[[17.98333,47.21639],[17.72639,47.11278],[17.85972,46.92472],[18.24917,47.03667],[18.25194,47.22528],[17.98333,47.21639]]]}}, {"type":"Feature","id":164,"properties":{"_id":"6994c8d92a624140943f69d1","createdBy":"eBT9qSrxquPVguazo7MwJzzaf2p1","createdAt":"2026-02-17T20:00:25.951Z","updatedBy":"eBT9qSrxquPVguazo7MwJzzaf2p1","updatedAt":"2026-02-17T20:05:35.340Z","name":"LHTRA14A MEZO ALPHA","dataIngestion":true,"type":8,"icaoClass":8,"activity":0,"onDemand":false,"onRequest":false,"byNotam":false,"specialAgreement":false,"requestCompliance":false,"country":"HU","upperLimit":{"value":2000,"unit":1,"referenceDatum":1},"lowerLimit":{"value":0,"unit":1,"referenceDatum":0},"hoursOfOperation":{"operatingHours":[{"dayOfWeek":0,"startTime":"00:00","endTime":"00:00","byNotam":false,"sunrise":false,"sunset":false,"publicHolidaysExcluded":false},{"dayOfWeek":1,"startTime":"00:00","endTime":"00:00","byNotam":false,"sunrise":false,"sunset":false,"publicHolidaysExcluded":false},{"dayOfWeek":2,"startTime":"00:00","endTime":"00:00","byNotam":false,"sunrise":false,"sunset":false,"publicHolidaysExcluded":false},{"dayOfWeek":3,"startTime":"00:00","endTime":"00:00","byNotam":false,"sunrise":false,"sunset":false,"publicHolidaysExcluded":false},{"dayOfWeek":4,"startTime":"00:00","endTime":"00:00","byNotam":false,"sunrise":false,"sunset":false,"publicHolidaysExcluded":false},{"dayOfWeek":5,"startTime":"00:00","endTime":"00:00","byNotam":false,"sunrise":false,"sunset":false,"publicHolidaysExcluded":false},{"dayOfWeek":6,"startTime":"00:00","endTime":"00:00","byNotam":false,"sunrise":false,"sunset":false,"publicHolidaysExcluded":false}]},"deletable":true},"geometry":{"type":"Polygon","coordinates":[[[20.49139,47.30806],[20.42556,47.17917],[20.72056,47.10278],[20.75806,47.2125],[20.49139,47.30806]]]}}, {"type":"Feature","id":165,"properties":{"_id":"6994c8d92a624140943f69d4","createdBy":"eBT9qSrxquPVguazo7MwJzzaf2p1","createdAt":"2026-02-17T20:00:25.961Z","updatedBy":"eBT9qSrxquPVguazo7MwJzzaf2p1","updatedAt":"2026-02-17T20:05:35.440Z","name":"LHTRA14B MEZO BRAVO","dataIngestion":true,"type":8,"icaoClass":8,"activity":0,"onDemand":false,"onRequest":false,"byNotam":false,"specialAgreement":false,"requestCompliance":false,"country":"HU","upperLimit":{"value":2000,"unit":1,"referenceDatum":1},"lowerLimit":{"value":0,"unit":1,"referenceDatum":0},"hoursOfOperation":{"operatingHours":[{"dayOfWeek":0,"startTime":"00:00","endTime":"00:00","byNotam":false,"sunrise":false,"sunset":false,"publicHolidaysExcluded":false},{"dayOfWeek":1,"startTime":"00:00","endTime":"00:00","byNotam":false,"sunrise":false,"sunset":false,"publicHolidaysExcluded":false},{"dayOfWeek":2,"startTime":"00:00","endTime":"00:00","byNotam":false,"sunrise":false,"sunset":false,"publicHolidaysExcluded":false},{"dayOfWeek":3,"startTime":"00:00","endTime":"00:00","byNotam":false,"sunrise":false,"sunset":false,"publicHolidaysExcluded":false},{"dayOfWeek":4,"startTime":"00:00","endTime":"00:00","byNotam":false,"sunrise":false,"sunset":false,"publicHolidaysExcluded":false},{"dayOfWeek":5,"startTime":"00:00","endTime":"00:00","byNotam":false,"sunrise":false,"sunset":false,"publicHolidaysExcluded":false},{"dayOfWeek":6,"startTime":"00:00","endTime":"00:00","byNotam":false,"sunrise":false,"sunset":false,"publicHolidaysExcluded":false}]},"deletable":true},"geometry":{"type":"Polygon","coordinates":[[[20.42556,47.17917],[20.33556,47.00222],[20.66417,46.93694],[20.72056,47.10278],[20.42556,47.17917]]]}}, {"type":"Feature","id":166,"properties":{"_id":"6994c8d92a624140943f69d7","createdBy":"eBT9qSrxquPVguazo7MwJzzaf2p1","createdAt":"2026-02-17T20:00:25.979Z","updatedBy":"eBT9qSrxquPVguazo7MwJzzaf2p1","updatedAt":"2026-02-17T20:05:35.550Z","name":"LHTRA14C MEZO CHARLIE","dataIngestion":true,"type":8,"icaoClass":8,"activity":0,"onDemand":false,"onRequest":false,"byNotam":false,"specialAgreement":false,"requestCompliance":false,"country":"HU","upperLimit":{"value":2000,"unit":1,"referenceDatum":1},"lowerLimit":{"value":0,"unit":1,"referenceDatum":0},"hoursOfOperation":{"operatingHours":[{"dayOfWeek":0,"startTime":"00:00","endTime":"00:00","byNotam":false,"sunrise":false,"sunset":false,"publicHolidaysExcluded":false},{"dayOfWeek":1,"startTime":"00:00","endTime":"00:00","byNotam":false,"sunrise":false,"sunset":false,"publicHolidaysExcluded":false},{"dayOfWeek":2,"startTime":"00:00","endTime":"00:00","byNotam":false,"sunrise":false,"sunset":false,"publicHolidaysExcluded":false},{"dayOfWeek":3,"startTime":"00:00","endTime":"00:00","byNotam":false,"sunrise":false,"sunset":false,"publicHolidaysExcluded":false},{"dayOfWeek":4,"startTime":"00:00","endTime":"00:00","byNotam":false,"sunrise":false,"sunset":false,"publicHolidaysExcluded":false},{"dayOfWeek":5,"startTime":"00:00","endTime":"00:00","byNotam":false,"sunrise":false,"sunset":false,"publicHolidaysExcluded":false},{"dayOfWeek":6,"startTime":"00:00","endTime":"00:00","byNotam":false,"sunrise":false,"sunset":false,"publicHolidaysExcluded":false}]},"deletable":true},"geometry":{"type":"Polygon","coordinates":[[[20.33556,47.00222],[20.28417,46.90028],[20.62778,46.82861],[20.66417,46.93694],[20.33556,47.00222]]]}}, {"type":"Feature","id":167,"properties":{"_id":"6994c8d92a624140943f69da","createdBy":"eBT9qSrxquPVguazo7MwJzzaf2p1","createdAt":"2026-02-17T20:00:25.990Z","updatedBy":"eBT9qSrxquPVguazo7MwJzzaf2p1","updatedAt":"2026-02-17T20:05:35.677Z","name":"LHTRA16 ARPAD","dataIngestion":true,"type":8,"icaoClass":8,"activity":0,"onDemand":false,"onRequest":false,"byNotam":false,"specialAgreement":false,"requestCompliance":false,"country":"HU","upperLimit":{"value":115,"unit":6,"referenceDatum":2},"lowerLimit":{"value":0,"unit":1,"referenceDatum":0},"hoursOfOperation":{"operatingHours":[{"dayOfWeek":0,"startTime":"00:00","endTime":"00:00","byNotam":false,"sunrise":false,"sunset":false,"publicHolidaysExcluded":false},{"dayOfWeek":1,"startTime":"00:00","endTime":"00:00","byNotam":false,"sunrise":false,"sunset":false,"publicHolidaysExcluded":false},{"dayOfWeek":2,"startTime":"00:00","endTime":"00:00","byNotam":false,"sunrise":false,"sunset":false,"publicHolidaysExcluded":false},{"dayOfWeek":3,"startTime":"00:00","endTime":"00:00","byNotam":false,"sunrise":false,"sunset":false,"publicHolidaysExcluded":false},{"dayOfWeek":4,"startTime":"00:00","endTime":"00:00","byNotam":false,"sunrise":false,"sunset":false,"publicHolidaysExcluded":false},{"dayOfWeek":5,"startTime":"00:00","endTime":"00:00","byNotam":false,"sunrise":false,"sunset":false,"publicHolidaysExcluded":false},{"dayOfWeek":6,"startTime":"00:00","endTime":"00:00","byNotam":false,"sunrise":false,"sunset":false,"publicHolidaysExcluded":false}]},"deletable":true},"geometry":{"type":"Polygon","coordinates":[[[20.62778,46.82861],[20.39306,46.53417],[20.73278,46.49444],[20.89917,46.75139],[20.62778,46.82861]]]}}, {"type":"Feature","id":168,"properties":{"_id":"6994c8d92a624140943f69dd","createdBy":"eBT9qSrxquPVguazo7MwJzzaf2p1","createdAt":"2026-02-17T20:00:25.999Z","updatedBy":"eBT9qSrxquPVguazo7MwJzzaf2p1","updatedAt":"2026-02-17T20:05:35.759Z","name":"LHTRA21D WEST DELTA","dataIngestion":true,"type":8,"icaoClass":8,"activity":0,"onDemand":false,"onRequest":false,"byNotam":false,"specialAgreement":false,"requestCompliance":false,"country":"HU","upperLimit":{"value":9500,"unit":1,"referenceDatum":1},"lowerLimit":{"value":4000,"unit":1,"referenceDatum":1},"hoursOfOperation":{"operatingHours":[{"dayOfWeek":0,"startTime":"00:00","endTime":"00:00","byNotam":false,"sunrise":false,"sunset":false,"publicHolidaysExcluded":false},{"dayOfWeek":1,"startTime":"00:00","endTime":"00:00","byNotam":false,"sunrise":false,"sunset":false,"publicHolidaysExcluded":false},{"dayOfWeek":2,"startTime":"00:00","endTime":"00:00","byNotam":false,"sunrise":false,"sunset":false,"publicHolidaysExcluded":false},{"dayOfWeek":3,"startTime":"00:00","endTime":"00:00","byNotam":false,"sunrise":false,"sunset":false,"publicHolidaysExcluded":false},{"dayOfWeek":4,"startTime":"00:00","endTime":"00:00","byNotam":false,"sunrise":false,"sunset":false,"publicHolidaysExcluded":false},{"dayOfWeek":5,"startTime":"00:00","endTime":"00:00","byNotam":false,"sunrise":false,"sunset":false,"publicHolidaysExcluded":false},{"dayOfWeek":6,"startTime":"00:00","endTime":"00:00","byNotam":false,"sunrise":false,"sunset":false,"publicHolidaysExcluded":false}]},"deletable":true},"geometry":{"type":"Polygon","coordinates":[[[17.42361,46.44944],[17.02056,46.38222],[17.44583,46.07917],[17.88167,45.92472],[17.97806,46.24639],[17.42361,46.44944]]]}}, {"type":"Feature","id":169,"properties":{"_id":"6994c8da2a624140943f69e0","createdBy":"eBT9qSrxquPVguazo7MwJzzaf2p1","createdAt":"2026-02-17T20:00:26.009Z","updatedBy":"eBT9qSrxquPVguazo7MwJzzaf2p1","updatedAt":"2026-02-17T20:05:35.863Z","name":"LHTRA21E WEST ECHO","dataIngestion":true,"type":8,"icaoClass":8,"activity":0,"onDemand":false,"onRequest":false,"byNotam":false,"specialAgreement":false,"requestCompliance":false,"country":"HU","upperLimit":{"value":4000,"unit":1,"referenceDatum":1},"lowerLimit":{"value":0,"unit":1,"referenceDatum":0},"hoursOfOperation":{"operatingHours":[{"dayOfWeek":0,"startTime":"00:00","endTime":"00:00","byNotam":false,"sunrise":false,"sunset":false,"publicHolidaysExcluded":false},{"dayOfWeek":1,"startTime":"00:00","endTime":"00:00","byNotam":false,"sunrise":false,"sunset":false,"publicHolidaysExcluded":false},{"dayOfWeek":2,"startTime":"00:00","endTime":"00:00","byNotam":false,"sunrise":false,"sunset":false,"publicHolidaysExcluded":false},{"dayOfWeek":3,"startTime":"00:00","endTime":"00:00","byNotam":false,"sunrise":false,"sunset":false,"publicHolidaysExcluded":false},{"dayOfWeek":4,"startTime":"00:00","endTime":"00:00","byNotam":false,"sunrise":false,"sunset":false,"publicHolidaysExcluded":false},{"dayOfWeek":5,"startTime":"00:00","endTime":"00:00","byNotam":false,"sunrise":false,"sunset":false,"publicHolidaysExcluded":false},{"dayOfWeek":6,"startTime":"00:00","endTime":"00:00","byNotam":false,"sunrise":false,"sunset":false,"publicHolidaysExcluded":false}]},"deletable":true},"geometry":{"type":"Polygon","coordinates":[[[17.42361,46.44944],[17.02056,46.38222],[17.44583,46.07917],[17.88167,45.92472],[17.97806,46.24639],[17.42361,46.44944]]]}}, {"type":"Feature","id":170,"properties":{"_id":"6994c8da2a624140943f69e3","createdBy":"eBT9qSrxquPVguazo7MwJzzaf2p1","createdAt":"2026-02-17T20:00:26.019Z","updatedBy":"eBT9qSrxquPVguazo7MwJzzaf2p1","updatedAt":"2026-02-17T20:05:35.961Z","name":"LHTRA22F SOUTH FOXTROT","dataIngestion":true,"type":8,"icaoClass":8,"activity":0,"onDemand":false,"onRequest":false,"byNotam":false,"specialAgreement":false,"requestCompliance":false,"country":"HU","upperLimit":{"value":9500,"unit":1,"referenceDatum":1},"lowerLimit":{"value":4000,"unit":1,"referenceDatum":1},"hoursOfOperation":{"operatingHours":[{"dayOfWeek":0,"startTime":"00:00","endTime":"00:00","byNotam":false,"sunrise":false,"sunset":false,"publicHolidaysExcluded":false},{"dayOfWeek":1,"startTime":"00:00","endTime":"00:00","byNotam":false,"sunrise":false,"sunset":false,"publicHolidaysExcluded":false},{"dayOfWeek":2,"startTime":"00:00","endTime":"00:00","byNotam":false,"sunrise":false,"sunset":false,"publicHolidaysExcluded":false},{"dayOfWeek":3,"startTime":"00:00","endTime":"00:00","byNotam":false,"sunrise":false,"sunset":false,"publicHolidaysExcluded":false},{"dayOfWeek":4,"startTime":"00:00","endTime":"00:00","byNotam":false,"sunrise":false,"sunset":false,"publicHolidaysExcluded":false},{"dayOfWeek":5,"startTime":"00:00","endTime":"00:00","byNotam":false,"sunrise":false,"sunset":false,"publicHolidaysExcluded":false},{"dayOfWeek":6,"startTime":"00:00","endTime":"00:00","byNotam":false,"sunrise":false,"sunset":false,"publicHolidaysExcluded":false}]},"deletable":true},"geometry":{"type":"Polygon","coordinates":[[[19.19278,46.84611],[18.80306,46.73111],[19.19889,46.25333],[19.66444,46.36194],[19.19278,46.84611]]]}}, {"type":"Feature","id":171,"properties":{"_id":"6994c8da2a624140943f69e6","createdBy":"eBT9qSrxquPVguazo7MwJzzaf2p1","createdAt":"2026-02-17T20:00:26.028Z","updatedBy":"eBT9qSrxquPVguazo7MwJzzaf2p1","updatedAt":"2026-02-17T20:05:36.045Z","name":"LHTRA23D EAST DELTA","dataIngestion":true,"type":8,"icaoClass":8,"activity":0,"onDemand":false,"onRequest":false,"byNotam":false,"specialAgreement":false,"requestCompliance":false,"country":"HU","upperLimit":{"value":9500,"unit":1,"referenceDatum":1},"lowerLimit":{"value":4000,"unit":1,"referenceDatum":1},"hoursOfOperation":{"operatingHours":[{"dayOfWeek":0,"startTime":"00:00","endTime":"00:00","byNotam":false,"sunrise":false,"sunset":false,"publicHolidaysExcluded":false},{"dayOfWeek":1,"startTime":"00:00","endTime":"00:00","byNotam":false,"sunrise":false,"sunset":false,"publicHolidaysExcluded":false},{"dayOfWeek":2,"startTime":"00:00","endTime":"00:00","byNotam":false,"sunrise":false,"sunset":false,"publicHolidaysExcluded":false},{"dayOfWeek":3,"startTime":"00:00","endTime":"00:00","byNotam":false,"sunrise":false,"sunset":false,"publicHolidaysExcluded":false},{"dayOfWeek":4,"startTime":"00:00","endTime":"00:00","byNotam":false,"sunrise":false,"sunset":false,"publicHolidaysExcluded":false},{"dayOfWeek":5,"startTime":"00:00","endTime":"00:00","byNotam":false,"sunrise":false,"sunset":false,"publicHolidaysExcluded":false},{"dayOfWeek":6,"startTime":"00:00","endTime":"00:00","byNotam":false,"sunrise":false,"sunset":false,"publicHolidaysExcluded":false}]},"deletable":true},"geometry":{"type":"Polygon","coordinates":[[[20.42361,48.1875],[19.9375,47.96667],[20.13222,47.69028],[21.03694,47.38111],[21.3675,47.83833],[20.42361,48.1875]]]}}, {"type":"Feature","id":172,"properties":{"_id":"6994c8da2a624140943f69e9","createdBy":"eBT9qSrxquPVguazo7MwJzzaf2p1","createdAt":"2026-02-17T20:00:26.039Z","updatedBy":"eBT9qSrxquPVguazo7MwJzzaf2p1","updatedAt":"2026-02-17T20:05:36.141Z","name":"LHTRA23E EAST ECHO","dataIngestion":true,"type":8,"icaoClass":8,"activity":0,"onDemand":false,"onRequest":false,"byNotam":false,"specialAgreement":false,"requestCompliance":false,"country":"HU","upperLimit":{"value":4000,"unit":1,"referenceDatum":1},"lowerLimit":{"value":0,"unit":1,"referenceDatum":0},"hoursOfOperation":{"operatingHours":[{"dayOfWeek":0,"startTime":"00:00","endTime":"00:00","byNotam":false,"sunrise":false,"sunset":false,"publicHolidaysExcluded":false},{"dayOfWeek":1,"startTime":"00:00","endTime":"00:00","byNotam":false,"sunrise":false,"sunset":false,"publicHolidaysExcluded":false},{"dayOfWeek":2,"startTime":"00:00","endTime":"00:00","byNotam":false,"sunrise":false,"sunset":false,"publicHolidaysExcluded":false},{"dayOfWeek":3,"startTime":"00:00","endTime":"00:00","byNotam":false,"sunrise":false,"sunset":false,"publicHolidaysExcluded":false},{"dayOfWeek":4,"startTime":"00:00","endTime":"00:00","byNotam":false,"sunrise":false,"sunset":false,"publicHolidaysExcluded":false},{"dayOfWeek":5,"startTime":"00:00","endTime":"00:00","byNotam":false,"sunrise":false,"sunset":false,"publicHolidaysExcluded":false},{"dayOfWeek":6,"startTime":"00:00","endTime":"00:00","byNotam":false,"sunrise":false,"sunset":false,"publicHolidaysExcluded":false}]},"deletable":true},"geometry":{"type":"Polygon","coordinates":[[[20.42361,48.1875],[19.9375,47.96667],[20.13222,47.69028],[21.03694,47.38111],[21.3675,47.83833],[20.42361,48.1875]]]}}, {"type":"Feature","id":173,"properties":{"_id":"6994c8da2a624140943f69ec","createdBy":"eBT9qSrxquPVguazo7MwJzzaf2p1","createdAt":"2026-02-17T20:00:26.049Z","updatedBy":"eBT9qSrxquPVguazo7MwJzzaf2p1","updatedAt":"2026-02-17T20:05:36.276Z","name":"LHTRA51A KENYERI ALPHA","dataIngestion":true,"type":8,"icaoClass":8,"activity":0,"onDemand":false,"onRequest":false,"byNotam":false,"specialAgreement":false,"requestCompliance":false,"country":"HU","upperLimit":{"value":9500,"unit":1,"referenceDatum":1},"lowerLimit":{"value":0,"unit":1,"referenceDatum":0},"hoursOfOperation":{"operatingHours":[{"dayOfWeek":0,"startTime":"00:00","endTime":"00:00","byNotam":false,"sunrise":false,"sunset":false,"publicHolidaysExcluded":false},{"dayOfWeek":1,"startTime":"00:00","endTime":"00:00","byNotam":false,"sunrise":false,"sunset":false,"publicHolidaysExcluded":false},{"dayOfWeek":2,"startTime":"00:00","endTime":"00:00","byNotam":false,"sunrise":false,"sunset":false,"publicHolidaysExcluded":false},{"dayOfWeek":3,"startTime":"00:00","endTime":"00:00","byNotam":false,"sunrise":false,"sunset":false,"publicHolidaysExcluded":false},{"dayOfWeek":4,"startTime":"00:00","endTime":"00:00","byNotam":false,"sunrise":false,"sunset":false,"publicHolidaysExcluded":false},{"dayOfWeek":5,"startTime":"00:00","endTime":"00:00","byNotam":false,"sunrise":false,"sunset":false,"publicHolidaysExcluded":false},{"dayOfWeek":6,"startTime":"00:00","endTime":"00:00","byNotam":false,"sunrise":false,"sunset":false,"publicHolidaysExcluded":false}]},"deletable":true},"geometry":{"type":"Polygon","coordinates":[[[17.17806,47.52194],[17.04194,47.52278],[16.93056,47.48889],[17.18083,47.10917],[17.40361,47.17667],[17.17806,47.52194]]]}}, {"type":"Feature","id":174,"properties":{"_id":"6994c8da2a624140943f6aea","createdBy":"eBT9qSrxquPVguazo7MwJzzaf2p1","createdAt":"2026-02-17T20:00:26.851Z","updatedBy":"eBT9qSrxquPVguazo7MwJzzaf2p1","updatedAt":"2026-02-17T20:26:32.722Z","name":"LHUD1 SZEGED TIZ1","dataIngestion":true,"type":23,"icaoClass":6,"activity":0,"onDemand":false,"onRequest":false,"byNotam":false,"specialAgreement":false,"requestCompliance":false,"country":"HU","upperLimit":{"value":9500,"unit":1,"referenceDatum":1},"lowerLimit":{"value":0,"unit":1,"referenceDatum":0},"frequencies":[{"value":"122.810","primary":false,"unit":2,"name":"SZEGED INFORMATION","_id":"6994ce092a624140943fb85f"}],"hoursOfOperation":{"operatingHours":[{"dayOfWeek":0,"startTime":"00:00","endTime":"00:00","byNotam":false,"sunrise":false,"sunset":false,"publicHolidaysExcluded":false},{"dayOfWeek":1,"startTime":"00:00","endTime":"00:00","byNotam":false,"sunrise":false,"sunset":false,"publicHolidaysExcluded":false},{"dayOfWeek":2,"startTime":"00:00","endTime":"00:00","byNotam":false,"sunrise":false,"sunset":false,"publicHolidaysExcluded":false},{"dayOfWeek":3,"startTime":"00:00","endTime":"00:00","byNotam":false,"sunrise":false,"sunset":false,"publicHolidaysExcluded":false},{"dayOfWeek":4,"startTime":"00:00","endTime":"00:00","byNotam":false,"sunrise":false,"sunset":false,"publicHolidaysExcluded":false},{"dayOfWeek":5,"startTime":"00:00","endTime":"00:00","byNotam":false,"sunrise":false,"sunset":false,"publicHolidaysExcluded":false},{"dayOfWeek":6,"startTime":"00:00","endTime":"00:00","byNotam":false,"sunrise":false,"sunset":false,"publicHolidaysExcluded":false}]},"deletable":true},"geometry":{"type":"Polygon","coordinates":[[[20.30417,46.37417],[19.99972,46.39389],[19.9,46.36667],[19.90833,46.225],[19.93417,46.17583],[19.935,46.17611],[19.96667,46.17583],[20.01611,46.17667],[20.02306,46.17278],[20.03056,46.15028],[20.03278,46.14694],[20.035,46.14556],[20.03833,46.14444],[20.04306,46.14444],[20.04694,46.14528],[20.05333,46.14722],[20.05833,46.14833],[20.06167,46.14694],[20.06389,46.14417],[20.07,46.15167],[20.09472,46.17639],[20.10083,46.17694],[20.10361,46.17639],[20.10611,46.17472],[20.10667,46.17333],[20.10389,46.17167],[20.10472,46.165],[20.10694,46.1625],[20.12611,46.15222],[20.12694,46.1525],[20.13222,46.15028],[20.13472,46.1475],[20.13694,46.14722],[20.13667,46.145],[20.13778,46.14444],[20.14722,46.145],[20.16972,46.15306],[20.17944,46.1575],[20.18194,46.15972],[20.20806,46.14389],[20.21056,46.13528],[20.22944,46.12917],[20.23333,46.12389],[20.24806,46.12972],[20.25,46.1275],[20.25167,46.12639],[20.25139,46.12528],[20.24972,46.12333],[20.25028,46.12139],[20.24972,46.11972],[20.25167,46.11833],[20.25194,46.11722],[20.25333,46.11639],[20.25528,46.11611],[20.26306,46.12556],[20.26444,46.12639],[20.26667,46.12694],[20.27056,46.12722],[20.27167,46.1325],[20.27278,46.13222],[20.27389,46.13333],[20.27611,46.13389],[20.28333,46.14194],[20.29694,46.15222],[20.29917,46.15194],[20.30917,46.15639],[20.31278,46.15],[20.35528,46.16972],[20.36444,46.1575],[20.36583,46.15528],[20.36889,46.15278],[20.37306,46.155],[20.3775,46.15778],[20.38111,46.15778],[20.38639,46.15556],[20.39444,46.1525],[20.3975,46.15722],[20.40361,46.15806],[20.30417,46.37417]]]}}, {"type":"Feature","id":175,"properties":{"_id":"6994c8da2a624140943f6aee","createdBy":"eBT9qSrxquPVguazo7MwJzzaf2p1","createdAt":"2026-02-17T20:00:26.863Z","updatedBy":"eBT9qSrxquPVguazo7MwJzzaf2p1","updatedAt":"2026-02-17T20:26:32.753Z","name":"LHUD2 SZEGED TIZ2","dataIngestion":true,"type":23,"icaoClass":6,"activity":0,"onDemand":false,"onRequest":false,"byNotam":false,"specialAgreement":false,"requestCompliance":false,"country":"HU","upperLimit":{"value":9500,"unit":1,"referenceDatum":1},"lowerLimit":{"value":2000,"unit":1,"referenceDatum":1},"frequencies":[{"value":"122.810","primary":false,"unit":2,"name":"SZEGED INFORMATION","_id":"6994ceea2a624140943fc5a4"}],"hoursOfOperation":{"operatingHours":[{"dayOfWeek":0,"startTime":"00:00","endTime":"00:00","byNotam":false,"sunrise":false,"sunset":false,"publicHolidaysExcluded":false},{"dayOfWeek":1,"startTime":"00:00","endTime":"00:00","byNotam":false,"sunrise":false,"sunset":false,"publicHolidaysExcluded":false},{"dayOfWeek":2,"startTime":"00:00","endTime":"00:00","byNotam":false,"sunrise":false,"sunset":false,"publicHolidaysExcluded":false},{"dayOfWeek":3,"startTime":"00:00","endTime":"00:00","byNotam":false,"sunrise":false,"sunset":false,"publicHolidaysExcluded":false},{"dayOfWeek":4,"startTime":"00:00","endTime":"00:00","byNotam":false,"sunrise":false,"sunset":false,"publicHolidaysExcluded":false},{"dayOfWeek":5,"startTime":"00:00","endTime":"00:00","byNotam":false,"sunrise":false,"sunset":false,"publicHolidaysExcluded":false},{"dayOfWeek":6,"startTime":"00:00","endTime":"00:00","byNotam":false,"sunrise":false,"sunset":false,"publicHolidaysExcluded":false}]},"deletable":true},"geometry":{"type":"Polygon","coordinates":[[[19.82528,46.39833],[19.82139,46.13056],[19.84472,46.14194],[19.84944,46.14583],[19.85306,46.14972],[19.87389,46.15167],[19.89917,46.16028],[19.91556,46.16417],[19.92417,46.16806],[19.93528,46.17611],[19.97611,46.17611],[20.01611,46.17667],[20.02306,46.17306],[20.03167,46.14833],[20.03389,46.14611],[20.03722,46.14444],[20.04056,46.14444],[20.04722,46.14528],[20.05444,46.1475],[20.05861,46.14833],[20.06194,46.14694],[20.06389,46.14417],[20.06889,46.15028],[20.07889,46.16111],[20.09472,46.17639],[20.10028,46.17694],[20.10361,46.17639],[20.10583,46.175],[20.10667,46.17333],[20.10361,46.17167],[20.10472,46.16556],[20.10694,46.1625],[20.12611,46.15222],[20.1275,46.15222],[20.1325,46.15],[20.13472,46.14778],[20.13694,46.14722],[20.13722,46.14444],[20.14667,46.14472],[20.16778,46.1525],[20.17944,46.15722],[20.18194,46.16],[20.20778,46.14417],[20.21083,46.13528],[20.22972,46.12889],[20.23333,46.12361],[20.24833,46.12972],[20.25139,46.12639],[20.24972,46.12389],[20.24972,46.11972],[20.255,46.11583],[20.26278,46.12583],[20.26444,46.12639],[20.26528,46.125],[20.26306,46.12389],[20.26194,46.12194],[20.26194,46.12],[20.26361,46.11833],[20.26722,46.11722],[20.40361,46.15806],[20.26583,46.46194],[19.99722,46.54722],[19.82528,46.39833]]]}}, {"type":"Feature","id":176,"properties":{"_id":"6994c8d92a624140943f692b","createdBy":"eBT9qSrxquPVguazo7MwJzzaf2p1","createdAt":"2026-02-17T20:00:25.288Z","updatedBy":"eBT9qSrxquPVguazo7MwJzzaf2p1","updatedAt":"2026-02-17T20:05:29.912Z","name":"NYIREGYHAZA RMZ1","dataIngestion":true,"type":6,"icaoClass":6,"activity":0,"onDemand":false,"onRequest":false,"byNotam":false,"specialAgreement":false,"requestCompliance":false,"country":"HU","upperLimit":{"value":9500,"unit":1,"referenceDatum":1},"lowerLimit":{"value":0,"unit":1,"referenceDatum":0},"frequencies":[{"value":"119.410","primary":false,"unit":2,"name":"NYIREGYHAZA INFO","_id":"6994c8d92a624140943f692c"}],"hoursOfOperation":{"operatingHours":[{"dayOfWeek":0,"startTime":"00:00","endTime":"00:00","byNotam":false,"sunrise":false,"sunset":false,"publicHolidaysExcluded":false},{"dayOfWeek":1,"startTime":"00:00","endTime":"00:00","byNotam":false,"sunrise":false,"sunset":false,"publicHolidaysExcluded":false},{"dayOfWeek":2,"startTime":"00:00","endTime":"00:00","byNotam":false,"sunrise":false,"sunset":false,"publicHolidaysExcluded":false},{"dayOfWeek":3,"startTime":"00:00","endTime":"00:00","byNotam":false,"sunrise":false,"sunset":false,"publicHolidaysExcluded":false},{"dayOfWeek":4,"startTime":"00:00","endTime":"00:00","byNotam":false,"sunrise":false,"sunset":false,"publicHolidaysExcluded":false},{"dayOfWeek":5,"startTime":"00:00","endTime":"00:00","byNotam":false,"sunrise":false,"sunset":false,"publicHolidaysExcluded":false},{"dayOfWeek":6,"startTime":"00:00","endTime":"00:00","byNotam":false,"sunrise":false,"sunset":false,"publicHolidaysExcluded":false}]},"deletable":true},"geometry":{"type":"Polygon","coordinates":[[[21.68333,48.07216],[21.67066,48.07176],[21.66227,48.07105],[21.64986,48.06933],[21.64174,48.06775],[21.63379,48.06583],[21.62988,48.06475],[21.62223,48.06234],[21.6185,48.06102],[21.61123,48.05814],[21.60424,48.05496],[21.59757,48.05149],[21.59436,48.04965],[21.5882,48.04578],[21.58527,48.04375],[21.57968,48.0395],[21.57451,48.03503],[21.56978,48.03036],[21.56757,48.02795],[21.56352,48.02299],[21.55993,48.01787],[21.55683,48.01262],[21.55547,48.00994],[21.55313,48.00451],[21.55215,48.00177],[21.55058,47.99621],[21.54954,47.99061],[21.54922,47.98779],[21.54896,47.98214],[21.54924,47.9765],[21.55005,47.97087],[21.55066,47.96807],[21.55225,47.96253],[21.55324,47.95978],[21.55561,47.95436],[21.55848,47.94904],[21.56184,47.94386],[21.5637,47.94133],[21.56778,47.93638],[21.57231,47.93161],[21.57474,47.9293],[21.57991,47.92484],[21.5855,47.92061],[21.58844,47.91858],[21.59459,47.91472],[21.60109,47.91113],[21.60446,47.90943],[21.61144,47.90626],[21.6187,47.90339],[21.62621,47.90083],[21.63395,47.89859],[21.64188,47.89668],[21.64591,47.89585],[21.65407,47.89444],[21.66235,47.89339],[21.67071,47.89268],[21.67912,47.89233],[21.68754,47.89233],[21.69595,47.89268],[21.70847,47.89387],[21.71669,47.8951],[21.72478,47.89668],[21.73271,47.89859],[21.74045,47.90083],[21.74796,47.90339],[21.75522,47.90626],[21.75875,47.90781],[21.76557,47.91113],[21.77207,47.91472],[21.77822,47.91858],[21.784,47.9227],[21.78939,47.92705],[21.79435,47.93161],[21.79888,47.93638],[21.80098,47.93883],[21.80482,47.94386],[21.80818,47.94904],[21.81105,47.95436],[21.81342,47.95978],[21.81527,47.96529],[21.81661,47.97087],[21.81742,47.9765],[21.8177,47.98214],[21.81764,47.98497],[21.81712,47.99061],[21.81608,47.99621],[21.81451,48.00177],[21.81242,48.00724],[21.80983,48.01262],[21.80673,48.01787],[21.80315,48.02299],[21.79909,48.02795],[21.79689,48.03036],[21.79215,48.03503],[21.78698,48.0395],[21.7814,48.04375],[21.77543,48.04775],[21.7723,48.04965],[21.7658,48.05326],[21.75896,48.05658],[21.75183,48.05961],[21.74443,48.06234],[21.73678,48.06475],[21.73287,48.06583],[21.72492,48.06775],[21.7168,48.06933],[21.70855,48.07056],[21.7002,48.07145],[21.69178,48.07198],[21.68333,48.07216]]]}}, {"type":"Feature","id":177,"properties":{"_id":"6994c8d92a624140943f692f","createdBy":"eBT9qSrxquPVguazo7MwJzzaf2p1","createdAt":"2026-02-17T20:00:25.305Z","updatedBy":"eBT9qSrxquPVguazo7MwJzzaf2p1","updatedAt":"2026-02-17T20:05:30.020Z","name":"NYIREGYHAZA RMZ2","dataIngestion":true,"type":6,"icaoClass":6,"activity":0,"onDemand":false,"onRequest":false,"byNotam":false,"specialAgreement":false,"requestCompliance":false,"country":"HU","upperLimit":{"value":9500,"unit":1,"referenceDatum":1},"lowerLimit":{"value":0,"unit":1,"referenceDatum":0},"frequencies":[{"value":"119.410","primary":false,"unit":2,"name":"NYIREGYHAZA INFO","_id":"6994c8d92a624140943f6930"}],"hoursOfOperation":{"operatingHours":[{"dayOfWeek":0,"startTime":"00:00","endTime":"00:00","byNotam":false,"sunrise":false,"sunset":false,"publicHolidaysExcluded":false},{"dayOfWeek":1,"startTime":"00:00","endTime":"00:00","byNotam":false,"sunrise":false,"sunset":false,"publicHolidaysExcluded":false},{"dayOfWeek":2,"startTime":"00:00","endTime":"00:00","byNotam":false,"sunrise":false,"sunset":false,"publicHolidaysExcluded":false},{"dayOfWeek":3,"startTime":"00:00","endTime":"00:00","byNotam":false,"sunrise":false,"sunset":false,"publicHolidaysExcluded":false},{"dayOfWeek":4,"startTime":"00:00","endTime":"00:00","byNotam":false,"sunrise":false,"sunset":false,"publicHolidaysExcluded":false},{"dayOfWeek":5,"startTime":"00:00","endTime":"00:00","byNotam":false,"sunrise":false,"sunset":false,"publicHolidaysExcluded":false},{"dayOfWeek":6,"startTime":"00:00","endTime":"00:00","byNotam":false,"sunrise":false,"sunset":false,"publicHolidaysExcluded":false}]},"deletable":true},"geometry":{"type":"Polygon","coordinates":[[[21.62278,47.78833],[21.76667,47.775],[21.96667,47.96667],[21.84028,48.22194],[21.55,48.20556],[21.44167,48.15833],[21.3975,48.07861],[21.36944,47.96333],[21.56083,47.76639],[21.62278,47.78833]]]}}, {"type":"Feature","id":178,"properties":{"_id":"6994c8da2a624140943f6ace","createdBy":"eBT9qSrxquPVguazo7MwJzzaf2p1","createdAt":"2026-02-17T20:00:26.724Z","updatedBy":"eBT9qSrxquPVguazo7MwJzzaf2p1","updatedAt":"2026-02-17T20:05:43.658Z","name":"NYIREGYHAZA TIZ1","dataIngestion":true,"type":23,"icaoClass":6,"activity":0,"onDemand":false,"onRequest":false,"byNotam":false,"specialAgreement":false,"requestCompliance":false,"country":"HU","upperLimit":{"value":9500,"unit":1,"referenceDatum":1},"lowerLimit":{"value":0,"unit":1,"referenceDatum":0},"frequencies":[{"value":"119.410","primary":false,"unit":2,"name":"NYÍREGYHÁZA INFO","_id":"6994c8da2a624140943f6acf"}],"hoursOfOperation":{"operatingHours":[{"dayOfWeek":0,"startTime":"00:00","endTime":"00:00","byNotam":false,"sunrise":false,"sunset":false,"publicHolidaysExcluded":false},{"dayOfWeek":1,"startTime":"00:00","endTime":"00:00","byNotam":false,"sunrise":false,"sunset":false,"publicHolidaysExcluded":false},{"dayOfWeek":2,"startTime":"00:00","endTime":"00:00","byNotam":false,"sunrise":false,"sunset":false,"publicHolidaysExcluded":false},{"dayOfWeek":3,"startTime":"00:00","endTime":"00:00","byNotam":false,"sunrise":false,"sunset":false,"publicHolidaysExcluded":false},{"dayOfWeek":4,"startTime":"00:00","endTime":"00:00","byNotam":false,"sunrise":false,"sunset":false,"publicHolidaysExcluded":false},{"dayOfWeek":5,"startTime":"00:00","endTime":"00:00","byNotam":false,"sunrise":false,"sunset":false,"publicHolidaysExcluded":false},{"dayOfWeek":6,"startTime":"00:00","endTime":"00:00","byNotam":false,"sunrise":false,"sunset":false,"publicHolidaysExcluded":false}]},"deletable":true},"geometry":{"type":"Polygon","coordinates":[[[21.68333,48.07216],[21.67066,48.07176],[21.66227,48.07105],[21.64986,48.06933],[21.64174,48.06775],[21.63379,48.06583],[21.62988,48.06475],[21.62223,48.06234],[21.6185,48.06102],[21.61123,48.05814],[21.60424,48.05496],[21.59757,48.05149],[21.59436,48.04965],[21.5882,48.04578],[21.58527,48.04375],[21.57968,48.0395],[21.57451,48.03503],[21.56978,48.03036],[21.56757,48.02795],[21.56352,48.02299],[21.55993,48.01787],[21.55683,48.01262],[21.55547,48.00994],[21.55313,48.00451],[21.55215,48.00177],[21.55058,47.99621],[21.54954,47.99061],[21.54922,47.98779],[21.54896,47.98214],[21.54924,47.9765],[21.55005,47.97087],[21.55066,47.96807],[21.55225,47.96253],[21.55324,47.95978],[21.55561,47.95436],[21.55848,47.94904],[21.56184,47.94386],[21.5637,47.94133],[21.56778,47.93638],[21.57231,47.93161],[21.57474,47.9293],[21.57991,47.92484],[21.5855,47.92061],[21.58844,47.91858],[21.59459,47.91472],[21.60109,47.91113],[21.60446,47.90943],[21.61144,47.90626],[21.6187,47.90339],[21.62621,47.90083],[21.63395,47.89859],[21.64188,47.89668],[21.64591,47.89585],[21.65407,47.89444],[21.66235,47.89339],[21.67071,47.89268],[21.67912,47.89233],[21.68754,47.89233],[21.69595,47.89268],[21.70847,47.89387],[21.71669,47.8951],[21.72478,47.89668],[21.73271,47.89859],[21.74045,47.90083],[21.74796,47.90339],[21.75522,47.90626],[21.75875,47.90781],[21.76557,47.91113],[21.77207,47.91472],[21.77822,47.91858],[21.784,47.9227],[21.78939,47.92705],[21.79435,47.93161],[21.79888,47.93638],[21.80098,47.93883],[21.80482,47.94386],[21.80818,47.94904],[21.81105,47.95436],[21.81342,47.95978],[21.81527,47.96529],[21.81661,47.97087],[21.81742,47.9765],[21.8177,47.98214],[21.81764,47.98497],[21.81712,47.99061],[21.81608,47.99621],[21.81451,48.00177],[21.81242,48.00724],[21.80983,48.01262],[21.80673,48.01787],[21.80315,48.02299],[21.79909,48.02795],[21.79689,48.03036],[21.79215,48.03503],[21.78698,48.0395],[21.7814,48.04375],[21.77543,48.04775],[21.7723,48.04965],[21.7658,48.05326],[21.75896,48.05658],[21.75183,48.05961],[21.74443,48.06234],[21.73678,48.06475],[21.73287,48.06583],[21.72492,48.06775],[21.7168,48.06933],[21.70855,48.07056],[21.7002,48.07145],[21.69178,48.07198],[21.68333,48.07216]]]}}, {"type":"Feature","id":179,"properties":{"_id":"6994c8da2a624140943f6ad2","createdBy":"eBT9qSrxquPVguazo7MwJzzaf2p1","createdAt":"2026-02-17T20:00:26.747Z","updatedBy":"eBT9qSrxquPVguazo7MwJzzaf2p1","updatedAt":"2026-02-17T20:05:43.760Z","name":"NYIREGYHAZA TIZ2","dataIngestion":true,"type":23,"icaoClass":6,"activity":0,"onDemand":false,"onRequest":false,"byNotam":false,"specialAgreement":false,"requestCompliance":false,"country":"HU","upperLimit":{"value":9500,"unit":1,"referenceDatum":1},"lowerLimit":{"value":0,"unit":1,"referenceDatum":0},"frequencies":[{"value":"119.410","primary":false,"unit":2,"name":"NYÍREGYHÁZA INFO","_id":"6994c8da2a624140943f6ad3"}],"hoursOfOperation":{"operatingHours":[{"dayOfWeek":0,"startTime":"00:00","endTime":"00:00","byNotam":false,"sunrise":false,"sunset":false,"publicHolidaysExcluded":false},{"dayOfWeek":1,"startTime":"00:00","endTime":"00:00","byNotam":false,"sunrise":false,"sunset":false,"publicHolidaysExcluded":false},{"dayOfWeek":2,"startTime":"00:00","endTime":"00:00","byNotam":false,"sunrise":false,"sunset":false,"publicHolidaysExcluded":false},{"dayOfWeek":3,"startTime":"00:00","endTime":"00:00","byNotam":false,"sunrise":false,"sunset":false,"publicHolidaysExcluded":false},{"dayOfWeek":4,"startTime":"00:00","endTime":"00:00","byNotam":false,"sunrise":false,"sunset":false,"publicHolidaysExcluded":false},{"dayOfWeek":5,"startTime":"00:00","endTime":"00:00","byNotam":false,"sunrise":false,"sunset":false,"publicHolidaysExcluded":false},{"dayOfWeek":6,"startTime":"00:00","endTime":"00:00","byNotam":false,"sunrise":false,"sunset":false,"publicHolidaysExcluded":false}]},"deletable":true},"geometry":{"type":"Polygon","coordinates":[[[21.62278,47.78833],[21.76667,47.775],[21.96667,47.96667],[21.84028,48.22194],[21.55,48.20556],[21.44167,48.15833],[21.3975,48.07861],[21.36944,47.96333],[21.56083,47.76639],[21.62278,47.78833]]]}}, {"type":"Feature","id":180,"properties":{"_id":"6994c8d92a624140943f690b","createdBy":"eBT9qSrxquPVguazo7MwJzzaf2p1","createdAt":"2026-02-17T20:00:25.204Z","updatedBy":"eBT9qSrxquPVguazo7MwJzzaf2p1","updatedAt":"2026-02-17T20:05:29.172Z","name":"PAPA MCTR","dataIngestion":true,"type":36,"icaoClass":8,"activity":0,"onDemand":false,"onRequest":false,"byNotam":false,"specialAgreement":false,"requestCompliance":false,"country":"HU","upperLimit":{"value":4000,"unit":1,"referenceDatum":1},"lowerLimit":{"value":0,"unit":1,"referenceDatum":0},"frequencies":[{"value":"129.500","primary":false,"unit":2,"name":"PAPA TWR","_id":"6994c8d92a624140943f690c"}],"hoursOfOperation":{"operatingHours":[{"dayOfWeek":0,"startTime":"00:00","endTime":"00:00","byNotam":false,"sunrise":false,"sunset":false,"publicHolidaysExcluded":false},{"dayOfWeek":1,"startTime":"00:00","endTime":"00:00","byNotam":false,"sunrise":false,"sunset":false,"publicHolidaysExcluded":false},{"dayOfWeek":2,"startTime":"00:00","endTime":"00:00","byNotam":false,"sunrise":false,"sunset":false,"publicHolidaysExcluded":false},{"dayOfWeek":3,"startTime":"00:00","endTime":"00:00","byNotam":false,"sunrise":false,"sunset":false,"publicHolidaysExcluded":false},{"dayOfWeek":4,"startTime":"00:00","endTime":"00:00","byNotam":false,"sunrise":false,"sunset":false,"publicHolidaysExcluded":false},{"dayOfWeek":5,"startTime":"00:00","endTime":"00:00","byNotam":false,"sunrise":false,"sunset":false,"publicHolidaysExcluded":false},{"dayOfWeek":6,"startTime":"00:00","endTime":"00:00","byNotam":false,"sunrise":false,"sunset":false,"publicHolidaysExcluded":false}]},"deletable":true},"geometry":{"type":"Polygon","coordinates":[[[17.48167,47.59417],[17.29833,47.54972],[17.37889,47.39861],[17.37472,47.39111],[17.37139,47.38278],[17.36917,47.37417],[17.36861,47.37],[17.36833,47.36556],[17.36833,47.36111],[17.36861,47.35667],[17.37028,47.34806],[17.37306,47.33972],[17.375,47.33556],[17.37722,47.33139],[17.37972,47.32722],[17.3825,47.32333],[17.38861,47.31583],[17.39222,47.31194],[17.39611,47.30861],[17.40444,47.30194],[17.41389,47.29583],[17.41889,47.29306],[17.42389,47.29056],[17.42944,47.28806],[17.44056,47.28361],[17.52333,47.12722],[17.715,47.17472],[17.62583,47.33389],[17.63,47.34389],[17.63222,47.3525],[17.63278,47.35667],[17.63306,47.36111],[17.63306,47.36528],[17.63278,47.36972],[17.63222,47.37417],[17.63139,47.37833],[17.62861,47.38694],[17.62472,47.395],[17.62222,47.39917],[17.61667,47.40694],[17.61333,47.41056],[17.60611,47.41778],[17.59778,47.42444],[17.59333,47.4275],[17.58861,47.43028],[17.58389,47.43333],[17.57361,47.43833],[17.56806,47.44056],[17.48167,47.59417]]]}}, {"type":"Feature","id":181,"properties":{"_id":"6994c8d92a624140943f68fb","createdBy":"eBT9qSrxquPVguazo7MwJzzaf2p1","createdAt":"2026-02-17T20:00:25.153Z","updatedBy":"eBT9qSrxquPVguazo7MwJzzaf2p1","updatedAt":"2026-02-17T20:05:28.765Z","name":"PAPA MTMA","dataIngestion":true,"type":7,"icaoClass":8,"activity":0,"onDemand":false,"onRequest":false,"byNotam":false,"specialAgreement":false,"requestCompliance":false,"country":"HU","upperLimit":{"value":9500,"unit":1,"referenceDatum":1},"lowerLimit":{"value":2000,"unit":1,"referenceDatum":1},"frequencies":[{"value":"131.250","primary":false,"unit":2,"name":"PAPA APP","_id":"6994c8d92a624140943f68fc"}],"hoursOfOperation":{"operatingHours":[{"dayOfWeek":0,"startTime":"00:00","endTime":"00:00","byNotam":false,"sunrise":false,"sunset":false,"publicHolidaysExcluded":false},{"dayOfWeek":1,"startTime":"00:00","endTime":"00:00","byNotam":false,"sunrise":false,"sunset":false,"publicHolidaysExcluded":false},{"dayOfWeek":2,"startTime":"00:00","endTime":"00:00","byNotam":false,"sunrise":false,"sunset":false,"publicHolidaysExcluded":false},{"dayOfWeek":3,"startTime":"00:00","endTime":"00:00","byNotam":false,"sunrise":false,"sunset":false,"publicHolidaysExcluded":false},{"dayOfWeek":4,"startTime":"00:00","endTime":"00:00","byNotam":false,"sunrise":false,"sunset":false,"publicHolidaysExcluded":false},{"dayOfWeek":5,"startTime":"00:00","endTime":"00:00","byNotam":false,"sunrise":false,"sunset":false,"publicHolidaysExcluded":false},{"dayOfWeek":6,"startTime":"00:00","endTime":"00:00","byNotam":false,"sunrise":false,"sunset":false,"publicHolidaysExcluded":false}]},"deletable":true},"geometry":{"type":"Polygon","coordinates":[[[17.265,47.59972],[17.05111,47.48167],[17.28167,47.04139],[17.44444,46.99972],[17.98333,47.21639],[17.8375,47.49972],[17.69833,47.49972],[17.59833,47.59972],[17.265,47.59972]]]}}, {"type":"Feature","id":182,"properties":{"_id":"6994c8da2a624140943f6ad6","createdBy":"eBT9qSrxquPVguazo7MwJzzaf2p1","createdAt":"2026-02-17T20:00:26.759Z","updatedBy":"eBT9qSrxquPVguazo7MwJzzaf2p1","updatedAt":"2026-02-17T20:05:43.859Z","name":"PECS-POGANY TIZ","dataIngestion":true,"type":23,"icaoClass":6,"activity":0,"onDemand":false,"onRequest":false,"byNotam":false,"specialAgreement":false,"requestCompliance":false,"country":"HU","upperLimit":{"value":9500,"unit":1,"referenceDatum":1},"lowerLimit":{"value":0,"unit":1,"referenceDatum":0},"frequencies":[{"value":"126.915","primary":false,"unit":2,"name":"POGÁNY INFO","_id":"6994c8da2a624140943f6ad7"}],"hoursOfOperation":{"operatingHours":[{"dayOfWeek":0,"startTime":"00:00","endTime":"00:00","byNotam":false,"sunrise":false,"sunset":false,"publicHolidaysExcluded":false},{"dayOfWeek":1,"startTime":"00:00","endTime":"00:00","byNotam":false,"sunrise":false,"sunset":false,"publicHolidaysExcluded":false},{"dayOfWeek":2,"startTime":"00:00","endTime":"00:00","byNotam":false,"sunrise":false,"sunset":false,"publicHolidaysExcluded":false},{"dayOfWeek":3,"startTime":"00:00","endTime":"00:00","byNotam":false,"sunrise":false,"sunset":false,"publicHolidaysExcluded":false},{"dayOfWeek":4,"startTime":"00:00","endTime":"00:00","byNotam":false,"sunrise":false,"sunset":false,"publicHolidaysExcluded":false},{"dayOfWeek":5,"startTime":"00:00","endTime":"00:00","byNotam":false,"sunrise":false,"sunset":false,"publicHolidaysExcluded":false},{"dayOfWeek":6,"startTime":"00:00","endTime":"00:00","byNotam":false,"sunrise":false,"sunset":false,"publicHolidaysExcluded":false}]},"deletable":true},"geometry":{"type":"Polygon","coordinates":[[[18.25222,45.77056],[18.47222,45.85167],[18.365,46.21778],[18.31833,46.23389],[18.07333,46.14833],[17.99722,45.89639],[18.25222,45.77056]]]}}, {"type":"Feature","id":183,"properties":{"_id":"6994c8da2a624140943f6ae2","createdBy":"eBT9qSrxquPVguazo7MwJzzaf2p1","createdAt":"2026-02-17T20:00:26.793Z","updatedBy":"eBT9qSrxquPVguazo7MwJzzaf2p1","updatedAt":"2026-02-17T20:26:32.767Z","name":"PER TIZ","dataIngestion":true,"type":23,"icaoClass":6,"activity":0,"onDemand":false,"onRequest":false,"byNotam":false,"specialAgreement":false,"requestCompliance":false,"country":"HU","upperLimit":{"value":9500,"unit":1,"referenceDatum":1},"lowerLimit":{"value":0,"unit":1,"referenceDatum":0},"frequencies":[{"value":"129.910","primary":false,"unit":2,"name":"PER INFO","_id":"6994cbbb2a624140943fa6c9"}],"hoursOfOperation":{"operatingHours":[{"dayOfWeek":0,"startTime":"00:00","endTime":"00:00","byNotam":false,"sunrise":false,"sunset":false,"publicHolidaysExcluded":false},{"dayOfWeek":1,"startTime":"00:00","endTime":"00:00","byNotam":false,"sunrise":false,"sunset":false,"publicHolidaysExcluded":false},{"dayOfWeek":2,"startTime":"00:00","endTime":"00:00","byNotam":false,"sunrise":false,"sunset":false,"publicHolidaysExcluded":false},{"dayOfWeek":3,"startTime":"00:00","endTime":"00:00","byNotam":false,"sunrise":false,"sunset":false,"publicHolidaysExcluded":false},{"dayOfWeek":4,"startTime":"00:00","endTime":"00:00","byNotam":false,"sunrise":false,"sunset":false,"publicHolidaysExcluded":false},{"dayOfWeek":5,"startTime":"00:00","endTime":"00:00","byNotam":false,"sunrise":false,"sunset":false,"publicHolidaysExcluded":false},{"dayOfWeek":6,"startTime":"00:00","endTime":"00:00","byNotam":false,"sunrise":false,"sunset":false,"publicHolidaysExcluded":false}]},"deletable":true},"geometry":{"type":"Polygon","coordinates":[[[17.61361,47.81806],[17.5,47.74694],[17.48833,47.59972],[17.59833,47.59972],[17.69833,47.49972],[18.165,47.49972],[18.2575,47.58917],[18.25833,47.73861],[18.22667,47.74167],[18.21611,47.7425],[18.19639,47.74],[18.17694,47.74056],[18.16694,47.74222],[18.14806,47.74722],[18.13083,47.75028],[18.10944,47.75222],[18.08972,47.75639],[18.03333,47.75639],[18.02472,47.75417],[18.00722,47.74778],[17.99972,47.74722],[17.99306,47.74889],[17.98083,47.75528],[17.97417,47.75722],[17.96611,47.75611],[17.95667,47.75167],[17.95139,47.74722],[17.94306,47.74417],[17.93806,47.74389],[17.91778,47.74417],[17.91167,47.74306],[17.90389,47.74028],[17.89806,47.73917],[17.89083,47.74],[17.86806,47.74583],[17.86056,47.74528],[17.84167,47.74167],[17.83472,47.74111],[17.83,47.74028],[17.82333,47.74028],[17.81583,47.74306],[17.80722,47.74444],[17.8,47.74389],[17.79583,47.74167],[17.79028,47.74028],[17.78639,47.73944],[17.78083,47.73917],[17.77722,47.74028],[17.77417,47.74167],[17.77222,47.74472],[17.76556,47.74861],[17.75917,47.75],[17.74556,47.75028],[17.73333,47.75333],[17.7275,47.75417],[17.71917,47.75417],[17.7125,47.75528],[17.70778,47.75694],[17.70111,47.76278],[17.69611,47.76917],[17.69083,47.77361],[17.67944,47.77833],[17.66083,47.78917],[17.63917,47.79917],[17.62972,47.80444],[17.61361,47.81806]]]}}, {"type":"Feature","id":184,"properties":{"_id":"6994c8d92a624140943f6937","createdBy":"eBT9qSrxquPVguazo7MwJzzaf2p1","createdAt":"2026-02-17T20:00:25.331Z","updatedBy":"eBT9qSrxquPVguazo7MwJzzaf2p1","updatedAt":"2026-02-17T20:05:30.208Z","name":"SARMELLEK RMZ1","dataIngestion":true,"type":6,"icaoClass":6,"activity":0,"onDemand":false,"onRequest":false,"byNotam":false,"specialAgreement":false,"requestCompliance":false,"country":"HU","upperLimit":{"value":9500,"unit":1,"referenceDatum":1},"lowerLimit":{"value":0,"unit":1,"referenceDatum":0},"frequencies":[{"value":"134.585","primary":false,"unit":2,"name":"BALATON INFO","_id":"6994c8d92a624140943f6938"}],"hoursOfOperation":{"operatingHours":[{"dayOfWeek":0,"startTime":"00:00","endTime":"00:00","byNotam":false,"sunrise":false,"sunset":false,"publicHolidaysExcluded":false},{"dayOfWeek":1,"startTime":"00:00","endTime":"00:00","byNotam":false,"sunrise":false,"sunset":false,"publicHolidaysExcluded":false},{"dayOfWeek":2,"startTime":"00:00","endTime":"00:00","byNotam":false,"sunrise":false,"sunset":false,"publicHolidaysExcluded":false},{"dayOfWeek":3,"startTime":"00:00","endTime":"00:00","byNotam":false,"sunrise":false,"sunset":false,"publicHolidaysExcluded":false},{"dayOfWeek":4,"startTime":"00:00","endTime":"00:00","byNotam":false,"sunrise":false,"sunset":false,"publicHolidaysExcluded":false},{"dayOfWeek":5,"startTime":"00:00","endTime":"00:00","byNotam":false,"sunrise":false,"sunset":false,"publicHolidaysExcluded":false},{"dayOfWeek":6,"startTime":"00:00","endTime":"00:00","byNotam":false,"sunrise":false,"sunset":false,"publicHolidaysExcluded":false}]},"deletable":true},"geometry":{"type":"Polygon","coordinates":[[[17.07861,46.87556],[16.98528,46.83611],[17.10833,46.65528],[17.13111,46.44972],[17.29722,46.47972],[17.3175,46.54],[17.22528,46.67639],[17.21444,46.87583],[17.07861,46.87556]]]}}, {"type":"Feature","id":185,"properties":{"_id":"6994c8d92a624140943f693f","createdBy":"eBT9qSrxquPVguazo7MwJzzaf2p1","createdAt":"2026-02-17T20:00:25.352Z","updatedBy":"eBT9qSrxquPVguazo7MwJzzaf2p1","updatedAt":"2026-02-17T20:05:30.389Z","name":"SARMELLEK RMZ2","dataIngestion":true,"type":6,"icaoClass":6,"activity":0,"onDemand":false,"onRequest":false,"byNotam":false,"specialAgreement":false,"requestCompliance":false,"country":"HU","upperLimit":{"value":9500,"unit":1,"referenceDatum":1},"lowerLimit":{"value":2000,"unit":1,"referenceDatum":1},"frequencies":[{"value":"134.585","primary":false,"unit":2,"name":"BALATON INFO","_id":"6994c8d92a624140943f6940"}],"hoursOfOperation":{"operatingHours":[{"dayOfWeek":0,"startTime":"00:00","endTime":"00:00","byNotam":false,"sunrise":false,"sunset":false,"publicHolidaysExcluded":false},{"dayOfWeek":1,"startTime":"00:00","endTime":"00:00","byNotam":false,"sunrise":false,"sunset":false,"publicHolidaysExcluded":false},{"dayOfWeek":2,"startTime":"00:00","endTime":"00:00","byNotam":false,"sunrise":false,"sunset":false,"publicHolidaysExcluded":false},{"dayOfWeek":3,"startTime":"00:00","endTime":"00:00","byNotam":false,"sunrise":false,"sunset":false,"publicHolidaysExcluded":false},{"dayOfWeek":4,"startTime":"00:00","endTime":"00:00","byNotam":false,"sunrise":false,"sunset":false,"publicHolidaysExcluded":false},{"dayOfWeek":5,"startTime":"00:00","endTime":"00:00","byNotam":false,"sunrise":false,"sunset":false,"publicHolidaysExcluded":false},{"dayOfWeek":6,"startTime":"00:00","endTime":"00:00","byNotam":false,"sunrise":false,"sunset":false,"publicHolidaysExcluded":false}]},"deletable":true},"geometry":{"type":"Polygon","coordinates":[[[16.82,46.86972],[17.00861,46.4275],[17.29722,46.47972],[17.32889,46.57306],[17.21444,46.87583],[16.82,46.86972]]]}}, {"type":"Feature","id":186,"properties":{"_id":"6994c8da2a624140943f6ada","createdBy":"eBT9qSrxquPVguazo7MwJzzaf2p1","createdAt":"2026-02-17T20:00:26.770Z","updatedBy":"eBT9qSrxquPVguazo7MwJzzaf2p1","updatedAt":"2026-02-17T20:05:43.967Z","name":"SARMELLEK TIZ1","dataIngestion":true,"type":23,"icaoClass":6,"activity":0,"onDemand":false,"onRequest":false,"byNotam":false,"specialAgreement":false,"requestCompliance":false,"country":"HU","upperLimit":{"value":2000,"unit":1,"referenceDatum":1},"lowerLimit":{"value":0,"unit":1,"referenceDatum":0},"frequencies":[{"value":"134.585","primary":false,"unit":2,"name":"BALATON INFO","_id":"6994c8da2a624140943f6adb"}],"hoursOfOperation":{"operatingHours":[{"dayOfWeek":0,"startTime":"00:00","endTime":"00:00","byNotam":false,"sunrise":false,"sunset":false,"publicHolidaysExcluded":false},{"dayOfWeek":1,"startTime":"00:00","endTime":"00:00","byNotam":false,"sunrise":false,"sunset":false,"publicHolidaysExcluded":false},{"dayOfWeek":2,"startTime":"00:00","endTime":"00:00","byNotam":false,"sunrise":false,"sunset":false,"publicHolidaysExcluded":false},{"dayOfWeek":3,"startTime":"00:00","endTime":"00:00","byNotam":false,"sunrise":false,"sunset":false,"publicHolidaysExcluded":false},{"dayOfWeek":4,"startTime":"00:00","endTime":"00:00","byNotam":false,"sunrise":false,"sunset":false,"publicHolidaysExcluded":false},{"dayOfWeek":5,"startTime":"00:00","endTime":"00:00","byNotam":false,"sunrise":false,"sunset":false,"publicHolidaysExcluded":false},{"dayOfWeek":6,"startTime":"00:00","endTime":"00:00","byNotam":false,"sunrise":false,"sunset":false,"publicHolidaysExcluded":false}]},"deletable":true},"geometry":{"type":"Polygon","coordinates":[[[17.07861,46.87556],[16.98528,46.83611],[17.10833,46.65528],[17.13111,46.44972],[17.29722,46.47972],[17.3175,46.54],[17.22528,46.67639],[17.21444,46.87583],[17.07861,46.87556]]]}}, {"type":"Feature","id":187,"properties":{"_id":"6994c8da2a624140943f6ade","createdBy":"eBT9qSrxquPVguazo7MwJzzaf2p1","createdAt":"2026-02-17T20:00:26.782Z","updatedBy":"eBT9qSrxquPVguazo7MwJzzaf2p1","updatedAt":"2026-02-17T20:05:44.062Z","name":"SARMELLEK TIZ2","dataIngestion":true,"type":23,"icaoClass":6,"activity":0,"onDemand":false,"onRequest":false,"byNotam":false,"specialAgreement":false,"requestCompliance":false,"country":"HU","upperLimit":{"value":9500,"unit":1,"referenceDatum":1},"lowerLimit":{"value":2000,"unit":1,"referenceDatum":1},"frequencies":[{"value":"134.585","primary":false,"unit":2,"name":"BALATON INFO","_id":"6994c8da2a624140943f6adf"}],"hoursOfOperation":{"operatingHours":[{"dayOfWeek":0,"startTime":"00:00","endTime":"00:00","byNotam":false,"sunrise":false,"sunset":false,"publicHolidaysExcluded":false},{"dayOfWeek":1,"startTime":"00:00","endTime":"00:00","byNotam":false,"sunrise":false,"sunset":false,"publicHolidaysExcluded":false},{"dayOfWeek":2,"startTime":"00:00","endTime":"00:00","byNotam":false,"sunrise":false,"sunset":false,"publicHolidaysExcluded":false},{"dayOfWeek":3,"startTime":"00:00","endTime":"00:00","byNotam":false,"sunrise":false,"sunset":false,"publicHolidaysExcluded":false},{"dayOfWeek":4,"startTime":"00:00","endTime":"00:00","byNotam":false,"sunrise":false,"sunset":false,"publicHolidaysExcluded":false},{"dayOfWeek":5,"startTime":"00:00","endTime":"00:00","byNotam":false,"sunrise":false,"sunset":false,"publicHolidaysExcluded":false},{"dayOfWeek":6,"startTime":"00:00","endTime":"00:00","byNotam":false,"sunrise":false,"sunset":false,"publicHolidaysExcluded":false}]},"deletable":true},"geometry":{"type":"Polygon","coordinates":[[[16.82,46.86972],[17.00861,46.4275],[17.29722,46.47972],[17.32889,46.57306],[17.21444,46.87583],[16.82,46.86972]]]}}, {"type":"Feature","id":188,"properties":{"_id":"6994c8d92a624140943f6933","createdBy":"eBT9qSrxquPVguazo7MwJzzaf2p1","createdAt":"2026-02-17T20:00:25.317Z","updatedBy":"eBT9qSrxquPVguazo7MwJzzaf2p1","updatedAt":"2026-02-17T20:05:30.117Z","name":"SARMELLEK TMZ1","dataIngestion":true,"type":5,"icaoClass":6,"activity":0,"onDemand":false,"onRequest":false,"byNotam":false,"specialAgreement":false,"requestCompliance":false,"country":"HU","upperLimit":{"value":2000,"unit":1,"referenceDatum":1},"lowerLimit":{"value":0,"unit":1,"referenceDatum":0},"frequencies":[{"value":"134.585","primary":false,"unit":2,"name":"BALATON INFO","_id":"6994c8d92a624140943f6934"}],"hoursOfOperation":{"operatingHours":[{"dayOfWeek":0,"startTime":"00:00","endTime":"00:00","byNotam":false,"sunrise":false,"sunset":false,"publicHolidaysExcluded":false},{"dayOfWeek":1,"startTime":"00:00","endTime":"00:00","byNotam":false,"sunrise":false,"sunset":false,"publicHolidaysExcluded":false},{"dayOfWeek":2,"startTime":"00:00","endTime":"00:00","byNotam":false,"sunrise":false,"sunset":false,"publicHolidaysExcluded":false},{"dayOfWeek":3,"startTime":"00:00","endTime":"00:00","byNotam":false,"sunrise":false,"sunset":false,"publicHolidaysExcluded":false},{"dayOfWeek":4,"startTime":"00:00","endTime":"00:00","byNotam":false,"sunrise":false,"sunset":false,"publicHolidaysExcluded":false},{"dayOfWeek":5,"startTime":"00:00","endTime":"00:00","byNotam":false,"sunrise":false,"sunset":false,"publicHolidaysExcluded":false},{"dayOfWeek":6,"startTime":"00:00","endTime":"00:00","byNotam":false,"sunrise":false,"sunset":false,"publicHolidaysExcluded":false}]},"deletable":true},"geometry":{"type":"Polygon","coordinates":[[[17.07861,46.87556],[16.98528,46.83611],[17.10833,46.65528],[17.13111,46.44972],[17.29722,46.47972],[17.3175,46.54],[17.22528,46.67639],[17.21444,46.87583],[17.07861,46.87556]]]}}, {"type":"Feature","id":189,"properties":{"_id":"6994c8d92a624140943f693b","createdBy":"eBT9qSrxquPVguazo7MwJzzaf2p1","createdAt":"2026-02-17T20:00:25.342Z","updatedBy":"eBT9qSrxquPVguazo7MwJzzaf2p1","updatedAt":"2026-02-17T20:05:30.287Z","name":"SARMELLEK TMZ2","dataIngestion":true,"type":5,"icaoClass":6,"activity":0,"onDemand":false,"onRequest":false,"byNotam":false,"specialAgreement":false,"requestCompliance":false,"country":"HU","upperLimit":{"value":9500,"unit":1,"referenceDatum":1},"lowerLimit":{"value":2000,"unit":1,"referenceDatum":1},"frequencies":[{"value":"134.585","primary":false,"unit":2,"name":"BALATON INFO","_id":"6994c8d92a624140943f693c"}],"hoursOfOperation":{"operatingHours":[{"dayOfWeek":0,"startTime":"00:00","endTime":"00:00","byNotam":false,"sunrise":false,"sunset":false,"publicHolidaysExcluded":false},{"dayOfWeek":1,"startTime":"00:00","endTime":"00:00","byNotam":false,"sunrise":false,"sunset":false,"publicHolidaysExcluded":false},{"dayOfWeek":2,"startTime":"00:00","endTime":"00:00","byNotam":false,"sunrise":false,"sunset":false,"publicHolidaysExcluded":false},{"dayOfWeek":3,"startTime":"00:00","endTime":"00:00","byNotam":false,"sunrise":false,"sunset":false,"publicHolidaysExcluded":false},{"dayOfWeek":4,"startTime":"00:00","endTime":"00:00","byNotam":false,"sunrise":false,"sunset":false,"publicHolidaysExcluded":false},{"dayOfWeek":5,"startTime":"00:00","endTime":"00:00","byNotam":false,"sunrise":false,"sunset":false,"publicHolidaysExcluded":false},{"dayOfWeek":6,"startTime":"00:00","endTime":"00:00","byNotam":false,"sunrise":false,"sunset":false,"publicHolidaysExcluded":false}]},"deletable":true},"geometry":{"type":"Polygon","coordinates":[[[16.82,46.86972],[17.00861,46.4275],[17.29722,46.47972],[17.32889,46.57306],[17.21444,46.87583],[16.82,46.86972]]]}}, {"type":"Feature","id":190,"properties":{"_id":"6994c8d92a624140943f690f","createdBy":"eBT9qSrxquPVguazo7MwJzzaf2p1","createdAt":"2026-02-17T20:00:25.217Z","updatedBy":"eBT9qSrxquPVguazo7MwJzzaf2p1","updatedAt":"2026-02-17T20:05:29.267Z","name":"SZOLNOK MCTR","dataIngestion":true,"type":36,"icaoClass":8,"activity":0,"onDemand":false,"onRequest":false,"byNotam":false,"specialAgreement":false,"requestCompliance":false,"country":"HU","upperLimit":{"value":4000,"unit":1,"referenceDatum":1},"lowerLimit":{"value":0,"unit":1,"referenceDatum":0},"frequencies":[{"value":"130.250","primary":false,"unit":2,"name":"SZOLNOK TWR","_id":"6994c8d92a624140943f6910"}],"hoursOfOperation":{"operatingHours":[{"dayOfWeek":0,"startTime":"00:00","endTime":"00:00","byNotam":false,"sunrise":false,"sunset":false,"publicHolidaysExcluded":false},{"dayOfWeek":1,"startTime":"00:00","endTime":"00:00","byNotam":false,"sunrise":false,"sunset":false,"publicHolidaysExcluded":false},{"dayOfWeek":2,"startTime":"00:00","endTime":"00:00","byNotam":false,"sunrise":false,"sunset":false,"publicHolidaysExcluded":false},{"dayOfWeek":3,"startTime":"00:00","endTime":"00:00","byNotam":false,"sunrise":false,"sunset":false,"publicHolidaysExcluded":false},{"dayOfWeek":4,"startTime":"00:00","endTime":"00:00","byNotam":false,"sunrise":false,"sunset":false,"publicHolidaysExcluded":false},{"dayOfWeek":5,"startTime":"00:00","endTime":"00:00","byNotam":false,"sunrise":false,"sunset":false,"publicHolidaysExcluded":false},{"dayOfWeek":6,"startTime":"00:00","endTime":"00:00","byNotam":false,"sunrise":false,"sunset":false,"publicHolidaysExcluded":false}]},"deletable":true},"geometry":{"type":"Polygon","coordinates":[[[20.29528,47.34389],[20.02583,46.97861],[20.12444,46.93306],[20.28417,46.9],[20.49139,47.30806],[20.29528,47.34389]]]}}, {"type":"Feature","id":191,"properties":{"_id":"6994c8d92a624140943f68ff","createdBy":"eBT9qSrxquPVguazo7MwJzzaf2p1","createdAt":"2026-02-17T20:00:25.163Z","updatedBy":"eBT9qSrxquPVguazo7MwJzzaf2p1","updatedAt":"2026-02-17T20:05:28.869Z","name":"SZOLNOK MTMA/A","dataIngestion":true,"type":7,"icaoClass":8,"activity":0,"onDemand":false,"onRequest":false,"byNotam":false,"specialAgreement":false,"requestCompliance":false,"country":"HU","upperLimit":{"value":9500,"unit":1,"referenceDatum":1},"lowerLimit":{"value":2000,"unit":1,"referenceDatum":1},"frequencies":[{"value":"127.750","primary":false,"unit":2,"name":"SZOLNOK APP","_id":"6994c8d92a624140943f6900"}],"hoursOfOperation":{"operatingHours":[{"dayOfWeek":0,"startTime":"00:00","endTime":"00:00","byNotam":false,"sunrise":false,"sunset":false,"publicHolidaysExcluded":false},{"dayOfWeek":1,"startTime":"00:00","endTime":"00:00","byNotam":false,"sunrise":false,"sunset":false,"publicHolidaysExcluded":false},{"dayOfWeek":2,"startTime":"00:00","endTime":"00:00","byNotam":false,"sunrise":false,"sunset":false,"publicHolidaysExcluded":false},{"dayOfWeek":3,"startTime":"00:00","endTime":"00:00","byNotam":false,"sunrise":false,"sunset":false,"publicHolidaysExcluded":false},{"dayOfWeek":4,"startTime":"00:00","endTime":"00:00","byNotam":false,"sunrise":false,"sunset":false,"publicHolidaysExcluded":false},{"dayOfWeek":5,"startTime":"00:00","endTime":"00:00","byNotam":false,"sunrise":false,"sunset":false,"publicHolidaysExcluded":false},{"dayOfWeek":6,"startTime":"00:00","endTime":"00:00","byNotam":false,"sunrise":false,"sunset":false,"publicHolidaysExcluded":false}]},"deletable":true},"geometry":{"type":"Polygon","coordinates":[[[20.15278,47.37],[19.99806,47.20083],[20.01722,47.04639],[20.02583,46.97861],[20.12444,46.93306],[20.47,46.86167],[20.62778,46.82861],[20.75806,47.2125],[20.49139,47.30806],[20.15278,47.37]]]}}, {"type":"Feature","id":192,"properties":{"_id":"6994c8d92a624140943f6903","createdBy":"eBT9qSrxquPVguazo7MwJzzaf2p1","createdAt":"2026-02-17T20:00:25.176Z","updatedBy":"eBT9qSrxquPVguazo7MwJzzaf2p1","updatedAt":"2026-02-17T20:05:28.982Z","name":"SZOLNOK MTMA/B","dataIngestion":true,"type":7,"icaoClass":8,"activity":0,"onDemand":false,"onRequest":false,"byNotam":false,"specialAgreement":false,"requestCompliance":false,"country":"HU","upperLimit":{"value":9500,"unit":1,"referenceDatum":1},"lowerLimit":{"value":5500,"unit":1,"referenceDatum":1},"frequencies":[{"value":"127.750","primary":false,"unit":2,"name":"SZOLNOK APP","_id":"6994c8d92a624140943f6904"}],"hoursOfOperation":{"operatingHours":[{"dayOfWeek":0,"startTime":"00:00","endTime":"00:00","byNotam":false,"sunrise":false,"sunset":false,"publicHolidaysExcluded":false},{"dayOfWeek":1,"startTime":"00:00","endTime":"00:00","byNotam":false,"sunrise":false,"sunset":false,"publicHolidaysExcluded":false},{"dayOfWeek":2,"startTime":"00:00","endTime":"00:00","byNotam":false,"sunrise":false,"sunset":false,"publicHolidaysExcluded":false},{"dayOfWeek":3,"startTime":"00:00","endTime":"00:00","byNotam":false,"sunrise":false,"sunset":false,"publicHolidaysExcluded":false},{"dayOfWeek":4,"startTime":"00:00","endTime":"00:00","byNotam":false,"sunrise":false,"sunset":false,"publicHolidaysExcluded":false},{"dayOfWeek":5,"startTime":"00:00","endTime":"00:00","byNotam":false,"sunrise":false,"sunset":false,"publicHolidaysExcluded":false},{"dayOfWeek":6,"startTime":"00:00","endTime":"00:00","byNotam":false,"sunrise":false,"sunset":false,"publicHolidaysExcluded":false}]},"deletable":true},"geometry":{"type":"Polygon","coordinates":[[[20.15278,47.37],[19.99806,47.20083],[20.01722,47.04639],[20.02583,46.97861],[20.12444,46.93306],[20.47,46.86167],[20.62778,46.82861],[20.75806,47.2125],[20.49139,47.30806],[20.15278,47.37]]]}}]}